Unnamed: 0,text,sentiment,label,cleaned_text
0,"module , ek program hoti hai , jismen ya to source code ya machine language ke form men instructions nihit hote hain.
",neutral,1,module ek program hoti hai jismen ya to source code ya machine language ke form men instructions nihit hote hain
1,"aur hamne aume samood ke pas unke bhaee saleh ko paimbar banakar bheja to unhonne apni aum se kaha ae meri aum uda hi ki parastish karo uske siva koee tumhara mabood nahin usi ne tumko zamin ki mitti se paida kiya aur tumko usmen basaya to usse maphirat ki duaa mgon phir uski bargah men tauba karo beshak mera paravardigar har shash ke rib aur sabki sunta aur duaa ubool karta hai
",positive,2,aur hamne aume samood ke pas unke bhaee saleh ko paimbar banakar bheja to unhonne apni aum se kaha ae meri aum uda hi ki parastish karo uske siva koee tumhara mabood nahin usi ne tumko zamin ki mitti se paida kiya aur tumko usmen basaya to usse maphirat ki duaa mgon phir uski bargah men tauba karo beshak mera paravardigar har shash ke rib aur sabki sunta aur duaa ubool karta hai
2,"aur jab unhen yad dilaya jata hai , to ve yad nahin karte ,
",neutral,1,aur jab unhen yad dilaya jata hai to ve yad nahin karte
3,"tumhen २०११ ka ted prize mil gaya hai
",positive,2,tumhen ka ted prize mil gaya hai
4,"unhonne bad science karne ke lie ye delhi university ke kirorimal college chale ge jahan inhonne vijnjan graduate ki degree prapt ki.
",neutral,1,unhonne bad science karne ke lie ye delhi university ke kirorimal college chale ge jahan inhonne vijnjan graduate ki degree prapt ki
5,"phir hamne unhen bheja, taki maloom karen ki calculate the length se kisne yad rakha hai ki kitni avdhi tak ve rahe
",positive,2,phir hamne unhen bheja taki maloom karen ki calculate the length se kisne yad rakha hai ki kitni avdhi tak ve rahe
6,"kya aap vakee raddi men sare photos and videos khiskana chahte hain
",neutral,1,kya aap vakee raddi men sare photos and videos khiskana chahte hain
7,"malabar men khudaee ke kamron men rakhe hue bare-bare bartan mile hain jinme shav rakhe jate the.
",neutral,1,malabar men khudaee ke kamron men rakhe hue barebare bartan mile hain jinme shav rakhe jate the
8,"aur dharti ko ek samatal desolate maidan banakar chhorega
",negative,0,aur dharti ko ek samatal desolate maidan banakar chhorega
9,"mujhe dekhne ke lie jab aap ऑnlain ho dhanyvad!
",positive,2,mujhe dekhne ke lie jab aap nlain ho dhanyvad
10,"jo azasartapa un logon ke lie guidance v mercy hai
",positive,2,jo azasartapa un logon ke lie guidance v mercy hai
11,"france men is ek deed ki news bijli ki tarah phail jati hai aur people bhram se mut hokar pride mahsoos karte hain
",positive,2,france men is ek deed ki news bijli ki tarah phail jati hai aur people bhram se mut hokar pride mahsoos karte hain
12,"aapki refuse ko dekhne ke lie unhen permission mat den
",negative,0,aapki refuse ko dekhne ke lie unhen permission mat den
13,"any upakarnon par tab page menu ke lie tab page prishth aksham karen
",neutral,1,any upakarnon par tab page menu ke lie tab page prishth aksham karen
14,"ends ke uddeshyon ki disposal se koson pendency , unka anirnay ya merits ke aadhar par niptan sunishchit roop se ends ke uddeshyon ko viphal kar dega
",positive,2,ends ke uddeshyon ki disposal se koson pendency unka anirnay ya merits ke aadhar par niptan sunishchit roop se ends ke uddeshyon ko viphal kar dega
15,"use apne creatures par poorn adhikar prapt hai. aur vah wise, aware rakhnevala hai
",positive,2,use apne creatures par poorn adhikar prapt hai aur vah wise aware rakhnevala hai
16,"yadi yah aur pahle ka nahin , to bhi seventh century ka bana hai aur earlier mool roop se buddhist creed ke lie tha , kintu bad men vishnu temple men roopantrit kar diya gaya jismen principal deity recumbent hue vishnu ya anantasayin hain
",neutral,1,yadi yah aur pahle ka nahin to bhi seventh century ka bana hai aur earlier mool roop se buddhist creed ke lie tha kintu bad men vishnu temple men roopantrit kar diya gaya jismen principal deity recumbent hue vishnu ya anantasayin hain
17,"hamne tumhen paida kiya phir tum sach kyon nahin mante
",positive,2,hamne tumhen paida kiya phir tum sach kyon nahin mante
18,"aap prat 10 baje vahan ho tej
",neutral,1,aap prat baje vahan ho tej
19,"kuchh mahine hue vahan normal democratic elections hue aur phalasvroop vahan ek popular radical party lokapriy morcha-satta men aayi
",positive,2,kuchh mahine hue vahan normal democratic elections hue aur phalasvroop vahan ek popular radical party lokapriy morchasatta men aayi
20,"continue rakhen lagoo kar raha hai ke sath resolved conflicts
",negative,0,continue rakhen lagoo kar raha hai ke sath resolved conflicts
21,"koee organism or individual jis men mata aur pita in donon se hi prapt gunsutr ka ek dohra gut individual
",neutral,1,koee organism or individual jis men mata aur pita in donon se hi prapt gunsutr ka ek dohra gut individual
22,"aur hamne heaven se ek measure e sath water barsaya phir usko zamin men  hasab maslehat  thahrae rakha aur able to yainan uske aeb kar dene par bhi aboo rakhte hai
",positive,2,aur hamne heaven se ek measure e sath water barsaya phir usko zamin men hasab maslehat thahrae rakha aur able to yainan uske aeb kar dene par bhi aboo rakhte hai
23,"puppet nirdeshkon ke samaksh satire , humour evn whole shakti ka snsar open para hai.
",positive,2,puppet nirdeshkon ke samaksh satire humour evn whole shakti ka snsar open para hai
24,"par sharirik prem doosre tat-aatm-hanan-par bridge to cross physical love
",positive,2,par sharirik prem doosre tataatmhananpar bridge to cross physical love
25,"uski man lakari ke bane kukurmutte par koee phata darning a torn thi.
",negative,0,uski man lakari ke bane kukurmutte par koee phata darning a torn thi
26,"pratyek jiv taste of death chakhnevala hai, aur tumhen to iyamat ke din poora-poora badla de diya jaega. ata jise aag jahannam se hatakar jannat men dail kar diya gaya, vah saphal raha. raha sansarik jivan, to vah maya-samagri ke siva kuchh bhi nahin
",negative,0,pratyek jiv taste of death chakhnevala hai aur tumhen to iyamat ke din poorapoora badla de diya jaega ata jise aag jahannam se hatakar jannat men dail kar diya gaya vah saphal raha raha sansarik jivan to vah mayasamagri ke siva kuchh bhi nahin
27,"fluctuations jute ke production men utar-chaav , low yield , cost sphiti , labour unrest , uncertain demand , obsolete machinery , kuchh iski major problems hain
",negative,0,fluctuations jute ke production men utarchaav low yield cost sphiti labour unrest uncertain demand obsolete machinery kuchh iski major problems hain
28,"ek demographic dividend ke sath kee young lot
",neutral,1,ek demographic dividend ke sath kee young lot
29,"yadi aap yah mante hain ki aap kar sakte hain, to snbhavta aap kar sakte hain.
",neutral,1,yadi aap yah mante hain ki aap kar sakte hain to snbhavta aap kar sakte hain
30,"ek school men, har koee wearing jeans raha hai, har koee ek saman hai
",neutral,1,ek school men har koee wearing jeans raha hai har koee ek saman hai
31,"pichhe ek bari sabhi huee jismen hakim sahab aur pndit meeting was called hue.
",neutral,1,pichhe ek bari sabhi huee jismen hakim sahab aur pndit meeting was called hue
32,"highest se highest amount jo mooly rup me di jani amount
",neutral,1,highest se highest amount jo mooly rup me di jani amount
33,"ye the  turban , chnvron ki pair , umbrella , sword , sandals tatha royal that-bat se rahna.
",neutral,1,ye the turban chnvron ki pair umbrella sword sandals tatha royal thatbat se rahna
34,"aur ae rasool hamare bandon men ibrahim aur isha aur yakoob ko yad karo jo kuvat aur basirat vale the
",neutral,1,aur ae rasool hamare bandon men ibrahim aur isha aur yakoob ko yad karo jo kuvat aur basirat vale the
35,"spades ki place the ten place spades ke nahla ko rakhen
",neutral,1,spades ki place the ten place spades ke nahla ko rakhen
36,"charls tilli Charles Tilly aatnk aatnkvad terrorist sociological theory 2004 22 5-13 men ऑnlain
",negative,0,charls tilli charles tilly aatnk aatnkvad terrorist sociological theory men nlain
37,"evolution data v settings ka backup len v phir bhndarit karen
",neutral,1,evolution data v settings ka backup len v phir bhndarit karen
38,"yah agricultural machinery , wholesale tatha retail bajar evn foreign trade ko bhi vitrit evn niyntrit karta hai.
",neutral,1,yah agricultural machinery wholesale tatha retail bajar evn foreign trade ko bhi vitrit evn niyntrit karta hai
39,"hindi ki various dialects ka literature today bhi popular hai aur today bhi many poets aur writers apna work apni-apni regional bhashaon men karte hain.
",positive,2,hindi ki various dialects ka literature today bhi popular hai aur today bhi many poets aur writers apna work apniapni regional bhashaon men karte hain
40,"image ko 90 degrees par right ghumaen
",neutral,1,image ko degrees par right ghumaen
41,"aur kisi particular scope ke sndarbh men human ka arth ya children , is moreover ka nirnay ham logon ne kar bhi liya tab bhi aanevali pii ki sntanon men yah gun dikhaee dega , is moreover ki koee garnti nahin di ja dispute
",positive,2,aur kisi particular scope ke sndarbh men human ka arth ya children is moreover ka nirnay ham logon ne kar bhi liya tab bhi aanevali pii ki sntanon men yah gun dikhaee dega is moreover ki koee garnti nahin di ja dispute
42,"aaj tonight ek year poora ho jaega.
",neutral,1,aaj tonight ek year poora ho jaega
43,"han, jaise ki doosro ke bare men mansik kalpnaen aur ray.
",positive,2,han jaise ki doosro ke bare men mansik kalpnaen aur ray
44,"air ki quality par new england ka american lung association
",neutral,1,air ki quality par new england ka american lung association
45,"vah uski greater spiritual nature ko niche utarakar is lower trividh satta men nahin triplicity sakta  kyonki yahan to manomay purush hi aatma ki sarvochch expression hai.
",neutral,1,vah uski greater spiritual nature ko niche utarakar is lower trividh satta men nahin triplicity sakta kyonki yahan to manomay purush hi aatma ki sarvochch expression hai
46,"to 1 times 5 barabar hai 5ke
",neutral,1,to times barabar hai ke
47,"chandi taph ya kainditapht mukhyat ornamental purposes ke lie ugae jate hain
",neutral,1,chandi taph ya kainditapht mukhyat ornamental purposes ke lie ugae jate hain
48,"other or buddhist ke patronage men art samriddhshali bani.
",positive,2,other or buddhist ke patronage men art samriddhshali bani
49,"standard chartard 140 miliyan laya hai.
",neutral,1,standard chartard miliyan laya hai
50,"war ke varshon ke dauran , railways par atydhik strain tha  yah n keval troops aur war materials ko desh men hi lane responsibility jane ke great tha varan african war men railways ke lie staff aur materials ki bati huee needs ko poora karne ke un par saunpe gaye dayitv ke great tha
",negative,0,war ke varshon ke dauran railways par atydhik strain tha yah n keval troops aur war materials ko desh men hi lane responsibility jane ke great tha varan african war men railways ke lie staff aur materials ki bati huee needs ko poora karne ke un par saunpe gaye dayitv ke great tha
51,"ve bole, ae moses! ya to tum phenko ya phir ham pahle phenkte hain.
",neutral,1,ve bole ae moses ya to tum phenko ya phir ham pahle phenkte hain
52,"koee maintenance charges dene ki jarurat nahin paid
",negative,0,koee maintenance charges dene ki jarurat nahin paid
53,"CMS attach data snlagn nahin kar sakta hai
",neutral,1,cms attach data snlagn nahin kar sakta hai
54,"aesi incidents ko bilkul tolerance n karne ki mooly prerit commitment ke roop men , mining industry men reaction ki culture ke bajay prevention ki culture ki aavashyakta hai.
",positive,2,aesi incidents ko bilkul tolerance n karne ki mooly prerit commitment ke roop men mining industry men reaction ki culture ke bajay prevention ki culture ki aavashyakta hai
55,"yah patrak batata hai ki vitamin ke  k  benefits bliding  vitamin ke  k  ki kabhi deficiency ki vajah se khoon bahne lagna  kya possible bhash  yah vitamin ke  k  sapliments ke labh aur snbhavit prtikool paristhitiyon ke bare men bhi jankari deta possible bhash
",positive,2,yah patrak batata hai ki vitamin ke k benefits bliding vitamin ke k ki kabhi deficiency ki vajah se khoon bahne lagna kya possible bhash yah vitamin ke k sapliments ke labh aur snbhavit prtikool paristhitiyon ke bare men bhi jankari deta possible bhash
56,"vastuta jab uski ichchhaen poori ho jati hai to vah apne sthan par vapas aa jata hai, aur aannd ka, aatma ka upyog karta hai.
",positive,2,vastuta jab uski ichchhaen poori ho jati hai to vah apne sthan par vapas aa jata hai aur aannd ka aatma ka upyog karta hai
57,"skoolon men bachchon ko corporal punishment dene par rok honi chahie aur vidyarthiyon ko rachnatmak pahal karne ke lie protsahit kiya jana chahie.
",positive,2,skoolon men bachchon ko corporal punishment dene par rok honi chahie aur vidyarthiyon ko rachnatmak pahal karne ke lie protsahit kiya jana chahie
58,"move khiskaen  move par
",neutral,1,move khiskaen move par
59,"dekhe, kare minus 57 divided hai 103 se
",neutral,1,dekhe kare minus divided hai se
60,"kya har koee apne true nature ka jan sakta hai
",positive,2,kya har koee apne true nature ka jan sakta hai
61,"us rush men khinche nahin don get hai   us storm me.
",neutral,1,us rush men khinche nahin don get hai us storm me
62,"item tags ke roop men hi HandyShopper ke stor nam aayat karen
",neutral,1,item tags ke roop men hi handyshopper ke stor nam aayat karen
63,"vidhi men ek niyam ke antargat kee up niyam hote number
",positive,2,vidhi men ek niyam ke antargat kee up niyam hote number
64,"delight bhari gardens men honge
",positive,2,delight bhari gardens men honge
65,"chhote chhote shishu udyog is samay ke mukhri-oonshchhsh-y shishu udyogon men chini, kagaj aur diyaslari ki charcha ki ja sakti hai
",neutral,1,chhote chhote shishu udyog is samay ke mukhrioonshchhshy shishu udyogon men chini kagaj aur diyaslari ki charcha ki ja sakti hai
66,"delhi ke last ne ekjut ho 10 april ko unke khilaph cheating ke aarop ke sath cng kit scam men unki role batate he fir darj karvaee
",negative,0,delhi ke last ne ekjut ho april ko unke khilaph cheating ke aarop ke sath cng kit scam men unki role batate he fir darj karvaee
67,"isiliye ek jyada smaller group ki jaroorat hai , something use aap kary steering committee kahen ya kuchh aur , jo sal men kee bar mil sake , adhik active ho sake aur less kharch se kam chala sake.
",positive,2,isiliye ek jyada smaller group ki jaroorat hai something use aap kary steering committee kahen ya kuchh aur jo sal men kee bar mil sake adhik active ho sake aur less kharch se kam chala sake
68,"unhonne wasn kiya ki vahan paryapt progress nahin thi
",positive,2,unhonne wasn kiya ki vahan paryapt progress nahin thi
69,"han ya nhin parchiyon par votes by members ka abhilekhan ka tarika samanyatya nimnlikhit paristhtiyon men apnaya jata haia-
",neutral,1,han ya nhin parchiyon par votes by members ka abhilekhan ka tarika samanyatya nimnlikhit paristhtiyon men apnaya jata haia
70,"fate account  ye chand towns ke halat hain jo ham tum se bayan karte hain unmen se others to  us vakt tak  ayam hain aur others ka tahas nahas ho gaya
",neutral,1,fate account ye chand towns ke halat hain jo ham tum se bayan karte hain unmen se others to us vakt tak ayam hain aur others ka tahas nahas ho gaya
71,"machinery and implements ki purchase aavdhik rin:
",neutral,1,machinery and implements ki purchase aavdhik rin
72,"to yah vapas potential energy ko phir se chala jata hai.
",positive,2,to yah vapas potential energy ko phir se chala jata hai
73,"children ko opivi 5 years of age tak diya ja sakta hai
",neutral,1,children ko opivi years of age tak diya ja sakta hai
74,"usman riyaja one , yah first tha  aur phir main
",positive,2,usman riyaja one yah first tha aur phir main
75,"is item ke lie dikhae jane ke lie info
",neutral,1,is item ke lie dikhae jane ke lie info
76,"bap ke ganl bladar ka ऑpreshan karaya bangur haspital ke peing bed bharti kara kar.
",positive,2,bap ke ganl bladar ka preshan karaya bangur haspital ke peing bed bharti kara kar
77,"wind ki speed   d kilomitarprtighnta
",neutral,1,wind ki speed d kilomitarprtighnta
78,"yadi selected gaya hai, jab aap esesel enabled site par prvesh karte hain to aapko soochit kiya jaega
",neutral,1,yadi selected gaya hai jab aap esesel enabled site par prvesh karte hain to aapko soochit kiya jaega
79,"pratyek varteks ek label hai, aur in label nimn gun hona aavashyak hai.
",neutral,1,pratyek varteks ek label hai aur in label nimn gun hona aavashyak hai
80,"ii  tuensang affairs minister tuensang district se snbndhit sabhi matters ki babat affairs karega aur unke snbndh men governor ke pas uski direct access hogi kintu vah unke snbndh men mukhymntri ko jankari deta rahega
",neutral,1,ii tuensang affairs minister tuensang district se snbndhit sabhi matters ki babat affairs karega aur unke snbndh men governor ke pas uski direct access hogi kintu vah unke snbndh men mukhymntri ko jankari deta rahega
81,"yaoob ne kaha ae son  dekho bardar  lest apna vision apne brothers se n dohrana  varna  vah log tumhare lie scheme ki tadbir karne lagegen ismen to sha hi nahin ki shaitan man ka sworn huaa enemy hai
",negative,0,yaoob ne kaha ae son dekho bardar lest apna vision apne brothers se n dohrana varna vah log tumhare lie scheme ki tadbir karne lagegen ismen to sha hi nahin ki shaitan man ka sworn huaa enemy hai
82,"jis day sky chakkar khane lagega
",negative,0,jis day sky chakkar khane lagega
83,"joint forest management samitiyon ne tribal people logon ko pichhara aur abhavagrast banane vale van snsadhnon ke dohan ko samapt karne men prmukh played a key
",negative,0,joint forest management samitiyon ne tribal people logon ko pichhara aur abhavagrast banane vale van snsadhnon ke dohan ko samapt karne men prmukh played a key
84,"koee skilled or artistic worker ya karigar.
",neutral,1,koee skilled or artistic worker ya karigar
85,"mai janta hoon ki bodhisatv sabhi living par apni kripa bhav bikhere hue hain!
",positive,2,mai janta hoon ki bodhisatv sabhi living par apni kripa bhav bikhere hue hain
86,"is type ki open files open
",neutral,1,is type ki open files open
87,"svarg ke lie greek men kvaranos planet uranus ke oopar nam rakha gaya
",positive,2,svarg ke lie greek men kvaranos planet uranus ke oopar nam rakha gaya
88,"sab right hai , yah ek aur ek ki kata aur one jana chahie hai.
",negative,0,sab right hai yah ek aur ek ki kata aur one jana chahie hai
89,"xviikh clause 56 ki upclause 2 ke khnd xi men nirdisht kori prtikar ya any snday
",neutral,1,xviikh clause ki upclause ke khnd xi men nirdisht kori prtikar ya any snday
90,"south asian free trade area saphta par kararname par islamabad men 4-6 janavri ko aayojit barahvendakshin eshiyaee kshetriy sahyog sngh sark sammelan ke dauran sark ke sabhi sadasy deshon ne hastakshar kie.
",positive,2,south asian free trade area saphta par kararname par islamabad men janavri ko aayojit barahvendakshin eshiyaee kshetriy sahyog sngh sark sammelan ke dauran sark ke sabhi sadasy deshon ne hastakshar kie
91,"un tinon ne ek gvalin ko dekha jo apne ghar ke samne dahi math rahi thi aur apne charon taraph khelte hue bachchon se kah rahi thi, bhag jao, bachcho, nahin to dahi ki boonden thumi tumhare oopar uchhalakar girengi.
",positive,2,un tinon ne ek gvalin ko dekha jo apne ghar ke samne dahi math rahi thi aur apne charon taraph khelte hue bachchon se kah rahi thi bhag jao bachcho nahin to dahi ki boonden thumi tumhare oopar uchhalakar girengi
92,"lock file ko an-lk karne men asafal
",negative,0,lock file ko anlk karne men asafal
93,"hamne unhen sudharne ki koshish ki hai.
",neutral,1,hamne unhen sudharne ki koshish ki hai
94,"kuchh nothing kam n hane ke karan unhonne apna mind society or lagaane ki drishti se apne jaise vichar vale persons ki ek sosayti bana li.
",positive,2,kuchh nothing kam n hane ke karan unhonne apna mind society or lagaane ki drishti se apne jaise vichar vale persons ki ek sosayti bana li
95,"petitioners  ee-phailing ke madhyam se supreme record men keval pirit person arthat cases filing karne ke ichchhuk person svyn ya nibndhit advocate hi cases filing kar sakta
",positive,2,petitioners eephailing ke madhyam se supreme record men keval pirit person arthat cases filing karne ke ichchhuk person svyn ya nibndhit advocate hi cases filing kar sakta
96,"aesa mana jata hai ki doodling karne vale ka focus bhng ho chuka hai,
",negative,0,aesa mana jata hai ki doodling karne vale ka focus bhng ho chuka hai
97,"yah formulating development ke lie policies ke nirman aur karyanvayan men government ki madad karti hai.
",neutral,1,yah formulating development ke lie policies ke nirman aur karyanvayan men government ki madad karti hai
98,"anksiy ek tantrik word hai jiska shabdik arth hai technical oxygen ke.
",neutral,1,anksiy ek tantrik word hai jiska shabdik arth hai technical oxygen ke
99,"islie ki main kuchh kar sakoon ,  oont chalak ne kaha ,  aur un change those things sakoon jinhen main ghatit hote hue nahin dekhna chahta !
",positive,2,islie ki main kuchh kar sakoon oont chalak ne kaha aur un change those things sakoon jinhen main ghatit hote hue nahin dekhna chahta
100,"bhai bhaee patel ne apni property men apni billions ki babu subhashbaboo ke nam kar di.
",neutral,1,bhai bhaee patel ne apni property men apni billions ki babu subhashbaboo ke nam kar di
101,"24 august, 1833 ko uska janm gujrat ke soorat nagar men huaa.
",neutral,1,august ko uska janm gujrat ke soorat nagar men huaa
102,"prishth ya satah se oopar structure
",neutral,1,prishth ya satah se oopar structure
103,"aur jab unhen koran pakar sunaya jata hai to sajde men nahin gir parte
",neutral,1,aur jab unhen koran pakar sunaya jata hai to sajde men nahin gir parte
104,"ham dreams vale hain kyonki hamare pas ek sapna hai.
",positive,2,ham dreams vale hain kyonki hamare pas ek sapna hai
105,"ae leave mujhe aur us shash ko chhor do jise maine akela paida kiya
",negative,0,ae leave mujhe aur us shash ko chhor do jise maine akela paida kiya
106,"pahle  sab mankind ek hi din rakhte the  phir good men jhagarne lage tab  allah ne najat se tidings bearers dene vale aur azab se darane vale sent ko bheja aur in sent ke sath baraha community bhi nazil ki taki jin baton men mankind jhagarte the kitabe allah  uska  faisla kar de aur phir afsos to ye hai ki is hukm se proofs kiya bhi to unhin logon ne jin ko community di gayi thi aur vah bhi jab un ke pas allah ke clear ehkam aa chuke uske bad aur vah bhi good ki shararat se tab allah ne apni meharbani se  alis  eemandaron ko vah straight ha dikha di jis men un logon ne proofs dal rakha tha aur allah jis ko chahe straight guideth ki hidayat karta hai
",positive,2,pahle sab mankind ek hi din rakhte the phir good men jhagarne lage tab allah ne najat se tidings bearers dene vale aur azab se darane vale sent ko bheja aur in sent ke sath baraha community bhi nazil ki taki jin baton men mankind jhagarte the kitabe allah uska faisla kar de aur phir afsos to ye hai ki is hukm se proofs kiya bhi to unhin logon ne jin ko community di gayi thi aur vah bhi jab un ke pas allah ke clear ehkam aa chuke uske bad aur vah bhi good ki shararat se tab allah ne apni meharbani se alis eemandaron ko vah straight ha dikha di jis men un logon ne proofs dal rakha tha aur allah jis ko chahe straight guideth ki hidayat karta hai
107,"magar is sabse jyada mainne yah learned ki ye sab simple itni saral hain ki inhen nagine ki satah par bhi likha ja sakta hai .
",neutral,1,magar is sabse jyada mainne yah learned ki ye sab simple itni saral hain ki inhen nagine ki satah par bhi likha ja sakta hai
108,"industrial relations bill men delay ki bhi ek complaint mili hai.
",negative,0,industrial relations bill men delay ki bhi ek complaint mili hai
109,"vah lord aur earth ka aur jo kuchh unke bich hai beneficent god hai , atyant kripashil hai , uske samne bat karna unke bas men nahin hoga
",positive,2,vah lord aur earth ka aur jo kuchh unke bich hai beneficent god hai atyant kripashil hai uske samne bat karna unke bas men nahin hoga
110,"yah region malaria, kala aur leprosy rog se prbhavit tha.
",neutral,1,yah region malaria kala aur leprosy rog se prbhavit tha
111,"aur hamne aasman se ek andaje e sath pani barsaya phir usko zamin men hasab maslehat thahrae rakha aur ham to yainan uske aeb kar dene par bhi aboo rakhte hai
",positive,2,aur hamne aasman se ek andaje e sath pani barsaya phir usko zamin men hasab maslehat thahrae rakha aur ham to yainan uske aeb kar dene par bhi aboo rakhte hai
112,"unke children ki paravrish men poora rashtrapati bhavan unke sath whole
",neutral,1,unke children ki paravrish men poora rashtrapati bhavan unke sath whole
113,"phir tumko usi men resurrection le end aur  earth men usi se  nikal kar khara karega
",neutral,1,phir tumko usi men resurrection le end aur earth men usi se nikal kar khara karega
114,"1882 men lord ripon ne district local boards ke gathan ke sath india men local self-government ki sthapna ki
",neutral,1,men lord ripon ne district local boards ke gathan ke sath india men local selfgovernment ki sthapna ki
115,"chaynit bookmark ko new tab men kholen
",neutral,1,chaynit bookmark ko new tab men kholen
116,"bharat ne in charchaon men actively and constructively dhng se hisa liya aur duniya se samast parmanu hathiyaron ki samapti ke lie ek samayabaddh karyakram ka prastav karke is sndhi ko nirastrikaran ke dhanche men dhalne ki mang jahir ki.
",negative,0,bharat ne in charchaon men actively and constructively dhng se hisa liya aur duniya se samast parmanu hathiyaron ki samapti ke lie ek samayabaddh karyakram ka prastav karke is sndhi ko nirastrikaran ke dhanche men dhalne ki mang jahir ki
117,"india ne in negotiations men sakriy aur framework elimination se hisa liya aur duniya se samast nuclear weapons ki samapti ke lie ek samayabaddh programme ka prastav karke is treaty ko disarmament ke dhanche men dhalne ki mang jahir ki.
",negative,0,india ne in negotiations men sakriy aur framework elimination se hisa liya aur duniya se samast nuclear weapons ki samapti ke lie ek samayabaddh programme ka prastav karke is treaty ko disarmament ke dhanche men dhalne ki mang jahir ki
118,"haq mujahideen ke dashak ke soviyat-aphgan war ke samay se hi cia se jurai the
",negative,0,haq mujahideen ke dashak ke soviyataphgan war ke samay se hi cia se jurai the
119,"aur uda hi ne tummen se baz ko baz par rizak daulat men tarjih di hai phir jin logon ko rozi jyada di gee hai vah log apni rozi men se un logon ko jin par unka dastaras ikhteyar hai laundi ulam vaairah dene vala nahin halki is mal men to sab ke sab malik gulam vaairah barabar hain to kya ye log uda ki neamat ke munkir hain
",positive,2,aur uda hi ne tummen se baz ko baz par rizak daulat men tarjih di hai phir jin logon ko rozi jyada di gee hai vah log apni rozi men se un logon ko jin par unka dastaras ikhteyar hai laundi ulam vaairah dene vala nahin halki is mal men to sab ke sab malik gulam vaairah barabar hain to kya ye log uda ki neamat ke munkir hain
120,"pani men nice ka vahan bahut baiya intazam hai.
",positive,2,pani men nice ka vahan bahut baiya intazam hai
121,"phitakrimi infestation men human primary poshi ya host hai
",neutral,1,phitakrimi infestation men human primary poshi ya host hai
122,"juvenile justice board ne prakat lower se appellant ko , १३  ०८  २००३ par uski age २० years manakar , jo medical board dvara tay ek years ki range ke bhitar kami ki side thi , benefit diya hai
",positive,2,juvenile justice board ne prakat lower se appellant ko par uski age years manakar jo medical board dvara tay ek years ki range ke bhitar kami ki side thi benefit diya hai
123,"unhonne kaha ki unka job multifarious force unhonne salah projection ki unhen yah sadaiv yad people chahie ki unke behaviour aur conduct se n keval police seva ke bare men najriya banata hai varan vah vastav men common janta ke samne entire administration ka reflection hota force
",neutral,1,unhonne kaha ki unka job multifarious force unhonne salah projection ki unhen yah sadaiv yad people chahie ki unke behaviour aur conduct se n keval police seva ke bare men najriya banata hai varan vah vastav men common janta ke samne entire administration ka reflection hota force
124,"rural electrification ekal electric ghar
",neutral,1,rural electrification ekal electric ghar
125,"indian national congress ne simon commission ke gathan par appointment prtikriya vyakt ki
",neutral,1,indian national congress ne simon commission ke gathan par appointment prtikriya vyakt ki
126,"snow leopard himalay men blue sheep ka shikar karta hai.
",neutral,1,snow leopard himalay men blue sheep ka shikar karta hai
127,"ek hydrological unit ke lie jal snsadhan development and management ki yojna banani hogi.
",neutral,1,ek hydrological unit ke lie jal snsadhan development and management ki yojna banani hogi
128,"madras high court women ke enrolment men bhi pioneer raha.
",neutral,1,madras high court women ke enrolment men bhi pioneer raha
129,"place chief , malik bhago guru ko apne dvara sushebhit ki huee rich feast men food grahan karne ke lie kahta hai.
",positive,2,place chief malik bhago guru ko apne dvara sushebhit ki huee rich feast men food grahan karne ke lie kahta hai
130,"ham logon ne to ye bat pichhle din men kabhi suni bhi nahin ho n ho ye uski man gant hai
",neutral,1,ham logon ne to ye bat pichhle din men kabhi suni bhi nahin ho n ho ye uski man gant hai
131,"aur nishchay hi lesson lie cattle men bhi ek shiksha hai. unke bellies men jo kuchh hai drink se ham tumhen pilate hai. au lesson lie unmen bahut-se benefits hai aur unhen tum khate bhi ho
",positive,2,aur nishchay hi lesson lie cattle men bhi ek shiksha hai unke bellies men jo kuchh hai drink se ham tumhen pilate hai au lesson lie unmen bahutse benefits hai aur unhen tum khate bhi ho
132,"other alava ganesh chaturthi aur janmashtmi kuchh adhik dhoom-dham ke sng janmashtmi jate hain.
",positive,2,other alava ganesh chaturthi aur janmashtmi kuchh adhik dhoomdham ke sng janmashtmi jate hain
133,"bharavi karib karib kalidas ke contemporary the
",neutral,1,bharavi karib karib kalidas ke contemporary the
134,"statecraft ke is mantra ko pahchante hue , karnataka dvara government aur shasit ke bich snbndhon ko ghanishth banane ka pryas kiya ja raha hai.
",neutral,1,statecraft ke is mantra ko pahchante hue karnataka dvara government aur shasit ke bich snbndhon ko ghanishth banane ka pryas kiya ja raha hai
135,"urdu bhi hindi ki is shakti se hi birth huee fact
",neutral,1,urdu bhi hindi ki is shakti se hi birth huee fact
136,"disability aur housing ke bare men policy housingpolicy_disability  detrgovuk
",neutral,1,disability aur housing ke bare men policy housingpolicydisability detrgovuk
137,"ghareloo observe the fly ke bad apne kamne ki chhat par baithte hue dekhie.
",neutral,1,ghareloo observe the fly ke bad apne kamne ki chhat par baithte hue dekhie
138,"aaj, ilahabad uchch state in india ke sabse largest state par nyayadhikar hai jismen hamari jansnkhya ka lagabhag chhatha hissa shamil tha.
",neutral,1,aaj ilahabad uchch state in india ke sabse largest state par nyayadhikar hai jismen hamari jansnkhya ka lagabhag chhatha hissa shamil tha
139,"in equipments se grids star ki electricity business residential community buildings v vyaparik centers ko prdan ki ja sakti hai.
",neutral,1,in equipments se grids star ki electricity business residential community buildings v vyaparik centers ko prdan ki ja sakti hai
140,"phir hamne use booa lowest of low past se past halat ki taraph pher diya
",negative,0,phir hamne use booa lowest of low past se past halat ki taraph pher diya
141,"aur agar GPS nahin hai
",negative,0,aur agar gps nahin hai
142,"proofs ke section ke tahat online  mere anupryog  men prvesh karne ya sidhe ek di office se snpark karne ke bad prastut kiya ja sakta hai.
",neutral,1,proofs ke section ke tahat online mere anupryog men prvesh karne ya sidhe ek di office se snpark karne ke bad prastut kiya ja sakta hai
143,"certificate pahle hi aayatit kiya ja chuka hai
",neutral,1,certificate pahle hi aayatit kiya ja chuka hai
144,"ki kisi ko exalting karegi kisi ko buland
",negative,0,ki kisi ko exalting karegi kisi ko buland
145,"magar ho sakta hai ki aap morning ke waking up crying hue paye jayen.
",negative,0,magar ho sakta hai ki aap morning ke waking up crying hue paye jayen
146,"jo  guidance  un logon ke lie hidayat v mercy hai
",positive,2,jo guidance un logon ke lie hidayat v mercy hai
147,"ye vazee v clear book ki aayten hai
",positive,2,ye vazee v clear book ki aayten hai
148,"uske bad company ne supreme court ka darvaja khatakhtaya
",positive,2,uske bad company ne supreme court ka darvaja khatakhtaya
149,"ae prophet! inkar karnevalon aur kaptachariyon se jihad karo aur unke sath sati se pesh aao. unka thikana jahannam hai aur vah antta pahunchne ki bahut buri jagah hai
",positive,2,ae prophet inkar karnevalon aur kaptachariyon se jihad karo aur unke sath sati se pesh aao unka thikana jahannam hai aur vah antta pahunchne ki bahut buri jagah hai
150,"ki jo chiz pasand karoge tum ko vahan zaroor milegi
",positive,2,ki jo chiz pasand karoge tum ko vahan zaroor milegi
151,"aur destroyed the rest phir hamne un logon ko utterly kar dala
",negative,0,aur destroyed the rest phir hamne un logon ko utterly kar dala
152,"to nay sunset ki muri ki redness
",negative,0,to nay sunset ki muri ki redness
153,"kuchh to musolini ke samman nivedan se prasann hokar aur kuchh uske colourful personality aur ancient and lively snskriti par uske prbhav ko dekhne ki chah se ravindrnath ne itli ka aamntran svikar kiya ve 15 mee 1926 ko nepals ke lie ravana hue
",positive,2,kuchh to musolini ke samman nivedan se prasann hokar aur kuchh uske colourful personality aur ancient and lively snskriti par uske prbhav ko dekhne ki chah se ravindrnath ne itli ka aamntran svikar kiya ve mee ko nepals ke lie ravana hue
154,"sardar bhat sinh pnjab ki  naujvan bharat sabha  nam se viyat yuva aandolan ke neta the , jisse bad men subhash chandr ka bhi antrng sahachary sthapit huaa
",neutral,1,sardar bhat sinh pnjab ki naujvan bharat sabha nam se viyat yuva aandolan ke neta the jisse bad men subhash chandr ka bhi antrng sahachary sthapit huaa
155,"pmo mntri karyalay men financial year 2015-16 ke rs such koee bhi items nahi kharida gaya jiska value 10 lakh rupe ya usse more ho.
",positive,2,pmo mntri karyalay men financial year ke rs such koee bhi items nahi kharida gaya jiska value lakh rupe ya usse more ho
156,"isi prkar mandapa ki do lateral walls men panch ubhar hara elements ke anuroop hain jismen se har disha men central ek devakoshtha hai jo puna shrine entrance ke side aur front ki eastern wall ke side khndon par prapy hai.
",positive,2,isi prkar mandapa ki do lateral walls men panch ubhar hara elements ke anuroop hain jismen se har disha men central ek devakoshtha hai jo puna shrine entrance ke side aur front ki eastern wall ke side khndon par prapy hai
157,"india , un rashtr security council ki permanent membership ki  claim ke prti tanzania ke support ke lie grateful hai.
",positive,2,india un rashtr security council ki permanent membership ki claim ke prti tanzania ke support ke lie grateful hai
158,"dooradarshan ne financial year 2000-2001 ke dauran vyaprik vijnjapnon se lagabhag chhah arab 37 karor rupye programmes earned
",neutral,1,dooradarshan ne financial year ke dauran vyaprik vijnjapnon se lagabhag chhah arab karor rupye programmes earned
159,"business in media knpniyon ki hava nikal di.
",positive,2,business in media knpniyon ki hava nikal di
160,"prtibimbit lake ke back walking path
",neutral,1,prtibimbit lake ke back walking path
161,"contest the election hetu lagabhag sabhi political parties apne pratyashi khare kartin hain.
",positive,2,contest the election hetu lagabhag sabhi political parties apne pratyashi khare kartin hain
162,"vo standing hain, unke slightly joote ek-doosre se thore door, par zamin par achchhi tarah jame hue
",neutral,1,vo standing hain unke slightly joote ekdoosre se thore door par zamin par achchhi tarah jame hue
163,"aap ek pack le sakte hain
",neutral,1,aap ek pack le sakte hain
164,"section - 231 , aay-kar act , 1961-2018
",neutral,1,section aaykar act
165,"body of humans humans are prone aatma ka kabhi nash nahin hota.
",negative,0,body of humans humans are prone aatma ka kabhi nash nahin hota
166,"parallel transfers ko bahuvidh path ki aavashyakta hoti hai.
",neutral,1,parallel transfers ko bahuvidh path ki aavashyakta hoti hai
167,"aur usko bhi chalis million times viewed four million
",neutral,1,aur usko bhi chalis million times viewed four million
168,"s folder ke lie ke lie quota prapt kar raha hai
",neutral,1,s folder ke lie ke lie quota prapt kar raha hai
169,"important speeches men ve in donon ko udghrit karna nahin chance the.
",positive,2,important speeches men ve in donon ko udghrit karna nahin chance the
170,"tyoob ko achchhi tarah lagaen jisse ki stove aur regulator push ke nozzle ko full tarah dhnka ja sake.
",neutral,1,tyoob ko achchhi tarah lagaen jisse ki stove aur regulator push ke nozzle ko full tarah dhnka ja sake
171,"ne messages arrive par enable audible notifications karen
",neutral,1,ne messages arrive par enable audible notifications karen
172,"pichhe ek bari sabhi huee jismen hakim sahab aur pandit hakim ke public hue.
",neutral,1,pichhe ek bari sabhi huee jismen hakim sahab aur pandit hakim ke public hue
173,"paranabhik ko nabhi ke pas sthit jana jata hai
",neutral,1,paranabhik ko nabhi ke pas sthit jana jata hai
174,"aur jab garden nikat kar di jaegi ,
",neutral,1,aur jab garden nikat kar di jaegi
175,"panduvarn ya pitavarn complexion ko refers karta hai
",neutral,1,panduvarn ya pitavarn complexion ko refers karta hai
176,"in sabhi forms ka areas evn business activities aayojit karne ke vishishta kshetr own
",neutral,1,in sabhi forms ka areas evn business activities aayojit karne ke vishishta kshetr own
177,"group of people samooh jo samoohik rup se kisi karypryojan people who work
",neutral,1,group of people samooh jo samoohik rup se kisi karypryojan people who work
178,"aryans deities ki koee statues ya temples nahin banate the.
",neutral,1,aryans deities ki koee statues ya temples nahin banate the
179,"jo bhi mere sath chalta hai uski life and death mere hathon men hoti hai .
",negative,0,jo bhi mere sath chalta hai uski life and death mere hathon men hoti hai
180,"crowding bhi destruction ke any karnon ko janm deti hai, jaise bimari aur aparyapt poshan.
",negative,0,crowding bhi destruction ke any karnon ko janm deti hai jaise bimari aur aparyapt poshan
181,"ham win vale hain kyonki hamare pas ek sapna hai.
",positive,2,ham win vale hain kyonki hamare pas ek sapna hai
182,"indian partnership act , 1932 ki section 4
",neutral,1,indian partnership act ki section
183,"inspired shikshak apne udaharan se apne vidyarthiyon instill good moral moolyon ka samavesh kar sakte hain.
",positive,2,inspired shikshak apne udaharan se apne vidyarthiyon instill good moral moolyon ka samavesh kar sakte hain
184,"kripya apne vyaktigat health and well-being aur republic of equatorial ki maitripoorn janta ki pragti aur samriddhi ke lie meri shubhkamnaen svikar karen.
",positive,2,kripya apne vyaktigat health and wellbeing aur republic of equatorial ki maitripoorn janta ki pragti aur samriddhi ke lie meri shubhkamnaen svikar karen
185,"selected bookmark ko ne tab men open
",neutral,1,selected bookmark ko ne tab men open
186,"yah patrak batata hai ki vitamin ke kh deficiency bleeding vitamin ke kh ki kabhi kami ki vajah se khoon bahne lagna kya current advice yah vitamin ke kh sapliments ke labh aur snbhavit prtikool paristhitiyon ke bare men bhi jankari deta current advice
",positive,2,yah patrak batata hai ki vitamin ke kh deficiency bleeding vitamin ke kh ki kabhi kami ki vajah se khoon bahne lagna kya current advice yah vitamin ke kh sapliments ke labh aur snbhavit prtikool paristhitiyon ke bare men bhi jankari deta current advice
187,"square aditala ki outer wall par uske prastara ke oopar corners par char karnakutas aur wall ke central khndon ke oopar bich men char shala hainniche adhishthan ko front baakar wider kar diya gaya hai , taki samne ek adhik bare square mandapa ka base ban sake
",positive,2,square aditala ki outer wall par uske prastara ke oopar corners par char karnakutas aur wall ke central khndon ke oopar bich men char shala hainniche adhishthan ko front baakar wider kar diya gaya hai taki samne ek adhik bare square mandapa ka base ban sake
188,"ve revolution ki products thin
",neutral,1,ve revolution ki products thin
189,"smoking , madira drinking , chinta , prdushan , high environment
",negative,0,smoking madira drinking chinta prdushan high environment
190,"bajat pesh karte hue budget speech diya jata hai jo vastav men snsad men sabse important speeches men se ek hota hai
",positive,2,bajat pesh karte hue budget speech diya jata hai jo vastav men snsad men sabse important speeches men se ek hota hai
191,"jo koee virtue shall receive aaya use usse uttam prapt hoga, aur jo bura aacharan lekar aaya to buraiyan karnevalon ko to vas vahi milega jo ve karte the
",positive,2,jo koee virtue shall receive aaya use usse uttam prapt hoga aur jo bura aacharan lekar aaya to buraiyan karnevalon ko to vas vahi milega jo ve karte the
192,"indian partnership act, 1932 ki section 4
",neutral,1,indian partnership act ki section
193,"observable jane vale universe ke edge se
",neutral,1,observable jane vale universe ke edge se
194,"magar ye surely n hoga
",negative,0,magar ye surely n hoga
195,"jal conservation and management snbndhi parliamentary forum
",neutral,1,jal conservation and management snbndhi parliamentary forum
196,"tathapi fact yah hai ki hamara region least integrated aur viksit greater huaa hai , jo hamare trade effort ke intensification sahyog aur teji ki need darshata hai.
",positive,2,tathapi fact yah hai ki hamara region least integrated aur viksit greater huaa hai jo hamare trade effort ke intensification sahyog aur teji ki need darshata hai
197,"size aur location ka main window
",neutral,1,size aur location ka main window
198,"game ke pas koee solution nahin hai  vapas le ya phir shuroo karen
",negative,0,game ke pas koee solution nahin hai vapas le ya phir shuroo karen
199,"tumhe dukh men help i bhi dukh ho raha hai , islie tum best ko bachane ki main ji-jan se koshish karoonga.
",positive,2,tumhe dukh men help i bhi dukh ho raha hai islie tum best ko bachane ki main jijan se koshish karoonga
200,"is sahejen , to ek aur banane ke lie :
",positive,2,is sahejen to ek aur banane ke lie
201,"aur samood ke sath kya kiya jo valley ra carved the rocks kar ghar banate the
",neutral,1,aur samood ke sath kya kiya jo valley ra carved the rocks kar ghar banate the
202,"new channel ke vimochan ki date tay karne ke lie meeting bulaee gee.
",neutral,1,new channel ke vimochan ki date tay karne ke lie meeting bulaee gee
203,"usmen , usual jaisa hota hai , malaen pahnaee gee aur speeches aadi hue.
",neutral,1,usmen usual jaisa hota hai malaen pahnaee gee aur speeches aadi hue
204,"1988 me skool ke ek haris sheild match ke dauran sathi ballebaj vinod kanbli ke sath sachin ne aetihasik 664 rano ki avijit sajhedari ki.
",neutral,1,me skool ke ek haris sheild match ke dauran sathi ballebaj vinod kanbli ke sath sachin ne aetihasik rano ki avijit sajhedari ki
205,"bari bhayavah bet thi yah .
",negative,0,bari bhayavah bet thi yah
206,"id aaeedi , system men chaloo pratyek process ke lie ek unique number aavntit karta hai.
",positive,2,id aaeedi system men chaloo pratyek process ke lie ek unique number aavntit karta hai
207,"geographic size india ke aadhar par vishv ka satvan sabse seventh largest country
",neutral,1,geographic size india ke aadhar par vishv ka satvan sabse seventh largest country
208,"allows bugzilla URL khinchna note sidhe gnote men  bug number ko bataur url jora jata hai ise nikat koee little bug chihn ke sath
",negative,0,allows bugzilla url khinchna note sidhe gnote men bug number ko bataur url jora jata hai ise nikat koee little bug chihn ke sath
209,"article 90 men rajya sabha ke exists ke lie similar hi provision he
",neutral,1,article men rajya sabha ke exists ke lie similar hi provision he
210,"ab us rand ka face don dekhna.
",negative,0,ab us rand ka face don dekhna
211,"ata tum donon apne rab ki anukampaon men se kis-kis ko deny
",positive,2,ata tum donon apne rab ki anukampaon men se kiskis ko deny
212,"in sevices ke leaflets men detailed informaiton ke lie patrika available hai.
",neutral,1,in sevices ke leaflets men detailed informaiton ke lie patrika available hai
213,"aur ye ki hamara to men tha ki aadmi aur jin uda ki jinn jhoothi bat nahin bol sakte
",negative,0,aur ye ki hamara to men tha ki aadmi aur jin uda ki jinn jhoothi bat nahin bol sakte
214,"aur ibrahim ne apni aum se kaha ki tum logon ne uda ko chhorakar buto ko sirph duniya ki zindgi men baham mohabt karne ki vajah se uda bana rakha hai phir yamat ke din tum men se ek ka ek inkar karega aur ek doosre par lanat karega aur aair tum logon ka thikana jahannum hai aur us vakt tumhara koee bhi madadgar n hoga
",negative,0,aur ibrahim ne apni aum se kaha ki tum logon ne uda ko chhorakar buto ko sirph duniya ki zindgi men baham mohabt karne ki vajah se uda bana rakha hai phir yamat ke din tum men se ek ka ek inkar karega aur ek doosre par lanat karega aur aair tum logon ka thikana jahannum hai aur us vakt tumhara koee bhi madadgar n hoga
215,"kuchh nahin , jab pran knth ko aa collar ,
",negative,0,kuchh nahin jab pran knth ko aa collar
216,"ministry ne is scheme ko prbhavi dhng se lagoo karne ke lie several steps uthae hain.
",positive,2,ministry ne is scheme ko prbhavi dhng se lagoo karne ke lie several steps uthae hain
217,"moolta soory shashthi fast suryashashthi karan ise chhath kaha gaya hai.
",neutral,1,moolta soory shashthi fast suryashashthi karan ise chhath kaha gaya hai
218,"rectum aur brihdantr ka swelling
",neutral,1,rectum aur brihdantr ka swelling
219,"sound aavaj aur sound events change
",neutral,1,sound aavaj aur sound events change
220,"par sahasron sanskrit text anek sroton se anek inkoding men
",neutral,1,par sahasron sanskrit text anek sroton se anek inkoding men
221,"aur ham zarur is kam ko poora karengen aur yoosuph ne apne mulazimon naukron ko hukm diya ki unki jma poonji unke boro men choopke se rakh do taki jab ye log apne ehlo ayal ke pas laut kar jaen to apni put their money le
",neutral,1,aur ham zarur is kam ko poora karengen aur yoosuph ne apne mulazimon naukron ko hukm diya ki unki jma poonji unke boro men choopke se rakh do taki jab ye log apne ehlo ayal ke pas laut kar jaen to apni put their money le
222,"udaharan ke taur par, ek muslim child ki shiksha ka learn to read mahatvpoorn ang tha arbi padhne ka jnjan taki vah kuran padh saken
",positive,2,udaharan ke taur par ek muslim child ki shiksha ka learn to read mahatvpoorn ang tha arbi padhne ka jnjan taki vah kuran padh saken
223,"unhonne enaaeeephem ko is siddhant ko choosing ke lie congratulated di thi.
",neutral,1,unhonne enaaeeephem ko is siddhant ko choosing ke lie congratulated di thi
224,"iske do ansho me pippal aur do ansho me mahan shashkhargosh dikhayi deta hai.
",neutral,1,iske do ansho me pippal aur do ansho me mahan shashkhargosh dikhayi deta hai
225,"chunne ke dauran alpha channel ke sath actor ko shape den
",neutral,1,chunne ke dauran alpha channel ke sath actor ko shape den
226,"is weather underground Weather Underground jo hai jabki koee hatahat karan vibhinn duniya rajnitik muddon ke lie midiya ka dhyan lane ke lie terror group ka pradarshan ek ugrvadi sngathan amerika gaya thais mudde se kee snkshipt die ge samachar sevaon dvara terror group ke snbndh men hi ullekh hai
",negative,0,is weather underground weather underground jo hai jabki koee hatahat karan vibhinn duniya rajnitik muddon ke lie midiya ka dhyan lane ke lie terror group ka pradarshan ek ugrvadi sngathan amerika gaya thais mudde se kee snkshipt die ge samachar sevaon dvara terror group ke snbndh men hi ullekh hai
227,"s aapko bula kar raha hai  kya aap javab dena chahte hain
",positive,2,s aapko bula kar raha hai kya aap javab dena chahte hain
228,"lsd  es  di  mind par kis prkar asar dalti hai , yah present men thik-thik pata nahin hai.
",neutral,1,lsd es di mind par kis prkar asar dalti hai yah present men thikthik pata nahin hai
229,"un people ka badla yahi hai ki unapar allah aur farishton aur sare condemnation of god hai
",positive,2,un people ka badla yahi hai ki unapar allah aur farishton aur sare condemnation of god hai
230,"kya image gallery pane badalne yogy hona chahie
",neutral,1,kya image gallery pane badalne yogy hona chahie
231,"phir kaha jaega, yah vahi hai jis tum lie the
",neutral,1,phir kaha jaega yah vahi hai jis tum lie the
232,"ata patient se kam lo , uttam patient
",positive,2,ata patient se kam lo uttam patient
233,"s failed to store store mail men asaphla s
",negative,0,s failed to store store mail men asaphla s
234,"kul disbursements bakar 2,629 total mn hona
",neutral,1,kul disbursements bakar total mn hona
235,"religious brotherhood aur samprdayik gupta milap indian communities ke basis hai.
",neutral,1,religious brotherhood aur samprdayik gupta milap indian communities ke basis hai
236,"unke mamle men , ise bima chikitsa vyavsayi ke clinic aur ip case ke residence ke bich 5 ki  km  ki distance tak prti case fee men shamil kiya jata hai.
",neutral,1,unke mamle men ise bima chikitsa vyavsayi ke clinic aur ip case ke residence ke bich ki km ki distance tak prti case fee men shamil kiya jata hai
237,"yah treatment keval allergic janit asthma ke nishchit cases men hi karagar possible
",negative,0,yah treatment keval allergic janit asthma ke nishchit cases men hi karagar possible
238,"se call karen! vshingatan se call karen!
",neutral,1,se call karen vshingatan se call karen
239,"aapka discipline , samarpan aur commitment mushkil halat se gujarne men aapki rough karega.
",positive,2,aapka discipline samarpan aur commitment mushkil halat se gujarne men aapki rough karega
240,"koee doosra manushy ye kahe, kya aapko samajh understand
",neutral,1,koee doosra manushy ye kahe kya aapko samajh understand
241,"crude oil ke alava niryat kiya jane vala any malsaman.
",negative,0,crude oil ke alava niryat kiya jane vala any malsaman
242,"tab use fikr huee ki lash ko kya kare to uda ne ek kauve ko bheja ki vah zamin ko kuredne laga taki use abil ko dikha de ki use apne hide the corpse kyonkar chhupani chahie ye dekhakar vah kahne laga hae afsos kya main us se bhi aajiz hoon ki us kauve ki barabri kar sakoo ki bla se yah bhi hota to apne hide the corpse chhupa deta alagaraz vah apni harakat se bahut pachhtaya
",negative,0,tab use fikr huee ki lash ko kya kare to uda ne ek kauve ko bheja ki vah zamin ko kuredne laga taki use abil ko dikha de ki use apne hide the corpse kyonkar chhupani chahie ye dekhakar vah kahne laga hae afsos kya main us se bhi aajiz hoon ki us kauve ki barabri kar sakoo ki bla se yah bhi hota to apne hide the corpse chhupa deta alagaraz vah apni harakat se bahut pachhtaya
243,"to people today sign ruh ko to nahin  magar  tere body ko  many signs hone se  b
",positive,2,to people today sign ruh ko to nahin magar tere body ko many signs hone se b
244,"to jab eye chaundhiya jaegi,
",neutral,1,to jab eye chaundhiya jaegi
245,"apni potential ka poorn vikas n karna world men sabse greatest crime hai  jab aap apni poorn kshamta ke sath kary best karte hain , tab aap doosron ki sahayta karte hain
",positive,2,apni potential ka poorn vikas n karna world men sabse greatest crime hai jab aap apni poorn kshamta ke sath kary best karte hain tab aap doosron ki sahayta karte hain
246,"s  doosre argument ki ek time _ second ki aasha karta hai
",negative,0,s doosre argument ki ek time second ki aasha karta hai
247,"ankush ek huk aakariy process or part hai.
",neutral,1,ankush ek huk aakariy process or part hai
248,"standard chartered 140 million brought hai.
",neutral,1,standard chartered million brought hai
249,"pareshan-aadhar par bheja gaya goods consignee ke suraksha v dharita men remain basis
",neutral,1,pareshanaadhar par bheja gaya goods consignee ke suraksha v dharita men remain basis
250,"nikazad naujoomi ke chitr anekon bal pustkon men liye gaye hai.
",neutral,1,nikazad naujoomi ke chitr anekon bal pustkon men liye gaye hai
251,"thori bhi asuvidha se ve upset ho uthte hain aur government officials ke lie unhen raste par task to bring samasya ban jati hai
",negative,0,thori bhi asuvidha se ve upset ho uthte hain aur government officials ke lie unhen raste par task to bring samasya ban jati hai
252,"ata inkar karnevalon ki bat n manta aur is  qur  ke dvara unse unbelievers karo , bara unbelievers !  ji tor koshish
",neutral,1,ata inkar karnevalon ki bat n manta aur is qur ke dvara unse unbelievers karo bara unbelievers ji tor koshish
253,"installed package   s  ke lie janch raha hai
",neutral,1,installed package s ke lie janch raha hai
254,"worship hi vah folk fragment hue hai , ruin hokar rahega. aur jo kuchh ye kar rahe hai sarvtha vain hai.
",negative,0,worship hi vah folk fragment hue hai ruin hokar rahega aur jo kuchh ye kar rahe hai sarvtha vain hai
255,"kisi ko impressive manner se dekhne ki action
",positive,2,kisi ko impressive manner se dekhne ki action
256,"khuda sood ko mitata hai aur increase for charities hai aur jitne nashukre gunahgar hain khuda unhen dost nahin rakhta
",positive,2,khuda sood ko mitata hai aur increase for charities hai aur jitne nashukre gunahgar hain khuda unhen dost nahin rakhta
257,"nissndeh yahi bat pahle ki earlier men bhi hai
",positive,2,nissndeh yahi bat pahle ki earlier men bhi hai
258,"2 naqara jiski koee twenty pairs hain.
",neutral,1,naqara jiski koee twenty pairs hain
259,"aur yah ki meri bandgi karo yahi straight path hai
",positive,2,aur yah ki meri bandgi karo yahi straight path hai
260,"kya label widget sabhi upalabdh horizontal space ko bharna chahie
",neutral,1,kya label widget sabhi upalabdh horizontal space ko bharna chahie
261,"air dispersion modeling aur rupantaran farmule chhah se ek lekh samarpit karne ke lie technical quality aur vayu prdooshan ke air dispersion modeling
",positive,2,air dispersion modeling aur rupantaran farmule chhah se ek lekh samarpit karne ke lie technical quality aur vayu prdooshan ke air dispersion modeling
262,"ham sab milakar sashakt, aatmvishvas aur prosperous nation ke rup men bharat ka 21vin shatabdi men padarpan karaenge.
",positive,2,ham sab milakar sashakt aatmvishvas aur prosperous nation ke rup men bharat ka vin shatabdi men padarpan karaenge
263,"isse pahle ki boy kuchh javab deta ek titli un donon ke bich aakar apne par pharapharane lagi.
",neutral,1,isse pahle ki boy kuchh javab deta ek titli un donon ke bich aakar apne par pharapharane lagi
264,"aur unse kaha jaega apne azab ka maza chakho ye vahi hai jiski tum jaldi machaya karte the
",positive,2,aur unse kaha jaega apne azab ka maza chakho ye vahi hai jiski tum jaldi machaya karte the
265,"unki eyes spoke of death de rahi thin.
",negative,0,unki eyes spoke of death de rahi thin
266,"overcrowding and outstanding shesh pnjikaran ki snya men vriddhi hoti gayi
",positive,2,overcrowding and outstanding shesh pnjikaran ki snya men vriddhi hoti gayi
267,"is star par, pakshkaron ke learned counsel ne dhyan dilaya ki decreetal amount tab se is adalat ke maha-rjistrar ke pas jama kar di gee thi jo ki ek savdhi jama rasid men pari huee hai
",negative,0,is star par pakshkaron ke learned counsel ne dhyan dilaya ki decreetal amount tab se is adalat ke maharjistrar ke pas jama kar di gee thi jo ki ek savdhi jama rasid men pari huee hai
268,"inke alava ganesh chaturthi aur janmashtmi kuchh adhik dhoom-dham ke sng manaye jate hain.
",positive,2,inke alava ganesh chaturthi aur janmashtmi kuchh adhik dhoomdham ke sng manaye jate hain
269,"to o donon apne rab ki bounties men se kis-kis ko jhuthlaoge
",negative,0,to o donon apne rab ki bounties men se kiskis ko jhuthlaoge
270,"prices men change ko measurement ka ek paimana.
",neutral,1,prices men change ko measurement ka ek paimana
271,"act ke tahat , general , patents , dizain aur tred mark commerce evn trade ministry , industrial policy evn pravartan department ke antargat dizainon ka controller hai.
",neutral,1,act ke tahat general patents dizain aur tred mark commerce evn trade ministry industrial policy evn pravartan department ke antargat dizainon ka controller hai
272,"vinishiddhvarjit goods ke trading par control ke lie process prakriya.
",neutral,1,vinishiddhvarjit goods ke trading par control ke lie process prakriya
273,"har bar jab bhi aap full and deep sans lete hain, athva jor se atthas lagate hain, to aapko extra energy instantly prapt hoti hai
",positive,2,har bar jab bhi aap full and deep sans lete hain athva jor se atthas lagate hain to aapko extra energy instantly prapt hoti hai
274,"aapko isi reng me range hai
",neutral,1,aapko isi reng me range hai
275,"aur yah hai jiske lie ham designing kar rahe hain
",neutral,1,aur yah hai jiske lie ham designing kar rahe hain
276,"madras presidency college men radhakrishnan 1911 men laute.
",neutral,1,madras presidency college men radhakrishnan men laute
277,"soochna aur praudyogiki kshetr ne bharat ko soochna praudyogiki,bipio tatha sphtveyar sevaon ka prmukh niryatak banate hue ek major services hub ke roop men vishv men sthapit kar diya hai.
",neutral,1,soochna aur praudyogiki kshetr ne bharat ko soochna praudyogikibipio tatha sphtveyar sevaon ka prmukh niryatak banate hue ek major services hub ke roop men vishv men sthapit kar diya hai
278,"kul disbursements bakar 2,629 total rupe hona
",neutral,1,kul disbursements bakar total rupe hona
279,"yah batata hai ki file ke andar data kaise sngthit hai. data istemal karne vale kisi pragram ko file ke andar data pahchanne tatha access karne men able hona programme
",neutral,1,yah batata hai ki file ke andar data kaise sngthit hai data istemal karne vale kisi pragram ko file ke andar data pahchanne tatha access karne men able hona programme
280,"isse pata nahin kitna deep sukh use mila tha.
",positive,2,isse pata nahin kitna deep sukh use mila tha
281,"vulnerable , victim of crime hue kuchh logon men phir se uske victim banne ki adhik prvritti hoti hai
",negative,0,vulnerable victim of crime hue kuchh logon men phir se uske victim banne ki adhik prvritti hoti hai
282,"urdu bhi hindi ki is shakti se hi paida huee hain.
",neutral,1,urdu bhi hindi ki is shakti se hi paida huee hain
283,"isliye vah vidhi hamare yog ke liye paryapt nahin kisi aur sadhan ki bhi aavashyakta hai jo adhik sarvagrahi roop men bhavatmak ho.
",positive,2,isliye vah vidhi hamare yog ke liye paryapt nahin kisi aur sadhan ki bhi aavashyakta hai jo adhik sarvagrahi roop men bhavatmak ho
284,"yah kaise arji bhar ke mil sakta hai is ke lie pan krmank 15 dekhen .
",neutral,1,yah kaise arji bhar ke mil sakta hai is ke lie pan krmank dekhen
285,"folder anumtiyan likh raha hai , kripya wait karen  User
",positive,2,folder anumtiyan likh raha hai kripya wait karen user
286,"yah mujhe bad men pata chala.
",neutral,1,yah mujhe bad men pata chala
287,"in sevaon ke baren men detailed informaiton ke lie patrika upalabdh hai.
",neutral,1,in sevaon ke baren men detailed informaiton ke lie patrika upalabdh hai
288,"aap ek basta le sakte hain
",neutral,1,aap ek basta le sakte hain
289,"status bar ka toggle display karen
",neutral,1,status bar ka toggle display karen
290,"money aur sadhnon ki low se joojhte countries ki political prathmiktaon men in logon ki needs ka sthan bahut niche hota hai.
",negative,0,money aur sadhnon ki low se joojhte countries ki political prathmiktaon men in logon ki needs ka sthan bahut niche hota hai
291,"mahadvipiy tatha mahasagron ki kuchh chaunka dene vali vishishttaon ki vyakhya karne ke lie great british geologist aarthar 141bhoomndliy vivartniki homs 1928 ne yah kalpna ki ki prithvi ke pravar men kuchh aesi snvahan dharaen utpann hueen jo bhooprishth ke snchalan ka karan banin.
",positive,2,mahadvipiy tatha mahasagron ki kuchh chaunka dene vali vishishttaon ki vyakhya karne ke lie great british geologist aarthar bhoomndliy vivartniki homs ne yah kalpna ki ki prithvi ke pravar men kuchh aesi snvahan dharaen utpann hueen jo bhooprishth ke snchalan ka karan banin
292,"dar ji ne hamari mitrta ko pallvit-pushpit hone diya, parantu inko kaha ki tum bhi apne gharvalon se is snbndh men sahamti le lo, taki bad men koee kathinaee n ho.
",positive,2,dar ji ne hamari mitrta ko pallvitpushpit hone diya parantu inko kaha ki tum bhi apne gharvalon se is snbndh men sahamti le lo taki bad men koee kathinaee n ho
293,"vah sector jismen desh ki vah entire population jo apni ichchhaon aur aavashyaktaon ki poorti men snlagn ho shamil hoti ho.
",positive,2,vah sector jismen desh ki vah entire population jo apni ichchhaon aur aavashyaktaon ki poorti men snlagn ho shamil hoti ho
294,"hindi ke bare men great personalities ke vachan
",positive,2,hindi ke bare men great personalities ke vachan
295,"ek so-called philosopher king , jo apni party ke rise se oopar hai
",positive,2,ek socalled philosopher king jo apni party ke rise se oopar hai
296,"is bich priority prapt sector ko di period outstanding lending amount june 1969 se september 2000 ke bich 441 karod se badh kar 1,34,107 crore net ho period , jo public sector ke banks ke shudgh bank lending ka 4341 prtishat thi.
",positive,2,is bich priority prapt sector ko di period outstanding lending amount june se september ke bich karod se badh kar crore net ho period jo public sector ke banks ke shudgh bank lending ka prtishat thi
297,"ve svikar karte hain ki ve ek doosre par sidhe see other hai.
",positive,2,ve svikar karte hain ki ve ek doosre par sidhe see other hai
298,"21  fort iron phort ke roop men bhi jana jata hai fort bharatpur ke prmukh aetihasik attractions men se ek hai.
",positive,2,fort iron phort ke roop men bhi jana jata hai fort bharatpur ke prmukh aetihasik attractions men se ek hai
299,"svyn apne kshetr men ham lagatar koshish kar rahe hai ki clear old suspicions ho, aapsi samajh ki rah khule aur bngladesh, pakistan tatha bharat ke bich sthayi mitrta ke lie paristhitiyan anukool bane.
",positive,2,svyn apne kshetr men ham lagatar koshish kar rahe hai ki clear old suspicions ho aapsi samajh ki rah khule aur bngladesh pakistan tatha bharat ke bich sthayi mitrta ke lie paristhitiyan anukool bane
300,"is matter par vastav men introspection ki jaroorat hai ki agricultural shrmikon tatha sizeable aakar men kheti yogy land , asia men kuchh decline aane ke bavjood , ke bad bhi bahut se asian aur african countries men khadyann ki prices men atydhik vriddhi kaise huee hai.
",neutral,1,is matter par vastav men introspection ki jaroorat hai ki agricultural shrmikon tatha sizeable aakar men kheti yogy land asia men kuchh decline aane ke bavjood ke bad bhi bahut se asian aur african countries men khadyann ki prices men atydhik vriddhi kaise huee hai
301,"un logon ne found their fathers ko gumrah paya tha
",negative,0,un logon ne found their fathers ko gumrah paya tha
302,"jab vah apne lord ki ibadat ki pure heart men aesa dil lie hue bae jo har aeb se pak tha
",positive,2,jab vah apne lord ki ibadat ki pure heart men aesa dil lie hue bae jo har aeb se pak tha
303,"nakdi rin aur ovaradrapht par prbhavit byaj dar bank deposits ki dar se apekshakrit bahut adhik hoti interest
",positive,2,nakdi rin aur ovaradrapht par prbhavit byaj dar bank deposits ki dar se apekshakrit bahut adhik hoti interest
304,"ru 750 tak ki rin ke lie: 10 years
",neutral,1,ru tak ki rin ke lie years
305,"uttra twenty-eight 28, 1171
",neutral,1,uttra twentyeight
306,"sucharita ne kaha , shraddha ke dvara respectful kya truth hi milta hai
",positive,2,sucharita ne kaha shraddha ke dvara respectful kya truth hi milta hai
307,"most ke adhikansh countries dvara international prthaprachalan ko usages communication men apna liya gaya hai.
",neutral,1,most ke adhikansh countries dvara international prthaprachalan ko usages communication men apna liya gaya hai
308,"prdhan mntri karyalay men financial year 2015-16 ke dauran aesa koee bhi saman nahi kharida gaya jiska mooly 10 lakh rupe ya usse adhik ho.
",positive,2,prdhan mntri karyalay men financial year ke dauran aesa koee bhi saman nahi kharida gaya jiska mooly lakh rupe ya usse adhik ho
309,"yah urban land  uchchitam ceiling aur regulation  , act , 1976 tatha urban land  uchch tam ceiling aur regulation  repeal act , 1999  ka prshasan karta hai.
",positive,2,yah urban land uchchitam ceiling aur regulation act tatha urban land uchch tam ceiling aur regulation repeal act ka prshasan karta hai
310,"koee maintenance charges dene ki jarurat nahin hai.
",negative,0,koee maintenance charges dene ki jarurat nahin hai
311,"next auto increment value prapti viphal huee
",negative,0,next auto increment value prapti viphal huee
312,"upasthit vyakti ke lie busy information prashnagat karen
",positive,2,upasthit vyakti ke lie busy information prashnagat karen
313,"han, yadi donon men se koee bhi ek paksh sunvaee ka sthagan chahta hai to unhen sthagan reasons for seeking ko batate hue ekschenj ke pas agrim roop se ek make an application jisse ki ekschenj aese anurodh ko aarbitretar ko bhej sake.
",positive,2,han yadi donon men se koee bhi ek paksh sunvaee ka sthagan chahta hai to unhen sthagan reasons for seeking ko batate hue ekschenj ke pas agrim roop se ek make an application jisse ki ekschenj aese anurodh ko aarbitretar ko bhej sake
314,"platform update ke sath Windows 7Windows Vista ke lie video output
",neutral,1,platform update ke sath windows windows vista ke lie video output
315,"rashtriya bank srijana ka publication :
",neutral,1,rashtriya bank srijana ka publication
316,"magar information gayab hai , n koee follow ki bat ,
",negative,0,magar information gayab hai n koee follow ki bat
317,"2011-12 men construction sector ka gdp ghareloo utpad men lagabhag 78 prtishat share tha.
",positive,2,men construction sector ka gdp ghareloo utpad men lagabhag prtishat share tha
318,"aapko apne vrihad expertise and experience ka upyukt upyog karna hoga.
",positive,2,aapko apne vrihad expertise and experience ka upyukt upyog karna hoga
319,"ek muscle jo kisi organ ka aakunchan karti hai
",neutral,1,ek muscle jo kisi organ ka aakunchan karti hai
320,"kya  -- driver generic-mmc-raw  ka pryog cdrdao ke sath karna hai
",neutral,1,kya driver genericmmcraw ka pryog cdrdao ke sath karna hai
321,"desktop background bhoomi   s  ke roop men use karen
",neutral,1,desktop background bhoomi s ke roop men use karen
322,"ek bone jo skull ka front part nirmit karti hai housing brain hota hai
",neutral,1,ek bone jo skull ka front part nirmit karti hai housing brain hota hai
323,"s ,  d   snpann ,  s sheshshesh
",neutral,1,s d snpann s sheshshesh
324,"i fox hoon !   s  fox ne kaha.
",neutral,1,i fox hoon s fox ne kaha
325,"vah government official jo immovable property par lage shulk se matters related ki dekhrekh karta hai.
",negative,0,vah government official jo immovable property par lage shulk se matters related ki dekhrekh karta hai
326,"mool roop se is mndir ka nirman chauthi shatabdi ke aas-pas huaa century
",neutral,1,mool roop se is mndir ka nirman chauthi shatabdi ke aaspas huaa century
327,"ae messenger  say kah do ki uda ki itaat karo aur messenger ki itaat karo is par bhi agar say sartabi karoge to bas messenger par itna hi  tabli  vajib hai jiske vah zimmedar kie ge hain aur jiske zimmedar say banae ge ho say par vajib hai aur agar say uski itaat karoge to hidayat paoge aur messenger par to sirph clear taur par  ehkam ka  pahunchana pharj hai
",positive,2,ae messenger say kah do ki uda ki itaat karo aur messenger ki itaat karo is par bhi agar say sartabi karoge to bas messenger par itna hi tabli vajib hai jiske vah zimmedar kie ge hain aur jiske zimmedar say banae ge ho say par vajib hai aur agar say uski itaat karoge to hidayat paoge aur messenger par to sirph clear taur par ehkam ka pahunchana pharj hai
328,"understand type nahi paya s
",neutral,1,understand type nahi paya s
329,"madhya pradesh snbhavatya subcontinent mahadvip ka snbhatya sabse oldest sthan hai jise gondwana kahte hain  gonds samuday ka ghar.
",neutral,1,madhya pradesh snbhavatya subcontinent mahadvip ka snbhatya sabse oldest sthan hai jise gondwana kahte hain gonds samuday ka ghar
330,"free reeds ka chalan india men bahut kam hai aur harmonium areas eastern india ke tribal kshetr ke scarce instrument khung athva roosem men dekhne ko milti hain
",positive,2,free reeds ka chalan india men bahut kam hai aur harmonium areas eastern india ke tribal kshetr ke scarce instrument khung athva roosem men dekhne ko milti hain
331,"forgiveness from allah ki prarthna karo. surely allah bahut forgiving, compassionate hai
",positive,2,forgiveness from allah ki prarthna karo surely allah bahut forgiving compassionate hai
332,"males present females donon men perineum se niche vidyman muscle
",neutral,1,males present females donon men perineum se niche vidyman muscle
333,"lord kaha ,  ae mere rab ! phir too mujhe us day tak ke lie muhallat de , jabki log  jivit karke  uthae jaenge.
",neutral,1,lord kaha ae mere rab phir too mujhe us day tak ke lie muhallat de jabki log jivit karke uthae jaenge
334,"main window ke lie die ge geometry ko apply karen
",neutral,1,main window ke lie die ge geometry ko apply karen
335,"central government ne bhi desh bhar men environment by plastic ko ho rahe caused to environment ke lie ek samiti aur task phors banaee, jisne adhyeyan kiya aur sipharshen taiyar kin.
",negative,0,central government ne bhi desh bhar men environment by plastic ko ho rahe caused to environment ke lie ek samiti aur task phors banaee jisne adhyeyan kiya aur sipharshen taiyar kin
336,"aur unke is kathan ke karan ki hamne marayam ke bete christ jesus, messenger of allah, ko tl kar dala-halanki n to inhonne use tl kiya aur n use sooli par chadhaya, balki mamla unke lie sndigdh ho gaya. aur jo log ismen vibhed kar rahe hai, nishchay hi ve is full of doubts conjecture to follow par chalne ke atirikt unke pas koee jnjan n tha. nishchay hi unhonne use eesa ko tl nahin kiya,
",negative,0,aur unke is kathan ke karan ki hamne marayam ke bete christ jesus messenger of allah ko tl kar dalahalanki n to inhonne use tl kiya aur n use sooli par chadhaya balki mamla unke lie sndigdh ho gaya aur jo log ismen vibhed kar rahe hai nishchay hi ve is full of doubts conjecture to follow par chalne ke atirikt unke pas koee jnjan n tha nishchay hi unhonne use eesa ko tl nahin kiya
337,"kile ke andar do kamron ko anglican worship tabdil kar diya gaya tha, ek englikan dharmopasna ke lie aur doosra roman catholic upasna ke lie.
",positive,2,kile ke andar do kamron ko anglican worship tabdil kar diya gaya tha ek englikan dharmopasna ke lie aur doosra roman catholic upasna ke lie
338,"ab mujhe nahin pata ki vo mere sath toying kar rahi hain ya nahin,
",neutral,1,ab mujhe nahin pata ki vo mere sath toying kar rahi hain ya nahin
339,"snapped men jaon , ullas chikha aur uthakar dharam se door bnd karke chala gaya.
",negative,0,snapped men jaon ullas chikha aur uthakar dharam se door bnd karke chala gaya
340,"sab coal ki takat pe khare hue
",neutral,1,sab coal ki takat pe khare hue
341,"yah i bad men pata chala.
",neutral,1,yah i bad men pata chala
342,"relevant doctor ya doctor or nurse se batchit karne ke bad, hasptal men aap ya aap ke sambandhi ko prapt hone vali services or facilities men yadi aap prasann nahin hain, to aap aucharik shikayat kar sakte hain.
",negative,0,relevant doctor ya doctor or nurse se batchit karne ke bad hasptal men aap ya aap ke sambandhi ko prapt hone vali services or facilities men yadi aap prasann nahin hain to aap aucharik shikayat kar sakte hain
343,"non desh hamesha se peace ke allies rahe hai.
",positive,2,non desh hamesha se peace ke allies rahe hai
344,"jise greatest mera sabse good vrat kaha tha usne unke ullaspoorn aur manovinodi svbhav ko kis sima tak vapas lautaya , yah us letter se spasht hai jise greatest days din bad mira bahan ke lie likhvaya thaa i yah letter sadhe  days baje ki prarthna ke phauran bad likhva raha hoon jabki main apna vah cheer kar raha hoon jo ek vrat rakhnevale man ke lie nirdharit hai.
",positive,2,jise greatest mera sabse good vrat kaha tha usne unke ullaspoorn aur manovinodi svbhav ko kis sima tak vapas lautaya yah us letter se spasht hai jise greatest days din bad mira bahan ke lie likhvaya thaa i yah letter sadhe days baje ki prarthna ke phauran bad likhva raha hoon jabki main apna vah cheer kar raha hoon jo ek vrat rakhnevale man ke lie nirdharit hai
345,"ismen vah ki command dalen jiske hone par key du shuroo ho jaye.
",positive,2,ismen vah ki command dalen jiske hone par key du shuroo ho jaye
346,"agar apne raja ki bat ko manne se inkar karta hai to uske tatha uske nikat snbndhiyon ki jan jati hai.
",positive,2,agar apne raja ki bat ko manne se inkar karta hai to uske tatha uske nikat snbndhiyon ki jan jati hai
347,"windows jise default roop se alpha blur ka pryog karna chahie
",neutral,1,windows jise default roop se alpha blur ka pryog karna chahie
348,"dieneaarene  protin uparyu sari iriyaen ek parakhanli men bhi ki ja sakti hain basharte iske lie aavshri-oonshchhsh-yak enzymes and ribosome aadi padarth upalbri-oonshchhsh-dh honprarnbhik jankari ka rim dene hetu nri-oonshchhsh-yookri-oonshchhsh-liik amri-oonshchhsh-l bhi upalbri-oonshchhsh-dh ho
",positive,2,dieneaarene protin uparyu sari iriyaen ek parakhanli men bhi ki ja sakti hain basharte iske lie aavshrioonshchhshyak enzymes and ribosome aadi padarth upalbrioonshchhshdh honprarnbhik jankari ka rim dene hetu nrioonshchhshyookrioonshchhshliik amrioonshchhshl bhi upalbrioonshchhshdh ho
349,"philosophy hamari enemy hai. yah darshan hai
",negative,0,philosophy hamari enemy hai yah darshan hai
350,"uda ne pharmaya chal  door ho  unmen se jo shash teri pairvi karega to  yad rahe ki  tum sabki allah jahannum hai aur vah bhi thou thou allah hai
",negative,0,uda ne pharmaya chal door ho unmen se jo shash teri pairvi karega to yad rahe ki tum sabki allah jahannum hai aur vah bhi thou thou allah hai
351,"usse gentle bat karna, haply vah dhyan de ya fear
",negative,0,usse gentle bat karna haply vah dhyan de ya fear
352,"munbee men historical structures jahan rajypal nivas karte the.
",neutral,1,munbee men historical structures jahan rajypal nivas karte the
353,"theme  s thik se gnome hai
",neutral,1,theme s thik se gnome hai
354,"sbhaki baithak ka sthagan -- sthagan hone par sabha ki baithak samapt ho jati hai aur sabha agli baithak ke lie time appointed par puna samvet hoti hai.
",neutral,1,sbhaki baithak ka sthagan sthagan hone par sabha ki baithak samapt ho jati hai aur sabha agli baithak ke lie time appointed par puna samvet hoti hai
355,"label map par dhoomketuon par comet names
",neutral,1,label map par dhoomketuon par comet names
356,"sundar kanya devdevi brahma ki srishti ki gauravpoorn rachna thi.
",positive,2,sundar kanya devdevi brahma ki srishti ki gauravpoorn rachna thi
357,"aur nishchay hi tumhare lie chaupayon men bhi ek shiksha hai. unke peton men jo kuchh hai usmen se ham tumhen pilate hai. au tumhare lie unmen bahut-se fayde hai aur unhen tum khate bhi ho
",positive,2,aur nishchay hi tumhare lie chaupayon men bhi ek shiksha hai unke peton men jo kuchh hai usmen se ham tumhen pilate hai au tumhare lie unmen bahutse fayde hai aur unhen tum khate bhi ho
358,"hamare refer to teachings aur udaharnon ko uddhrit karte hain,
",neutral,1,hamare refer to teachings aur udaharnon ko uddhrit karte hain
359,"lord taj vastav men realty temple hai
",neutral,1,lord taj vastav men realty temple hai
360,"national education speech celebrations tatha 40vin jawaharlal nehroo national children science , mathematics aur environment exhibition - 2013 ke inauguration ke avasar par india ke president ka abhibhashan
",neutral,1,national education speech celebrations tatha vin jawaharlal nehroo national children science mathematics aur environment exhibition ke inauguration ke avasar par india ke president ka abhibhashan
361,"jhanivasiyon ki respect kar ki recovery
",positive,2,jhanivasiyon ki respect kar ki recovery
362,"yah gross aur obvious examples hai , parntu logon ke bich asnkhy aur subtle ways se anek galat infinite paida ho sakti hain aur law kee tarah se traditional raston men ulajh sakta hai.
",negative,0,yah gross aur obvious examples hai parntu logon ke bich asnkhy aur subtle ways se anek galat infinite paida ho sakti hain aur law kee tarah se traditional raston men ulajh sakta hai
363,"tumhara paravardigar tumhare hal se khoob vaiph hai agar chahega tum par raham karega aur agar chahega tum par azab karega aur ae rasool hamne tumko kuchh un logon ka zimmedar banakar nahin bheja hai
",positive,2,tumhara paravardigar tumhare hal se khoob vaiph hai agar chahega tum par raham karega aur agar chahega tum par azab karega aur ae rasool hamne tumko kuchh un logon ka zimmedar banakar nahin bheja hai
364,"ham pahle dekh chuke hain ki hajaro bhat basav ke ghar aate the aur vah bhatipad gata huaa, shiv ke bare men baten karta huaa raten unhin ke sath bitata tha
",positive,2,ham pahle dekh chuke hain ki hajaro bhat basav ke ghar aate the aur vah bhatipad gata huaa shiv ke bare men baten karta huaa raten unhin ke sath bitata tha
365,"jaha bhi aap je dekhe, aap ise substitute kare sath
",neutral,1,jaha bhi aap je dekhe aap ise substitute kare sath
366,"process of creation ke lie air india ne vimanon ke lie ne addo ke nirman ki prakriya men laga huaa hai. iske antargat
",positive,2,process of creation ke lie air india ne vimanon ke lie ne addo ke nirman ki prakriya men laga huaa hai iske antargat
367,"man nirmit pollution se hone vali damage aur future men man jati par hone vale uske effects ka ab number countries men gnbhirtapoorvak scientists ke dvara adhyayan kiya ja raha hai.
",negative,0,man nirmit pollution se hone vali damage aur future men man jati par hone vale uske effects ka ab number countries men gnbhirtapoorvak scientists ke dvara adhyayan kiya ja raha hai
368,"negative 3, opposite 3 hai
",negative,0,negative opposite hai
369,"yah institution nation ke nav nirman ki drishti se upyogi nahin good
",negative,0,yah institution nation ke nav nirman ki drishti se upyogi nahin good
370,"to kya ye log chastisement azab ki jaldi kar rahe hain
",neutral,1,to kya ye log chastisement azab ki jaldi kar rahe hain
371,"21van th  january janavri-10 december  : 3 india par kendrit
",positive,2,van th january janavri december india par kendrit
372,"agar aap pahle se hi widow hai ya phir vidhur hai to aap ko aap ke gujre hue pati ya phir patni ka additional pension pension 100 tak mil sakta husband
",neutral,1,agar aap pahle se hi widow hai ya phir vidhur hai to aap ko aap ke gujre hue pati ya phir patni ka additional pension pension tak mil sakta husband
373,"un dino agar ek aur great great bhoobhago par raj karne vale aur unke adhin sanmti karne vale aese minor minor chieftains sardar bhi the jo limited bhoobhago ka rulers kiya karte tributes
",positive,2,un dino agar ek aur great great bhoobhago par raj karne vale aur unke adhin sanmti karne vale aese minor minor chieftains sardar bhi the jo limited bhoobhago ka rulers kiya karte tributes
374,"achchhit tarah ki chikitsath medical employees ke uch st  riy svanasyki aur physical fitness sunishchit karegi aur accidents ki high kam karegi absenteeism ghategi aur labour utpadan standards
",positive,2,achchhit tarah ki chikitsath medical employees ke uch st riy svanasyki aur physical fitness sunishchit karegi aur accidents ki high kam karegi absenteeism ghategi aur labour utpadan standards
375,"uske blood ka flow skin by increasing tvcha ki redness
",neutral,1,uske blood ka flow skin by increasing tvcha ki redness
376,"vah apne karyon ke jarie tatha vidyarthiyon ko apni kshamta arjit karne men madad karne ke lie jnjan prdan karke vatavaran ko sakaratmak tarike se prbhavit karne ka kary karta hai.
",positive,2,vah apne karyon ke jarie tatha vidyarthiyon ko apni kshamta arjit karne men madad karne ke lie jnjan prdan karke vatavaran ko sakaratmak tarike se prbhavit karne ka kary karta hai
377,"poor children ke lie ek new computer center chaloo hone vala hai.
",negative,0,poor children ke lie ek new computer center chaloo hone vala hai
378,"rajiv gandhi advocate prshikshan hetu aavedan karna
",neutral,1,rajiv gandhi advocate prshikshan hetu aavedan karna
379,"is period ka only communication upadan factor tha jo mauryan period men prarnbh kiya gaya tha kyonki stable government ne empire ke various bhagon men sncharan sunishchit kiya tha tatha active internal factor ko protsahit kiya tha.
",positive,2,is period ka only communication upadan factor tha jo mauryan period men prarnbh kiya gaya tha kyonki stable government ne empire ke various bhagon men sncharan sunishchit kiya tha tatha active internal factor ko protsahit kiya tha
380,"finance bill 29 march 2000 ko published kiya gaya tha.
",neutral,1,finance bill march ko published kiya gaya tha
381,"aur baz bande aese hain ki jo duaa karte hain ki ae mere palne vale mujhe world men neamat lord aur aairat men savab lord aur doza ki bag se bacha
",positive,2,aur baz bande aese hain ki jo duaa karte hain ki ae mere palne vale mujhe world men neamat lord aur aairat men savab lord aur doza ki bag se bacha
382,"astonished in media knpniyon ki hava nikal di.
",positive,2,astonished in media knpniyon ki hava nikal di
383,"prkar column on startup par show disk view
",neutral,1,prkar column on startup par show disk view
384,"ladies aur sajjno, toast ham sab milakra
",positive,2,ladies aur sajjno toast ham sab milakra
385,"arbudchhedan treatment ka good option hai
",positive,2,arbudchhedan treatment ka good option hai
386,"gandhiji ke non cooperation chhirne ke bad ve gandhiji ke ways aur violent cooperation men se apne lie rasta azad lage.
",negative,0,gandhiji ke non cooperation chhirne ke bad ve gandhiji ke ways aur violent cooperation men se apne lie rasta azad lage
387,"arab israeli war ne in visiting these countries karne se paryatak ko door rakha.
",negative,0,arab israeli war ne in visiting these countries karne se paryatak ko door rakha
388,"joint forest management committees ne aksar tribal resources ko pichhara aur abhavagrast banane vale forest snsadhnon ke exploitation ko samapt karne men key role nibhaee hai.
",negative,0,joint forest management committees ne aksar tribal resources ko pichhara aur abhavagrast banane vale forest snsadhnon ke exploitation ko samapt karne men key role nibhaee hai
389,"aesa nahin kaha ja sakta hai ki yah product india men unknown tha
",neutral,1,aesa nahin kaha ja sakta hai ki yah product india men unknown tha
390,"ae rasool  kya tumne un logon ke hal par nazar nahin ki jo aap bare pure bante hain  magar usse kya hota hai  balki uda jise chahta hai pure banata hai aur zulm to kisi par dhage ke barabar ho hi style nahin
",positive,2,ae rasool kya tumne un logon ke hal par nazar nahin ki jo aap bare pure bante hain magar usse kya hota hai balki uda jise chahta hai pure banata hai aur zulm to kisi par dhage ke barabar ho hi style nahin
391,"lagatar do months tak vah fell ill
",negative,0,lagatar do months tak vah fell ill
392,"yadi yah saty par niyat kiya jata hai, icon and list drishy shows folders prior ko failen ke pahle dikhaega
",positive,2,yadi yah saty par niyat kiya jata hai icon and list drishy shows folders prior ko failen ke pahle dikhaega
393,"bahy roop se chaturbhuj open court ek prakar se ghira hota hai jismen ek vihar, ya malika hoti hai jise sthaniy roop se locally called nalambalam kaha jata hain
",neutral,1,bahy roop se chaturbhuj open court ek prakar se ghira hota hai jismen ek vihar ya malika hoti hai jise sthaniy roop se locally called nalambalam kaha jata hain
394,"aur shayad aap sabhi men bhi vah hota hai, aur agar vah aapke pas nahin hai to aapko uski aavashyakta hai.
",neutral,1,aur shayad aap sabhi men bhi vah hota hai aur agar vah aapke pas nahin hai to aapko uski aavashyakta hai
395,"saman roop se evident introspection ke lie grounds hain.
",neutral,1,saman roop se evident introspection ke lie grounds hain
396,"citizens ne khud ko political protests men aayojit kiya aur
",negative,0,citizens ne khud ko political protests men aayojit kiya aur
397,"india government ke pas country ki defence ke lie adequate plans v intjam n the
",negative,0,india government ke pas country ki defence ke lie adequate plans v intjam n the
398,"athva basav ki bat sunen, jar per ka mukh hai, jar ko sincho aur dekho vah choti par hara-bhra ho jata hai.
",positive,2,athva basav ki bat sunen jar per ka mukh hai jar ko sincho aur dekho vah choti par harabhra ho jata hai
399,"aur ham ahle saba aur sham ki un bastiyon ke darmiyan jinmen hamne barakat ata ki thi aur chand bastiyan sre rah aabad ki thi jo baham numaya thin aur hamne unmen aamad v rapht ki rah murrar ki thi ki unmen raton ko dinon ko jab ji chahe bekhatke chalo phiro
",positive,2,aur ham ahle saba aur sham ki un bastiyon ke darmiyan jinmen hamne barakat ata ki thi aur chand bastiyan sre rah aabad ki thi jo baham numaya thin aur hamne unmen aamad v rapht ki rah murrar ki thi ki unmen raton ko dinon ko jab ji chahe bekhatke chalo phiro
400,"aur bahut talk ho rahin hain ki yah conference lot asadharan hai, kayapalat kar deti hai,
",neutral,1,aur bahut talk ho rahin hain ki yah conference lot asadharan hai kayapalat kar deti hai
401,"work anything kaha :  ki ukt patr ka 28 day 1883 ka ank poori tarah best responsibility par taiyar huaa aur chhapa  best sarvadhik knowledge , soochna aur belief ke anusar ramcoomar periodical ne issue se pahle iske editorial ki samagri ko nahin paa
",positive,2,work anything kaha ki ukt patr ka day ka ank poori tarah best responsibility par taiyar huaa aur chhapa best sarvadhik knowledge soochna aur belief ke anusar ramcoomar periodical ne issue se pahle iske editorial ki samagri ko nahin paa
402,"bas karnival aur naiph ke lie
",neutral,1,bas karnival aur naiph ke lie
403,"115kakh 1 jahan kisi assessee ki, jo overseas financial sngathan hai jise isfund iske pashchat apatat nidhi kaha gaya hai kul aay fund,
",neutral,1,kakh jahan kisi assessee ki jo overseas financial sngathan hai jise isfund iske pashchat apatat nidhi kaha gaya hai kul aay fund
404,"is cell par validity tests hataen
",neutral,1,is cell par validity tests hataen
405,"yahan sthit krishna temple , pattabhiram temple , hazara ram chndr aur chndr shekhar temple bhi yahan ke jain temple hain jo other examples hain.
",neutral,1,yahan sthit krishna temple pattabhiram temple hazara ram chndr aur chndr shekhar temple bhi yahan ke jain temple hain jo other examples hain
406,"ve kahte hai ,  ae vyakti , jisapar remembrance avatrit huaa , tum nishchay hi mad ho !
",negative,0,ve kahte hai ae vyakti jisapar remembrance avatrit huaa tum nishchay hi mad ho
407,"financial matters men time ki ghadi.
",negative,0,financial matters men time ki ghadi
408,"jab various types ke works ke lie ek hi composite tender jari kiya jata ho.
",neutral,1,jab various types ke works ke lie ek hi composite tender jari kiya jata ho
409,"aap prat 10 sharp vahan ho tej
",neutral,1,aap prat sharp vahan ho tej
410,"agar i kuchh covered nahin kiya hai , par ek comment likhne ke lie free something karta hoon
",positive,2,agar i kuchh covered nahin kiya hai par ek comment likhne ke lie free something karta hoon
411,"is possessions men  un poor approval ka god bhi hai jo apne homes se aur malon se nikale  aur favor kie  ge  aur  uda ke fazal v ushnoodi ke messenger hain aur uda ki aur uske rasool ki aid karte hain yahi log sachche sincere hain aur  unka bhi god hai
",positive,2,is possessions men un poor approval ka god bhi hai jo apne homes se aur malon se nikale aur favor kie ge aur uda ke fazal v ushnoodi ke messenger hain aur uda ki aur uske rasool ki aid karte hain yahi log sachche sincere hain aur unka bhi god hai
412,"i ne pap kiya hai , innocent blood ko dhokha diya hai
",negative,0,i ne pap kiya hai innocent blood ko dhokha diya hai
413,"companies dvara unke dvara kamae ge profitspoonji profits par diya jane vala tax
",positive,2,companies dvara unke dvara kamae ge profitspoonji profits par diya jane vala tax
414,"military action itni chhitri huee aur chhutput thi ki hamari janta , jinka n koee neta tha aur n hi jiske pas door-draj ke ilakon tak snchar ke koee sadhan the , shayad spasht roop se yah janti tak nahin thi ki unke desh ko ya ho raha
",positive,2,military action itni chhitri huee aur chhutput thi ki hamari janta jinka n koee neta tha aur n hi jiske pas doordraj ke ilakon tak snchar ke koee sadhan the shayad spasht roop se yah janti tak nahin thi ki unke desh ko ya ho raha
415,"example ke lie silicon valley men parampaphrik indian takniki udymi dvara ek mahatvalpoorn kshetr significant kiya gaya ethnic
",positive,2,example ke lie silicon valley men parampaphrik indian takniki udymi dvara ek mahatvalpoorn kshetr significant kiya gaya ethnic
416,"vah bare gusse se phir phuskara.
",neutral,1,vah bare gusse se phir phuskara
417,"jo koee achchha virtue brings aaya use usse uttam prapt hoga , aur jo bura aacharan brings aaya to misdeeds karnevalon ko to vas vahi milega jo ve karte the
",positive,2,jo koee achchha virtue brings aaya use usse uttam prapt hoga aur jo bura aacharan brings aaya to misdeeds karnevalon ko to vas vahi milega jo ve karte the
418,"debenture bond ke bare men i samast complete hai.
",neutral,1,debenture bond ke bare men i samast complete hai
419,"islie i ek number line khichne ja raha hoo , aur
",positive,2,islie i ek number line khichne ja raha hoo aur
420,"us kid ke vishay paper jise yahapatr mila
",neutral,1,us kid ke vishay paper jise yahapatr mila
421,"4 ka square , kaun si snkhya ya kaun si positive snkhya
",positive,2,ka square kaun si snkhya ya kaun si positive snkhya
422,"vo taiwan vale babies jitne good the
",positive,2,vo taiwan vale babies jitne good the
423,"aap ise store nahi kar sakte.
",neutral,1,aap ise store nahi kar sakte
424,"god yadi hai , to vah yah chinta nahin karega ki tum uske astitv ko svikar karte ho ya asvikar.
",negative,0,god yadi hai to vah yah chinta nahin karega ki tum uske astitv ko svikar karte ho ya asvikar
425,"isi tarah vishv-chitr bhi keval self ignorance ke world ke picture aatma ke reflected light men hi dikhaee parta hai.
",negative,0,isi tarah vishvchitr bhi keval self ignorance ke world ke picture aatma ke reflected light men hi dikhaee parta hai
426,"earlier ek day pahle unke fourth son bhupendranath ki thirteen varsh ki age men premature death ne bhi jald hi unki jivanlila samapt karne men madad ki hogi.
",negative,0,earlier ek day pahle unke fourth son bhupendranath ki thirteen varsh ki age men premature death ne bhi jald hi unki jivanlila samapt karne men madad ki hogi
427,"ata families samajh sakte hain ki employment jutane , critical development , social justice , women welfare , karigron aur unki kala ko preservation tatha protsahan aur critical logon ka shahron tatha nagron ki taraph migration par ankush lagane jese several national realization ko prapt karne ke abhiyan men handloom sector kitna mahatvpoorn hai.
",positive,2,ata families samajh sakte hain ki employment jutane critical development social justice women welfare karigron aur unki kala ko preservation tatha protsahan aur critical logon ka shahron tatha nagron ki taraph migration par ankush lagane jese several national realization ko prapt karne ke abhiyan men handloom sector kitna mahatvpoorn hai
428,". iske atiriktak changes data men parivartan ya correction ke lie requests ya ne changes card ke lie requests  maujooda changes ke lie  bhi internet ke madhyapam se kiya ja sakta hai.
",neutral,1,iske atiriktak changes data men parivartan ya correction ke lie requests ya ne changes card ke lie requests maujooda changes ke lie bhi internet ke madhyapam se kiya ja sakta hai
429,"clinician jitna anubhvi hoga uske dvara ki gayi physical examination bhi utni hi satik hogi
",positive,2,clinician jitna anubhvi hoga uske dvara ki gayi physical examination bhi utni hi satik hogi
430,"many men kee service candidate ke lie hone vali parikshaon men general knowledge ke civil akasar poochhe jate hain.
",neutral,1,many men kee service candidate ke lie hone vali parikshaon men general knowledge ke civil akasar poochhe jate hain
431,"kheti, udyog tatha rashtriy prvritti ke any vibhagon men sahkarita ki bhavna ko protsahan dena chahiye, jisse svdhin bharat sahkari prjatntr ka roop grahan kar sake.
",positive,2,kheti udyog tatha rashtriy prvritti ke any vibhagon men sahkarita ki bhavna ko protsahan dena chahiye jisse svdhin bharat sahkari prjatntr ka roop grahan kar sake
432,"parntu vishvas share , ham sabhi men ek avishvasniy powerful thing hai -
",positive,2,parntu vishvas share ham sabhi men ek avishvasniy powerful thing hai
433,"aap uski teenage ke dauran , jo kabhi-kbhi bari difficult avastha hoti hai , usse apna sometimes antrng relationship sthapit kar sakte hain
",negative,0,aap uski teenage ke dauran jo kabhikbhi bari difficult avastha hoti hai usse apna sometimes antrng relationship sthapit kar sakte hain
434,"bahut chhote change in time men, ham ek roughly taur par nirntar hai
",neutral,1,bahut chhote change in time men ham ek roughly taur par nirntar hai
435,"savitri ke love ki strength se chakit hokar rid isi ke sath usse pichha chhurane ki utkat ichchha se series ne use kee vardan sons aur unhin boons ke course men savitri ne ek psychological moment men unse yah bhi svikar karaya ki use satyvan se sau putron ki prapti ho.
",positive,2,savitri ke love ki strength se chakit hokar rid isi ke sath usse pichha chhurane ki utkat ichchha se series ne use kee vardan sons aur unhin boons ke course men savitri ne ek psychological moment men unse yah bhi svikar karaya ki use satyvan se sau putron ki prapti ho
436,"kya tumne dekha nahin ki ve distract valley men bahke phirte hain ,
",negative,0,kya tumne dekha nahin ki ve distract valley men bahke phirte hain
437,"amount ke vitaran ke bare men taiyar ki gee information on amount
",neutral,1,amount ke vitaran ke bare men taiyar ki gee information on amount
438,"menu mad v items ke liye label jo is activate this action karta hai
",neutral,1,menu mad v items ke liye label jo is activate this action karta hai
439,"par jo patient unki bat mane nahin, uske lie ve kya kar sakte the
",neutral,1,par jo patient unki bat mane nahin uske lie ve kya kar sakte the
440,"aur  unke jhuthlane se  i hesitant ruk jae aur meri tongue  achchhi tarah  n chale to haroon ke pas paiam bhej de  ki i sath de
",positive,2,aur unke jhuthlane se i hesitant ruk jae aur meri tongue achchhi tarah n chale to haroon ke pas paiam bhej de ki i sath de
441,"jo vajib hukook se mal men bukhl karne vala had se bane vala din men sha karne vala tha
",negative,0,jo vajib hukook se mal men bukhl karne vala had se bane vala din men sha karne vala tha
442,"aur yah ki meri bandgi karo  yahi straight path hai
",positive,2,aur yah ki meri bandgi karo yahi straight path hai
443,"tisra, aetihasik roop se islamvad ka marksvad aur leninvad se aetihasik aur darshnik sambandh hai. misr ke islamvadi chintak saiyad kutb ne itihas ke marksvadi vikas ke charan ki avdharna ko svikar kiya tha aur ise matr islami svroop diya aur unhonne bhavishyvani ki thi ki poonjivad aur kamyunijm ke patan ke uprant shashvat islami yug aayega. 1978-79 ki eerani kranti ke pichhe prmukh bauddhik vyakti ali shariyati ne che guvera, phranj phanon aur jin pal sartar ka pharsi men anuvad kiya tha. isse bhi vistrit roop men eerani vishleshak ajar naphisi ne paya ki islamvad,  apni bhasha, uddeshy aur prerna marksvad ke najuk svroop se leta hai jitna ki yah dharm se. iske neta lenin, sarter , stalin aur phainon se bhi prbhavit hain jaise paigambar se.
",positive,2,tisra aetihasik roop se islamvad ka marksvad aur leninvad se aetihasik aur darshnik sambandh hai misr ke islamvadi chintak saiyad kutb ne itihas ke marksvadi vikas ke charan ki avdharna ko svikar kiya tha aur ise matr islami svroop diya aur unhonne bhavishyvani ki thi ki poonjivad aur kamyunijm ke patan ke uprant shashvat islami yug aayega ki eerani kranti ke pichhe prmukh bauddhik vyakti ali shariyati ne che guvera phranj phanon aur jin pal sartar ka pharsi men anuvad kiya tha isse bhi vistrit roop men eerani vishleshak ajar naphisi ne paya ki islamvad apni bhasha uddeshy aur prerna marksvad ke najuk svroop se leta hai jitna ki yah dharm se iske neta lenin sarter stalin aur phainon se bhi prbhavit hain jaise paigambar se
444,"to ham is ek hi statement puna bana sakte hain.
",neutral,1,to ham is ek hi statement puna bana sakte hain
445,"islie bharat educational and cultural unki shaikshnik aur sanskritik niti ko snshodhit karne ka koee karan nahin raha, jo ki 1857 ke vidroh ka ek karan tha, balki bari snkhya men bhartiyon ki sahayta se use aur suvvasthit g se achchhi tarah karyanvit karne ka nishchay kiya.
",positive,2,islie bharat educational and cultural unki shaikshnik aur sanskritik niti ko snshodhit karne ka koee karan nahin raha jo ki ke vidroh ka ek karan tha balki bari snkhya men bhartiyon ki sahayta se use aur suvvasthit g se achchhi tarah karyanvit karne ka nishchay kiya
446,"great ek nahin kee man aese several jo centuries tak unki mahapurush ke contributions men manyta kamay rakhenge.
",positive,2,great ek nahin kee man aese several jo centuries tak unki mahapurush ke contributions men manyta kamay rakhenge
447,"is tarah live se behatar hai us tarah mar die
",positive,2,is tarah live se behatar hai us tarah mar die
448,"enech-47  valayar-klihikvila  jiski length 416800  mitar hai
",positive,2,enech valayarklihikvila jiski length mitar hai
449,"raktdab ya measure blood ke lie kaph ko upper arm par lapet diya jata hai aur staithoskop uske niche, round the upper rakha jata hai jisse, usse hokar gujarne vale rakt ke spndan ko suna ja sake.
",negative,0,raktdab ya measure blood ke lie kaph ko upper arm par lapet diya jata hai aur staithoskop uske niche round the upper rakha jata hai jisse usse hokar gujarne vale rakt ke spndan ko suna ja sake
450,"ab, tum tay kar sakte hain, achchhi tarah se, price tay kaise main us mooly set that price
",positive,2,ab tum tay kar sakte hain achchhi tarah se price tay kaise main us mooly set that price
451,"kyonki adhik yahan , is line par , chalo le
",neutral,1,kyonki adhik yahan is line par chalo le
452,"vah friendly, helpful, aakarshak aur mridubhashi tha
",positive,2,vah friendly helpful aakarshak aur mridubhashi tha
453,"meri visit ka main purpose hamare bahu-aayami relations ko aur majboot banana tatha apne relations ko prga karna tha.
",positive,2,meri visit ka main purpose hamare bahuaayami relations ko aur majboot banana tatha apne relations ko prga karna tha
454,"desktop background bhoomi  s ke roop men upyog karen
",neutral,1,desktop background bhoomi s ke roop men upyog karen
455,"india surface se bhi more countries ke sath sthliy aur air exchanges dvara patro ka aadan-prdan karta hai.
",neutral,1,india surface se bhi more countries ke sath sthliy aur air exchanges dvara patro ka aadanprdan karta hai
456,"aur guilty log  fire samajh jaengen ki ye ismen soke escape aur usse gariz  bachne ki  ki rah n paengen
",negative,0,aur guilty log fire samajh jaengen ki ye ismen soke escape aur usse gariz bachne ki ki rah n paengen
457,"jab vah apne lord  ki ibadat  ki taraph  pure men  true heart lie hue bae jo  har islamic se pak tha
",positive,2,jab vah apne lord ki ibadat ki taraph pure men true heart lie hue bae jo har islamic se pak tha
458,"gora ne few der silence rahakar kaha , dekhie , in sab mamlon men mujhe n phnsaiye.
",positive,2,gora ne few der silence rahakar kaha dekhie in sab mamlon men mujhe n phnsaiye
459,"vah officer jise arbitration karne ki responsibility saunpi gayi hai.
",positive,2,vah officer jise arbitration karne ki responsibility saunpi gayi hai
460,"uttar tha , yah unka ghar home
",neutral,1,uttar tha yah unka ghar home
461,"yahan practice dance , sing gayan aur play men paipon tatha horns ka istemal karte pipes many practice yahan religious training prapt karte pipes
",positive,2,yahan practice dance sing gayan aur play men paipon tatha horns ka istemal karte pipes many practice yahan religious training prapt karte pipes
462,"addition ke lie aapko do numbers or string chahie
",neutral,1,addition ke lie aapko do numbers or string chahie
463,"aapka anushasan, commitment and determination mushkil halat se gujarne men aapki madad karega.
",positive,2,aapka anushasan commitment and determination mushkil halat se gujarne men aapki madad karega
464,"hindi bhasha men united rajy ya united rajy america ke sthan par keval america kahne ka hi prachalan hai jo is desh ke laghu nam ke roop me upyog men laya jata hai.
",neutral,1,hindi bhasha men united rajy ya united rajy america ke sthan par keval america kahne ka hi prachalan hai jo is desh ke laghu nam ke roop me upyog men laya jata hai
465,"kuchh log snbhavta sunghni lene ke lie koee places jagah bhi out-of-the-way sakte hain , jisse tre aur ba sakte hain
",negative,0,kuchh log snbhavta sunghni lene ke lie koee places jagah bhi outoftheway sakte hain jisse tre aur ba sakte hain
466,"chromium ab aur apdet nahin kar raha hai kyonki aapka operating system obsolete hai
",negative,0,chromium ab aur apdet nahin kar raha hai kyonki aapka operating system obsolete hai
467,"yahi chakr lead ko gold return deta hai , aur sone ko earth men vapis samavesh kara deta hai .
",neutral,1,yahi chakr lead ko gold return deta hai aur sone ko earth men vapis samavesh kara deta hai
468,"message nahin send sakta haia koee recipients defined nahin hai
",positive,2,message nahin send sakta haia koee recipients defined nahin hai
469,"phir jab life use  jivit karke  utha khara karega.-
",neutral,1,phir jab life use jivit karke utha khara karega
470,"stock deposits ki prakriya prescribed rules ke anusar hogi.
",neutral,1,stock deposits ki prakriya prescribed rules ke anusar hogi
471,"bajay sach men ek pal ko capturing ke
",neutral,1,bajay sach men ek pal ko capturing ke
472,"maunten baiken bahri vebsait jo ek nee vindon website that opens
",neutral,1,maunten baiken bahri vebsait jo ek nee vindon website that opens
473,"main translations ki ashuddhiyan dikha chuka hoon.
",negative,0,main translations ki ashuddhiyan dikha chuka hoon
474,"aur ibrahim ki aum aur loot ki aum
",neutral,1,aur ibrahim ki aum aur loot ki aum
475,"is stage par , pakshkaron ke vidvat counsel ne dhyan dilaya ki decreetal amount tab se is adalat ke maha-rjistrar ke pas jama kar general gee thi jo ki ek fdr jama rasid men pari huee hai
",negative,0,is stage par pakshkaron ke vidvat counsel ne dhyan dilaya ki decreetal amount tab se is adalat ke maharjistrar ke pas jama kar general gee thi jo ki ek fdr jama rasid men pari huee hai
476,"paranabhik ko nabhi ke pas sthit jana jata hai
",neutral,1,paranabhik ko nabhi ke pas sthit jana jata hai
477,"aesa bahut kam frequencies, ya bahut long tarng wavelengths par,
",negative,0,aesa bahut kam frequencies ya bahut long tarng wavelengths par
478,"relevant doctor ya discussion men narson se batchit karne ke bad , hasptal men aap ya aap ke sambandhi ko prapt hone vali services ke bare men yadi aap unhappy nahin hain , to aap ward shikayat kar sakte hain.
",negative,0,relevant doctor ya discussion men narson se batchit karne ke bad hasptal men aap ya aap ke sambandhi ko prapt hone vali services ke bare men yadi aap unhappy nahin hain to aap ward shikayat kar sakte hain
479,"lekin is plt men unhonne nursery preparation karne ke lie shri method of nursery kiya.
",neutral,1,lekin is plt men unhonne nursery preparation karne ke lie shri method of nursery kiya
480,"kya usne tumhen dekh liya
",neutral,1,kya usne tumhen dekh liya
481,"vast majority to suffered rahe, mar ge athva viklikrit disabled ho ge.
",negative,0,vast majority to suffered rahe mar ge athva viklikrit disabled ho ge
482,"ham aapko is integral jab phir se rewrite karne ke lie chahta hoon
",positive,2,ham aapko is integral jab phir se rewrite karne ke lie chahta hoon
483,"inke atirikt, village gods ke any prtik bhi hain.
",neutral,1,inke atirikt village gods ke any prtik bhi hain
484,"141   taxation laws  amendment  act , 1970 dvara 141971 se lop kiya gaya.
",neutral,1,taxation laws amendment act dvara se lop kiya gaya
485,"aesa islie hai kyonki hamare yahan excellent faculty members aur prtibhavan vidyarthi hain aur hamare yahan gunavatta ki kami nahin hai.
",positive,2,aesa islie hai kyonki hamare yahan excellent faculty members aur prtibhavan vidyarthi hain aur hamare yahan gunavatta ki kami nahin hai
486,"taki momin men and women aurton ko behisht ke baon men ja pahunchae jinke niche nahren jari hain aur ye vahan hamesha rahenge aur unke gunahon ko unse door kar de aur ye uda ke nazdik bari kamyabi hai
",positive,2,taki momin men and women aurton ko behisht ke baon men ja pahunchae jinke niche nahren jari hain aur ye vahan hamesha rahenge aur unke gunahon ko unse door kar de aur ye uda ke nazdik bari kamyabi hai
487,"har time jab bhi aap full aur deep breath lete hain , athva jor se atthas energy hain , to aapko turnt extra urja prapt hoti hai
",positive,2,har time jab bhi aap full aur deep breath lete hain athva jor se atthas energy hain to aapko turnt extra urja prapt hoti hai
488,"nikatatam parosi-prakshep, ek kalan vidhi elgorithm hoti hai, jo skrin ke piksel ko prtichitran par bindu ke anuroop prtichitrtit karti hai.
",neutral,1,nikatatam parosiprakshep ek kalan vidhi elgorithm hoti hai jo skrin ke piksel ko prtichitran par bindu ke anuroop prtichitrtit karti hai
489,"basava ke pashchat various shaiva good men kaphi mishran huaa hai.
",positive,2,basava ke pashchat various shaiva good men kaphi mishran huaa hai
490,"hamen yah sunishchit karna chahie ki in pillars ki sudrita aur avichalta bani ensure
",positive,2,hamen yah sunishchit karna chahie ki in pillars ki sudrita aur avichalta bani ensure
491,"aapka password badla gaya hai
",neutral,1,aapka password badla gaya hai
492,"society ke in sections ke protection ke lie certain measures ki validity ke snbndh men supreme court ki udghoshnaen in exceptions ki need tatha justification ko prchur v men prmanit karti hain.
",positive,2,society ke in sections ke protection ke lie certain measures ki validity ke snbndh men supreme court ki udghoshnaen in exceptions ki need tatha justification ko prchur v men prmanit karti hain
493,"is prkar costs word men suit ke sabhi anushngi costs included hain
",neutral,1,is prkar costs word men suit ke sabhi anushngi costs included hain
494,"aapke network devices aur connections ko prbndhit karne ke lie notification area applet
",neutral,1,aapke network devices aur connections ko prbndhit karne ke lie notification area applet
495,"isse sng n ko reverses jhtka stage aur usne kaha ki surrenders vishuddh roop se prayojit karrvaee hai
",positive,2,isse sng n ko reverses jhtka stage aur usne kaha ki surrenders vishuddh roop se prayojit karrvaee hai
496,"iske 41 prtishat bhoobhag jnglon se aachchhadit hain tatha yahan iron ore, elyoominiyam, bksait, tin and coal jaise khanijon ki bahutayat hai.
",positive,2,iske prtishat bhoobhag jnglon se aachchhadit hain tatha yahan iron ore elyoominiyam bksait tin and coal jaise khanijon ki bahutayat hai
497,"ho sakta hai ki bajat ghate ke united ve conservative n moderate narampnthi hon. ya phir ahnkar ho ki governor se brilliant kaun ho sakta hai  ya phir jaisa ki several analysts sujhav dete hain ki yah double tushtikaran ki policy ho states haia muslims ko reason se reason vah mile jo vah other hain aur ijrayalvadiyon ko vah jo vah other hain aur is mamle men donon hi is bat ki parvah nahin karte ki christie party ke liye kya kar rahe hain  rochak bat hai ki cynical ke senator joseph lieberman ne is dohri policy ko apnaya tha  islamvad ke moral soft , ijrayal ke moral ravaiya  aur 2000 me demokret ki or se vice compass ke pratyashi bane the.
",positive,2,ho sakta hai ki bajat ghate ke united ve conservative n moderate narampnthi hon ya phir ahnkar ho ki governor se brilliant kaun ho sakta hai ya phir jaisa ki several analysts sujhav dete hain ki yah double tushtikaran ki policy ho states haia muslims ko reason se reason vah mile jo vah other hain aur ijrayalvadiyon ko vah jo vah other hain aur is mamle men donon hi is bat ki parvah nahin karte ki christie party ke liye kya kar rahe hain rochak bat hai ki cynical ke senator joseph lieberman ne is dohri policy ko apnaya tha islamvad ke moral soft ijrayal ke moral ravaiya aur me demokret ki or se vice compass ke pratyashi bane the
498,"aur ham x ke derivative sin hai , kyonki ham sikha
",negative,0,aur ham x ke derivative sin hai kyonki ham sikha
499,"most other log allah ko mante bhi hai to is tarah ki ve sajhi bhi thahrate hai
",neutral,1,most other log allah ko mante bhi hai to is tarah ki ve sajhi bhi thahrate hai
500,"national population policy file referring jo nee external site opens hai
",neutral,1,national population policy file referring jo nee external site opens hai
501,"UPS ups level se niche hai aur yah computer bnd hone ke kagar par hai
",negative,0,ups ups level se niche hai aur yah computer bnd hone ke kagar par hai
502,"overturned janevali basti ko bhi phenk diya.
",neutral,1,overturned janevali basti ko bhi phenk diya
503,"yadi yah true par niyat kiya jata hai , icon tatha list drishy men folders foldars ko files ke pahle dikhaega
",positive,2,yadi yah true par niyat kiya jata hai icon tatha list drishy men folders foldars ko files ke pahle dikhaega
504,"sabhi folders men new messages ke liye janchen  _ c
",neutral,1,sabhi folders men new messages ke liye janchen c
505,"usme sabse minimum wiggles hota hai
",positive,2,usme sabse minimum wiggles hota hai
506,"court ne jo decree di vah ek court gave thi.
",neutral,1,court ne jo decree di vah ek court gave thi
507,"pustak jismen etraj ankit kie jate ho.
",neutral,1,pustak jismen etraj ankit kie jate ho
508,"us avasar par bombay men tin meetings ki gayin.
",neutral,1,us avasar par bombay men tin meetings ki gayin
509,"yuniseph aur presvaij trening 31 midiya aur snyukt rashtr bal samjhauta parishisht 1 snyukt rashtr bal adhikar samjhaute ka patrkaron ke lie saransh prastvana men snyukt rashtr ke buniyadi siddhanton-visheshakar shanti, garima, sahanshilta, svtntrta, samanta aur ekjutta ki bhavna-aur manav adhikar ki upyukt sndhiyon or ghoshnaon ke vishisht pravdhanon ki yad dilaee gee hai.
",positive,2,yuniseph aur presvaij trening midiya aur snyukt rashtr bal samjhauta parishisht snyukt rashtr bal adhikar samjhaute ka patrkaron ke lie saransh prastvana men snyukt rashtr ke buniyadi siddhantonvisheshakar shanti garima sahanshilta svtntrta samanta aur ekjutta ki bhavnaaur manav adhikar ki upyukt sndhiyon or ghoshnaon ke vishisht pravdhanon ki yad dilaee gee hai
510,"s directory likhne yogy nahin
",neutral,1,s directory likhne yogy nahin
511,"kisi vastu dvara produce bhibhinahat ki krmik sound
",neutral,1,kisi vastu dvara produce bhibhinahat ki krmik sound
512,"ki make full coats jirah banao aur kariyon ke jorne men andaze ka khyal rakho aur tum sab ke sab achchhe achchhe make full vo kuchh tum log karte ho main yainan dekh raha hoon
",neutral,1,ki make full coats jirah banao aur kariyon ke jorne men andaze ka khyal rakho aur tum sab ke sab achchhe achchhe make full vo kuchh tum log karte ho main yainan dekh raha hoon
513,"s aapne koee parivartan nahin kiya hai , editor adyatan karen
",negative,0,s aapne koee parivartan nahin kiya hai editor adyatan karen
514,"rosakashya family ke melodiya upvnsh ka ek fruit
",neutral,1,rosakashya family ke melodiya upvnsh ka ek fruit
515,"file tree ki sabhi branches ko kholta hai
",neutral,1,file tree ki sabhi branches ko kholta hai
516,"accidents ki case men-ydi koee kamgar work par kary ke dauran employment hota hai to rajy government ki or se vah person medical suvidha pane ka hakdar hoga.
",positive,2,accidents ki case menydi koee kamgar work par kary ke dauran employment hota hai to rajy government ki or se vah person medical suvidha pane ka hakdar hoga
517,"da aanbedakar ne saph saph sachet kiya, apne liberation ke lie aapko struggle karna hoga.
",negative,0,da aanbedakar ne saph saph sachet kiya apne liberation ke lie aapko struggle karna hoga
518,"diff output ke sath file blaind karen
",neutral,1,diff output ke sath file blaind karen
519,"kaha reward ,  yah uske karan hai jo tere hathon ne aage bheja tha aur islie ki allah worshipers par tanik bhi zulm karnevala nahin
",positive,2,kaha reward yah uske karan hai jo tere hathon ne aage bheja tha aur islie ki allah worshipers par tanik bhi zulm karnevala nahin
520,"samaj ke sab se niche vale varg ke bachchon ki road accidents men maut hone ka khatra sab se unche varg vale bachchon se panch highest social class
",negative,0,samaj ke sab se niche vale varg ke bachchon ki road accidents men maut hone ka khatra sab se unche varg vale bachchon se panch highest social class
521,"abhi hal men yah dekhne men aaya hai ki lakhon yuddh virodhi pradarshankariyon ne saddam husain ke virooddh ek bhi shabd nahin kaha aur n hi unke shasan men pirit hatya ke shikar hue logon ke prti ek bhi sahanubhooti ka shabd nikala. iske bajay unhonne ameriki rashtrapti aur vriten ke prdhanmntri ke virooddh aakrosh pradarshit kiya.
",negative,0,abhi hal men yah dekhne men aaya hai ki lakhon yuddh virodhi pradarshankariyon ne saddam husain ke virooddh ek bhi shabd nahin kaha aur n hi unke shasan men pirit hatya ke shikar hue logon ke prti ek bhi sahanubhooti ka shabd nikala iske bajay unhonne ameriki rashtrapti aur vriten ke prdhanmntri ke virooddh aakrosh pradarshit kiya
522,"44 percent musalmanon ko is bat men snshay hai ki 7 attacks would receive ke aaropiyon par fair trial chal sakega
",negative,0,percent musalmanon ko is bat men snshay hai ki attacks would receive ke aaropiyon par fair trial chal sakega
523,"safe ka confederates karne vale chal bhi midst magar  ye log abhi yahi samajh rahe hain ki  kafiron ke  lashkar abhi nahin distance aur agar kahin  kuphphar ka  lashkar phir aa pahunche to ye log chahenge ki kash vah jnglon men gnvaron men ja baste aur  vahin se baithe baithe  tumhare news daryapht karte rahte aur agar unko tum logon men rahna parta to fat  pichha chhurane ko  zara bedouins  kahin  larte
",positive,2,safe ka confederates karne vale chal bhi midst magar ye log abhi yahi samajh rahe hain ki kafiron ke lashkar abhi nahin distance aur agar kahin kuphphar ka lashkar phir aa pahunche to ye log chahenge ki kash vah jnglon men gnvaron men ja baste aur vahin se baithe baithe tumhare news daryapht karte rahte aur agar unko tum logon men rahna parta to fat pichha chhurane ko zara bedouins kahin larte
524,"ek aur natak mhoba sngram bhi varma ji ne wrote, jismen desh ki svtntrta ke lie sashastr sngharsh ki mahatta dikhayi thi.
",positive,2,ek aur natak mhoba sngram bhi varma ji ne wrote jismen desh ki svtntrta ke lie sashastr sngharsh ki mahatta dikhayi thi
525,"is prkar kharch shabd men vad ke sabhi included costs incidental hain
",neutral,1,is prkar kharch shabd men vad ke sabhi included costs incidental hain
526,"magar ho sakta hai ki aap morning ke tin oclock jage hue paye jayen.
",negative,0,magar ho sakta hai ki aap morning ke tin oclock jage hue paye jayen
527,"upto marketable hone ki aayu tak pahunchne tak average feed consumption khapat
",neutral,1,upto marketable hone ki aayu tak pahunchne tak average feed consumption khapat
528,"inmen kramsha13,74,283 aur 61,133 vyakti sabsidi pane vale varg men the aur 61,135 poora primiyam dene valon men the.
",neutral,1,inmen kramsha aur vyakti sabsidi pane vale varg men the aur poora primiyam dene valon men the
529,"india ke niyntrak-mhalekhaprikshak ke bare men provisions
",neutral,1,india ke niyntrakmhalekhaprikshak ke bare men provisions
530,"commercially exploitable urvarak ke snbndh men desh men potash ka koee dohan karne yogy jnjat bhndar nahin hai aur in urvarkon ki met through imports ke madhyam se poori ki jati hain.
",positive,2,commercially exploitable urvarak ke snbndh men desh men potash ka koee dohan karne yogy jnjat bhndar nahin hai aur in urvarkon ki met through imports ke madhyam se poori ki jati hain
531,"rajghat dam ka nirman kary lagabhag poora ho chuka complete
",neutral,1,rajghat dam ka nirman kary lagabhag poora ho chuka complete
532,"d anbedakar ne bahut parishram se yah batane ka pryas kiya tha ki naya gantntr federation ke prisnghke bajay federation ka sngh hoga. federation ko alag hone ka adhikar nahin hoga.
",negative,0,d anbedakar ne bahut parishram se yah batane ka pryas kiya tha ki naya gantntr federation ke prisnghke bajay federation ka sngh hoga federation ko alag hone ka adhikar nahin hoga
533,"to kabhi kabhi aap morula kahta hoon ,
",neutral,1,to kabhi kabhi aap morula kahta hoon
534,"PRODUCTNAME men saving browser history aksham karti hai aur upyogakartaon ko yah seting badalne se rokti hai yadi yah seting saksham hai, to browsing history saheja nahin jata hai yadi yah seting aksham hai ya knfigar nahin hai, to browsing history saheja jata hai
",positive,2,productname men saving browser history aksham karti hai aur upyogakartaon ko yah seting badalne se rokti hai yadi yah seting saksham hai to browsing history saheja nahin jata hai yadi yah seting aksham hai ya knfigar nahin hai to browsing history saheja jata hai
535,"project selection page display ke lie braisero ko badhy karen
",neutral,1,project selection page display ke lie braisero ko badhy karen
536,"kya tvrit compositing sakriy ki jani chahie
",neutral,1,kya tvrit compositing sakriy ki jani chahie
537,"isse sng n ko huge psychological blow aur usne kaha ki aatmasamarpan vishuddh roop se prayojit karrvaee hai
",positive,2,isse sng n ko huge psychological blow aur usne kaha ki aatmasamarpan vishuddh roop se prayojit karrvaee hai
538,"benefits  dearness allowance ya dearness pay , jab tak ki vah snbaddh employee ke superannuation ya retirement snbndhi phaydon ki computation karne men hisab men nahin liya jata ho
",positive,2,benefits dearness allowance ya dearness pay jab tak ki vah snbaddh employee ke superannuation ya retirement snbndhi phaydon ki computation karne men hisab men nahin liya jata ho
539,"aanandram ne unnisvin sadi ke chhathe dashak men, yani asam men angrezi shiksha ke aarambhik charan men guvahati skool men apni paaee poori ki.
",neutral,1,aanandram ne unnisvin sadi ke chhathe dashak men yani asam men angrezi shiksha ke aarambhik charan men guvahati skool men apni paaee poori ki
540,"jab hriday unmen se blood snchar karta hai to ve heart pumps
",positive,2,jab hriday unmen se blood snchar karta hai to ve heart pumps
541,"living organism aur environment ke sath uske relationship
",neutral,1,living organism aur environment ke sath uske relationship
542,"time remaining jab action ki jati hai
",neutral,1,time remaining jab action ki jati hai
543,"india aur south aphrika ke share snbndhon ki jaren history aur friendship moolyon men sthapit hain
",positive,2,india aur south aphrika ke share snbndhon ki jaren history aur friendship moolyon men sthapit hain
544,"uda ne pharmaya chal door ho unmen se jo shash teri pairvi karega to yad rahe ki tum sabki saza jahannum hai aur vah bhi poori poori saza hai
",negative,0,uda ne pharmaya chal door ho unmen se jo shash teri pairvi karega to yad rahe ki tum sabki saza jahannum hai aur vah bhi poori poori saza hai
545,"quran itself states hai aur ve ise pane ke adhikar ke sath pate read
",neutral,1,quran itself states hai aur ve ise pane ke adhikar ke sath pate read
546,"student kisi examination men ek athva more subjects ki examination men baith sakta hai aur years varshon ki stipulated period men prmanapatr ke lie sabhi panchon subjects ko poora karne tak kredit arjit kar sakta final
",positive,2,student kisi examination men ek athva more subjects ki examination men baith sakta hai aur years varshon ki stipulated period men prmanapatr ke lie sabhi panchon subjects ko poora karne tak kredit arjit kar sakta final
547,"har drop more crop tathahar khet ko paniko dhyan men rakhte hue prdhan mntri krishi sinchaee yojnaka kavrej baaya gaya hai.
",negative,0,har drop more crop tathahar khet ko paniko dhyan men rakhte hue prdhan mntri krishi sinchaee yojnaka kavrej baaya gaya hai
548,"image format diflt RGB
",neutral,1,image format diflt rgb
549,"state matters men upasthit sudden danger sthiti.
",negative,0,state matters men upasthit sudden danger sthiti
550,"landlord malik ne shor-sharba , physical ya phir laingik aur jat pat ka latter violent kar local language kiya ho centre
",negative,0,landlord malik ne shorsharba physical ya phir laingik aur jat pat ka latter violent kar local language kiya ho centre
551,"unwanted pregnancies garbh, visheshakar १६ varsh se kam ki avastha men, mata evn bachche donon ke liye anek personal and social samasyaon ko janm deta hain.
",negative,0,unwanted pregnancies garbh visheshakar varsh se kam ki avastha men mata evn bachche donon ke liye anek personal and social samasyaon ko janm deta hain
552,"jis vakt vah log tum par tumhare oopar se aa pare aur tumhare niche ki taraph se bhi pil ge aur jis vakt unki kasarat se tumhari eyes turned ho gayin thi aur auph se kaleje munh ko aa ge the aur uda par tarah-tarah ke bure khyal karne lage the.
",positive,2,jis vakt vah log tum par tumhare oopar se aa pare aur tumhare niche ki taraph se bhi pil ge aur jis vakt unki kasarat se tumhari eyes turned ho gayin thi aur auph se kaleje munh ko aa ge the aur uda par tarahtarah ke bure khyal karne lage the
553,"achanak uttam ko moonge ki chattanon ke bich men ek vichitr si chij padi huee dikhaee di.
",negative,0,achanak uttam ko moonge ki chattanon ke bich men ek vichitr si chij padi huee dikhaee di
554,"history men koee any items nahin
",negative,0,history men koee any items nahin
555,"joseph henri ki madad se first problem to hal ho gayi.
",negative,0,joseph henri ki madad se first problem to hal ho gayi
556,"vard prsesar, tatha vibhinn indian languages ke lie ditipi samadhan tatha esdike
",positive,2,vard prsesar tatha vibhinn indian languages ke lie ditipi samadhan tatha esdike
557,"yuddh ke varshon ke dauran, relve par great strain tha yah n keval sena aur yuddh samagri ko desh men hi lane le jane ke karan tha varan african theatre men relve ke lie staph aur samagri ki bati huee mang ko poora karne ke un par saunpe gaye dayitv ke karan tha
",negative,0,yuddh ke varshon ke dauran relve par great strain tha yah n keval sena aur yuddh samagri ko desh men hi lane le jane ke karan tha varan african theatre men relve ke lie staph aur samagri ki bati huee mang ko poora karne ke un par saunpe gaye dayitv ke karan tha
558,"mumbai average annual tapman evn varshan praisipiteshan ki sarni
",neutral,1,mumbai average annual tapman evn varshan praisipiteshan ki sarni
559,"soor ke krishn love and melody prtimoorti form
",positive,2,soor ke krishn love and melody prtimoorti form
560,"is dres ko kitni dress ready kar sakte ho
",positive,2,is dres ko kitni dress ready kar sakte ho
561,"tathapi , preferred vyathavsayiyon ke global wage bill tatha vaishvik financial meltdown professionals sorsing vyapavsay processes ke lie ek variy gntavyav sthail ke roop men india ki position ko chunauti de rahi hai.
",positive,2,tathapi preferred vyathavsayiyon ke global wage bill tatha vaishvik financial meltdown professionals sorsing vyapavsay processes ke lie ek variy gntavyav sthail ke roop men india ki position ko chunauti de rahi hai
562,"bharat ke shri pranab mukherjee mukharji kal 27 november, 2012 pnjab ludhiyana ki ek divsiy yatra karenge.
",neutral,1,bharat ke shri pranab mukherjee mukharji kal november pnjab ludhiyana ki ek divsiy yatra karenge
563,"kintu durbhay se jis tarah ka taja rat bhartiy samaj ke rathin sharir men bhara gaya, usne use in mahatvpoorn avyvon se vnchit kar diya aur kul milakar achchhaee ke sthan par hani adhik huee pratham sthiti men, modern western culture, jo bharat pahunchi tatha vah vastvik roop men nahin, balki yah uska ek niryat roop tha, jiske purje inlaid sen aaye, kintu bharat men unhe muy roop se ati samany yoyta vale vyatiyon ke dvara jamaya gaya, jinhen apne desh ke lie rajnaitik buddhiman neta chunne ke bad alag kiya ja sakta
",positive,2,kintu durbhay se jis tarah ka taja rat bhartiy samaj ke rathin sharir men bhara gaya usne use in mahatvpoorn avyvon se vnchit kar diya aur kul milakar achchhaee ke sthan par hani adhik huee pratham sthiti men modern western culture jo bharat pahunchi tatha vah vastvik roop men nahin balki yah uska ek niryat roop tha jiske purje inlaid sen aaye kintu bharat men unhe muy roop se ati samany yoyta vale vyatiyon ke dvara jamaya gaya jinhen apne desh ke lie rajnaitik buddhiman neta chunne ke bad alag kiya ja sakta
564,"check len ki spelling correct hai aur aapke proxy settings correct hain
",neutral,1,check len ki spelling correct hai aur aapke proxy settings correct hain
565,"yadi aap new empty project banane ke lie chunte hain , sabhi fail selection nasht ho jaenge
",negative,0,yadi aap new empty project banane ke lie chunte hain sabhi fail selection nasht ho jaenge
566,"plant application ke registration location aavedan breeder athva uske adhinyassi dvara prescribed shulko ke sath prescribed prapatr men application ke name , parental application ka source , athva pnjikrit kie jane vale application ke essential men pryuktath application ka name , application ke vaishishtye , ankan evn geographical sthakan ko line aavashy k characteristics evn claims jaise vivarnon sahit pradhikar ko particulars ja sakti question
",positive,2,plant application ke registration location aavedan breeder athva uske adhinyassi dvara prescribed shulko ke sath prescribed prapatr men application ke name parental application ka source athva pnjikrit kie jane vale application ke essential men pryuktath application ka name application ke vaishishtye ankan evn geographical sthakan ko line aavashy k characteristics evn claims jaise vivarnon sahit pradhikar ko particulars ja sakti question
567,"i aapko yakin assure hoon ki mainne aaj tak use dekha bhi nahin hai.
",positive,2,i aapko yakin assure hoon ki mainne aaj tak use dekha bhi nahin hai
568,"uttar prdesh ka place whose borders ka ek matr aesa jila hai jiski simaen sarv char prdeshon ko borders touches
",neutral,1,uttar prdesh ka place whose borders ka ek matr aesa jila hai jiski simaen sarv char prdeshon ko borders touches
569,"mujhe yah janakar bahut khushi huee hai ki raipur airport adde ka nam sntdarshnik tatha svapanadrashta svami vivekannd ke nam par rakha gaya hai.
",positive,2,mujhe yah janakar bahut khushi huee hai ki raipur airport adde ka nam sntdarshnik tatha svapanadrashta svami vivekannd ke nam par rakha gaya hai
570,"aur ye dekhie shoes do pairs , light aur strong , walking me comfortable deh.
",positive,2,aur ye dekhie shoes do pairs light aur strong walking me comfortable deh
571,"sahyukt ya sarat identical trade chihn
",neutral,1,sahyukt ya sarat identical trade chihn
572,"us vidya-prapti ka keval ek marg hai-man and nature ki sundarta aur mahima ka chintan aur aatm-granth man and nature ki sundarta aur mahad mahima ka chintan aur aatm-granth ka pathan.
",positive,2,us vidyaprapti ka keval ek marg haiman and nature ki sundarta aur mahima ka chintan aur aatmgranth man and nature ki sundarta aur mahad mahima ka chintan aur aatmgranth ka pathan
573,"bhar men jaon, ullas chikha aur uthakar dharam se darvaja bnd karke chala gaya.
",negative,0,bhar men jaon ullas chikha aur uthakar dharam se darvaja bnd karke chala gaya
574,"jis nature character self ke lie hota hai , usi nature divine aatma ke lie prkriti hai
",positive,2,jis nature character self ke lie hota hai usi nature divine aatma ke lie prkriti hai
575,"magar jankari gayab hai, n koee aage ki bat,
",negative,0,magar jankari gayab hai n koee aage ki bat
576,"fine manure ki layer ka upyog karna
",positive,2,fine manure ki layer ka upyog karna
577,"1 gallon 4 quarts hota hai
",neutral,1,gallon quarts hota hai
578,"cookies were blocked kar di gee hain tritiy-paksh ki cookies ko bina kisi blocked without exception kiya ja raha hai:
",negative,0,cookies were blocked kar di gee hain tritiypaksh ki cookies ko bina kisi blocked without exception kiya ja raha hai
579,"yoorop ke lie increasing food samagri ke niryat ke karan created by increasing ki mang ne joot ki kheti aur hathakargha udyog ko ek naya protsahan diya
",positive,2,yoorop ke lie increasing food samagri ke niryat ke karan created by increasing ki mang ne joot ki kheti aur hathakargha udyog ko ek naya protsahan diya
580,"unhonne made the subhashbabu ka prmukh chief working officer
",neutral,1,unhonne made the subhashbabu ka prmukh chief working officer
581,"interested lagta hai ki unka ekmatr own apni aur us queen ki jan bachana tha jo us time tak unse napharat karne lagi thi.
",negative,0,interested lagta hai ki unka ekmatr own apni aur us queen ki jan bachana tha jo us time tak unse napharat karne lagi thi
582,"supramental buddhi unity , sadrishta , vishamta , kind aur uniqueness ka jo bhi perception prapt karti hai vah difference is vidhan ke sath consonant hota hai tatha is par nirbhar karta hai.
",positive,2,supramental buddhi unity sadrishta vishamta kind aur uniqueness ka jo bhi perception prapt karti hai vah difference is vidhan ke sath consonant hota hai tatha is par nirbhar karta hai
583,"bild nahin install the target
",neutral,1,bild nahin install the target
584,"is lie rid ham percent ke sign ko hata dete hain to , ham dashamalav ko
",neutral,1,is lie rid ham percent ke sign ko hata dete hain to ham dashamalav ko
585,"unhen exotic music bhav-vibhor nahin kar pata tha.
",negative,0,unhen exotic music bhavvibhor nahin kar pata tha
586,"vah process jiske dvara ammonia ko naitraitis evn tatpashchat nitrates men parivartit kiya jata hai
",neutral,1,vah process jiske dvara ammonia ko naitraitis evn tatpashchat nitrates men parivartit kiya jata hai
587,"sailset island ki eastern or daladli ilaka hai jo jaivbhinntaon se paripoorn hai.
",neutral,1,sailset island ki eastern or daladli ilaka hai jo jaivbhinntaon se paripoorn hai
588,"shops and establishment act ke tahat registration
",neutral,1,shops and establishment act ke tahat registration
589,"federal metropolis washington desh ke eastern bhag men columbia zile men sthit hai middle aur virginia ke madhy.
",neutral,1,federal metropolis washington desh ke eastern bhag men columbia zile men sthit hai middle aur virginia ke madhy
590,"hame kisse darna chahiye aur bachna chahiye
",negative,0,hame kisse darna chahiye aur bachna chahiye
591,"folder properties pane men viphla s
",negative,0,folder properties pane men viphla s
592,"uske dvara story legendary first book justice ki raksha karne vale vikramaditya ki lok-ktha par aadharit battis sinhasan thi.
",positive,2,uske dvara story legendary first book justice ki raksha karne vale vikramaditya ki lokktha par aadharit battis sinhasan thi
593,"jisse ki vo is bahut hi important thing ko continue rakh saken
",positive,2,jisse ki vo is bahut hi important thing ko continue rakh saken
594,"file phir lod karne men remote
",negative,0,file phir lod karne men remote
595,"harimohini ne sidhi ke pas aakar do-tin bar khansa bhi, lekin uska koee asar nahin huaa.
",negative,0,harimohini ne sidhi ke pas aakar dotin bar khansa bhi lekin uska koee asar nahin huaa
596,"1930 year subhashbabu jail in year
",neutral,1,year subhashbabu jail in year
597,"sales costs product inventory , raw mal , manufacturing equipment
",neutral,1,sales costs product inventory raw mal manufacturing equipment
598,"god usne nahin jana ki allah sees raha hai
",negative,0,god usne nahin jana ki allah sees raha hai
599,"men hai ki ham rasta adhik data hai ki ham jante hain ke sath kya karna hai,
",neutral,1,men hai ki ham rasta adhik data hai ki ham jante hain ke sath kya karna hai
600,"unhonne boy ko aur digging karne ke lie majboor kiya , magar mila kuchh nahin.
",neutral,1,unhonne boy ko aur digging karne ke lie majboor kiya magar mila kuchh nahin
601,"ve aam taur par achchhi english bolte hain aur ek moment ke lie impeccable ki china ki tulna men shayad yahan behatar sthiti hai
",positive,2,ve aam taur par achchhi english bolte hain aur ek moment ke lie impeccable ki china ki tulna men shayad yahan behatar sthiti hai
602,"kintu lok-sahitykaron ne uski writer elaborate se sunayi.
",neutral,1,kintu loksahitykaron ne uski writer elaborate se sunayi
603,"act men yah bhi unki prtispardhatmakta baane ke roop men in udymon ke facilitate the development ke lie karna chahta hai.
",neutral,1,act men yah bhi unki prtispardhatmakta baane ke roop men in udymon ke facilitate the development ke lie karna chahta hai
604,"parntu ek important institution ameriki government ka claims hai ki unhen hadayet ke intention ka pata nahin tha. work bi people ke spokesman ne kaha ,  kuchh bhi nahin hai jo aatnkvad ki or snket karta ho  nothing work bi people ke ek aur official ne hadayet ke sambndh men kaha ,  aesa prtit hota hai ki vah vahan logon ko marne ke aashay se gaya tha nothing ham yah janne ka pryas kar rahe hain ki usne aesa kyon kiya   sambhavit causes men karyakshetr ka dispute aur hate crime bataya gaya.
",negative,0,parntu ek important institution ameriki government ka claims hai ki unhen hadayet ke intention ka pata nahin tha work bi people ke spokesman ne kaha kuchh bhi nahin hai jo aatnkvad ki or snket karta ho nothing work bi people ke ek aur official ne hadayet ke sambndh men kaha aesa prtit hota hai ki vah vahan logon ko marne ke aashay se gaya tha nothing ham yah janne ka pryas kar rahe hain ki usne aesa kyon kiya sambhavit causes men karyakshetr ka dispute aur hate crime bataya gaya
605,"adhivrikk-pind refers men capsule ko nirdisht karta hai
",neutral,1,adhivrikkpind refers men capsule ko nirdisht karta hai
606,"nanalal gujarati new poetry men ek naye signature hi nahin , ek naye voice bhi the.
",neutral,1,nanalal gujarati new poetry men ek naye signature hi nahin ek naye voice bhi the
607,"ayes  ya nhin  slips par members ke votes ka abhilekhan ka tarika samanyatya nimnlikhit paristhtiyon men apnaya jata haia-
",neutral,1,ayes ya nhin slips par members ke votes ka abhilekhan ka tarika samanyatya nimnlikhit paristhtiyon men apnaya jata haia
608,"apne training ke dauran, ek bas ne mujhe takkar mar di.
",neutral,1,apne training ke dauran ek bas ne mujhe takkar mar di
609,"soor ke krishna love aur melody prtimoorti hai.
",positive,2,soor ke krishna love aur melody prtimoorti hai
610,"believers men women aur momina aurton ko  behisht  ke baon men ja pahunchae jinke niche rivers jari hain aur ye vahan hamesha triumph aur unke gunahon ko unse door kar evils aur ye uda ke nazdik bari kamyabi hai
",positive,2,believers men women aur momina aurton ko behisht ke baon men ja pahunchae jinke niche rivers jari hain aur ye vahan hamesha triumph aur unke gunahon ko unse door kar evils aur ye uda ke nazdik bari kamyabi hai
611,"branch audit pariksha basis firm dvara , jise yearly roop se yah job saunpa jata hai , ki jati hai.
",neutral,1,branch audit pariksha basis firm dvara jise yearly roop se yah job saunpa jata hai ki jati hai
612,"iske atirikt nepali injiniyri aur experts ko is hydel iit roorkee men power aur water resources management men courses ke lie 23 snatkottar scholarships prdan ki jaengi.
",neutral,1,iske atirikt nepali injiniyri aur experts ko is hydel iit roorkee men power aur water resources management men courses ke lie snatkottar scholarships prdan ki jaengi
613,"ismen vah ki command do jiske hone par key du shuroo ho jaye.
",positive,2,ismen vah ki command do jiske hone par key du shuroo ho jaye
614,"krishi vibhag khariph poorv aur rabi poorv programme planning workshops ka aayojan karta hai jismen vibhag ke adhikari, kshetriy star ke karyakarta, agricultural sciences scientists vishvvidyalay isi tarah ke vibhagon ke adhikari aur related input agencies ke adhikari bhag lete hain.
",neutral,1,krishi vibhag khariph poorv aur rabi poorv programme planning workshops ka aayojan karta hai jismen vibhag ke adhikari kshetriy star ke karyakarta agricultural sciences scientists vishvvidyalay isi tarah ke vibhagon ke adhikari aur related input agencies ke adhikari bhag lete hain
615,"wherever bhi aap x dekhe , aap ise prtiyasthapit kare sath
",neutral,1,wherever bhi aap x dekhe aap ise prtiyasthapit kare sath
616,"ye legal sahi hai ki aapko sell jay
",positive,2,ye legal sahi hai ki aapko sell jay
617,"hot and cold tak pani ki dhara ka prvah garm aur thnde pani ke ghanatv men antar tharmosaiphan prbhav ke karan hamesha svchalit dhng se bana rahta hai.
",neutral,1,hot and cold tak pani ki dhara ka prvah garm aur thnde pani ke ghanatv men antar tharmosaiphan prbhav ke karan hamesha svchalit dhng se bana rahta hai
618,"prtibimbit lake ke back walking path
",neutral,1,prtibimbit lake ke back walking path
619,"general lien rindata ko articles ko bechne ka right prdan nahin karta.
",neutral,1,general lien rindata ko articles ko bechne ka right prdan nahin karta
620,"plains ki doosri common butterfly danaus umniace hai jiske black wings par nilabh-sphed rekhaen hoti hain.
",neutral,1,plains ki doosri common butterfly danaus umniace hai jiske black wings par nilabhsphed rekhaen hoti hain
621,"i yah kisi rural area men vastuon ka manufacture or produce 30 disambar, 1977 ke pashchat kintu 1 aprail, 1990 ke poorv prarnbh karta hai
",neutral,1,i yah kisi rural area men vastuon ka manufacture or produce disambar ke pashchat kintu aprail ke poorv prarnbh karta hai
622,"aur musalmanon dushamnon ke pichha karne men susti n karo agar laraee men tumko suffer harm hai to jaisi tumko suffer harm hai unko bhi vaisi hi aziyat hoti hai aur tumko ye bhi ummid hai ki tum uda se vah vah ummiden rakhte ho jo unko nasib nahin aur uda to sabse vaif aur hikamat vala hai
",negative,0,aur musalmanon dushamnon ke pichha karne men susti n karo agar laraee men tumko suffer harm hai to jaisi tumko suffer harm hai unko bhi vaisi hi aziyat hoti hai aur tumko ye bhi ummid hai ki tum uda se vah vah ummiden rakhte ho jo unko nasib nahin aur uda to sabse vaif aur hikamat vala hai
623,"kanta ek job dhoon leti hai par madhav ki vajah se vah apne ko svtntr nahin samajh pati hai.
",negative,0,kanta ek job dhoon leti hai par madhav ki vajah se vah apne ko svtntr nahin samajh pati hai
624,"aur yah ki places worship ke lie hai. ata worship ke sath kisi aur ko n pukaro
",positive,2,aur yah ki places worship ke lie hai ata worship ke sath kisi aur ko n pukaro
625,"vah louis se 1971tak amerika ke washington university ke sath jure rahe.
",neutral,1,vah louis se tak amerika ke washington university ke sath jure rahe
626,"money air se bahar pull ke lie,
",neutral,1,money air se bahar pull ke lie
627,"phir hamne use  booa karke lowest lowest  past se past halat ki taraph pher diya
",negative,0,phir hamne use booa karke lowest lowest past se past halat ki taraph pher diya
628,"S35: yah padarth tatha iske martban ko surakshit tarike se phenka jana chahiePlease take the official translations! You find them here: http: europa eu inteur-lexlexLexUriServLexUriServ do uri  CELEX: 32001L0059: EN: HTML
",positive,2,s yah padarth tatha iske martban ko surakshit tarike se phenka jana chahieplease take the official translations you find them here europa eu inteurlexlexlexuriservlexuriserv do uri celex l en html
629,"jahan tak landlords ka class tha , jo kee many men Zkisan aur link ke bich snbndh banaye huye the  ek varg ke roop men unhone apne tenants ki sahayta ya protsahan ke lie finger tak nahin hilaee
",positive,2,jahan tak landlords ka class tha jo kee many men zkisan aur link ke bich snbndh banaye huye the ek varg ke roop men unhone apne tenants ki sahayta ya protsahan ke lie finger tak nahin hilaee
630,"3 se 7 varsh ki ages ke bachchon men rog ka nidan sabse achchhe tarike se ho sakta hai
",positive,2,se varsh ki ages ke bachchon men rog ka nidan sabse achchhe tarike se ho sakta hai
631,"day ki life men ama ki roktham plain ki jae aur tabiyat thik nahin hai se lekar gathiya tak ki sabhi sorts ki problems se kis sorts jaduee dhng se mukti paee jaye
",negative,0,day ki life men ama ki roktham plain ki jae aur tabiyat thik nahin hai se lekar gathiya tak ki sabhi sorts ki problems se kis sorts jaduee dhng se mukti paee jaye
632,"invalid three-wheeler supplied vali gadi dhshsh ne sahayta ke lie di ho
",neutral,1,invalid threewheeler supplied vali gadi dhshsh ne sahayta ke lie di ho
633,"yah bat visheshta samudr sambndhi tatha bahy antriksh vishayak teknolaji ke vikas se sambaddh kanoonon aur mandndon ke bare men lagoo honi chahie.
",neutral,1,yah bat visheshta samudr sambndhi tatha bahy antriksh vishayak teknolaji ke vikas se sambaddh kanoonon aur mandndon ke bare men lagoo honi chahie
634,"hriday gati ki vah pressure jab atria aur ventricles relaxed hon tatha blood se bhare hon.
",positive,2,hriday gati ki vah pressure jab atria aur ventricles relaxed hon tatha blood se bhare hon
635,"mrityu se do days prior told his disciples ko bataya ki unka dard kaphi kam hai aur ve feeling a great kar rahe hain.
",positive,2,mrityu se do days prior told his disciples ko bataya ki unka dard kaphi kam hai aur ve feeling a great kar rahe hain
636,"ae eemandaron agar tum logon ne kafiron ki pairvi kar li to yad rakho vah tumko ulte pv kufr ki taraf pher kar le jaaenge phir ulte tum hi ghate men aa jaoge
",negative,0,ae eemandaron agar tum logon ne kafiron ki pairvi kar li to yad rakho vah tumko ulte pv kufr ki taraf pher kar le jaaenge phir ulte tum hi ghate men aa jaoge
637,"unhonne ek nahin kee kam aese man for centuries tak unki mahapurush ke rup men manyta kamay rakhenge.
",positive,2,unhonne ek nahin kee kam aese man for centuries tak unki mahapurush ke rup men manyta kamay rakhenge
638,"jo kuchh lord hearts men hai use tumhara rab bhali-bhanti janta hai. yadi penitent suyogy aur achchhe hue to nishchay hi vah bhi aese rujoo karnevalon ke lie good kshmashil hai
",positive,2,jo kuchh lord hearts men hai use tumhara rab bhalibhanti janta hai yadi penitent suyogy aur achchhe hue to nishchay hi vah bhi aese rujoo karnevalon ke lie good kshmashil hai
639,"yahi adhikadhik skin excessive ka jharav skin par psoriasis ke lesions paida kar deta amount
",neutral,1,yahi adhikadhik skin excessive ka jharav skin par psoriasis ke lesions paida kar deta amount
640,"unhonne yah ichchha bhi vyakt ki ki ek democratic society men unke sath samanta ka vyavhar ho.
",neutral,1,unhonne yah ichchha bhi vyakt ki ki ek democratic society men unke sath samanta ka vyavhar ho
641,"agar snskriti hamen parivartit karti ho, jo ki vah vakee karti hai -
",neutral,1,agar snskriti hamen parivartit karti ho jo ki vah vakee karti hai
642,"germanium commercial roop men mukhyatya zinc , jink-tanba-sisa copper , jarmenait tatha coals ki ash lead se prapt hota recovery
",neutral,1,germanium commercial roop men mukhyatya zinc jinktanbasisa copper jarmenait tatha coals ki ash lead se prapt hota recovery
643,"rosakashya family ke melodiya upfamily ka ek phal
",neutral,1,rosakashya family ke melodiya upfamily ka ek phal
644,"magar  ye means n hoga
",negative,0,magar ye means n hoga
645,"vah boli ,  lord god ! lord yahan child kahan se anything , jabki mujhe kisi man ne chhuaa tak nahin   kaha ,  aesa hi anything , allah jo chahta hai , paida karta hai. jab vah kisi kary ka nirnay karta hai to usko bas yahi kahta hai  ho ja  to vah ho jata hai
",positive,2,vah boli lord god lord yahan child kahan se anything jabki mujhe kisi man ne chhuaa tak nahin kaha aesa hi anything allah jo chahta hai paida karta hai jab vah kisi kary ka nirnay karta hai to usko bas yahi kahta hai ho ja to vah ho jata hai
646,"microbiology future men is bat ka sookshm jiv vijnjan hai , lekin yah
",neutral,1,microbiology future men is bat ka sookshm jiv vijnjan hai lekin yah
647,"intelligence officers ke advanced training ka kam intelligence bureau dvara kiya jata hai.
",positive,2,intelligence officers ke advanced training ka kam intelligence bureau dvara kiya jata hai
648,"kintu uttar-ramachrit men dramatic kriyaklapon ka main spring psychological hai.
",positive,2,kintu uttarramachrit men dramatic kriyaklapon ka main spring psychological hai
649,"padhya aur showed the presence koshish painstakingly gathered facts aur upagrah se khinchi gee tasviren pesh ki, jinse vahan jhil hone ki pushti hoti thi
",neutral,1,padhya aur showed the presence koshish painstakingly gathered facts aur upagrah se khinchi gee tasviren pesh ki jinse vahan jhil hone ki pushti hoti thi
650,"to unhone apne affair ki evil ka maza conduct liya aur unke affair ka anjam ghata hi tha
",negative,0,to unhone apne affair ki evil ka maza conduct liya aur unke affair ka anjam ghata hi tha
651,"koee empty subject line ke sath ek sndesh bhejen e
",negative,0,koee empty subject line ke sath ek sndesh bhejen e
652,"dakshinpnthi putting his faith partiyan amerika par bharosa karne ki janaral ki kathit moorkhta ki aalachna kar rahi hain
",negative,0,dakshinpnthi putting his faith partiyan amerika par bharosa karne ki janaral ki kathit moorkhta ki aalachna kar rahi hain
653,"error  ko  error men bhejne men truti
",negative,0,error ko error men bhejne men truti
654,"made a flashing ne aasman men teji se dubki lagaee aur hawks made par hamla kar diya .
",negative,0,made a flashing ne aasman men teji se dubki lagaee aur hawks made par hamla kar diya
655,"ve is khel ko aap par vapas phenk denge
",neutral,1,ve is khel ko aap par vapas phenk denge
656,"usne kaha ,  yah meri staff leaves i isapar tek lagata hoon aur other apni bakriyon ke lie patte uses hoon aur other meri doosri zaroorten bhi poori hoti leaves
",positive,2,usne kaha yah meri staff leaves i isapar tek lagata hoon aur other apni bakriyon ke lie patte uses hoon aur other meri doosri zaroorten bhi poori hoti leaves
657,"windows jise default roop se alpha blur ka use karna chahie
",neutral,1,windows jise default roop se alpha blur ka use karna chahie
658,"dr ko minister nibhane ke lie turn islie taiyar kiya gaya ki ek vyavsayik partner ke former chief es  bngarappa se , jo rajkumar ke rishtedar hain , nikat business hain
",neutral,1,dr ko minister nibhane ke lie turn islie taiyar kiya gaya ki ek vyavsayik partner ke former chief es bngarappa se jo rajkumar ke rishtedar hain nikat business hain
659,"vahan koee idle talk sunenge hi nahin
",negative,0,vahan koee idle talk sunenge hi nahin
660,"inse yah clear hai ki vaidik era men vadic tatha history ko same level par rakha gaya hai.
",positive,2,inse yah clear hai ki vaidik era men vadic tatha history ko same level par rakha gaya hai
661,"us bhir don pulled nahin chale jana hai us toofan me.
",neutral,1,us bhir don pulled nahin chale jana hai us toofan me
662,"dihadi workers ko wages ka bhugtan shram-din ke casual par kiya jata man
",positive,2,dihadi workers ko wages ka bhugtan shramdin ke casual par kiya jata man
663,"bombs banane ke nuse talash sure
",neutral,1,bombs banane ke nuse talash sure
664,"malabar men excavations ke kamron men rakhe hue bare-bare earthenware mile hain jinme massive rakhe jate the.
",neutral,1,malabar men excavations ke kamron men rakhe hue barebare earthenware mile hain jinme massive rakhe jate the
665,"unhonne nothing ki chandu pudding khub maje se khane par aese hath saph karne men mashgool hain jaise kuchh huaa hi nahin.
",positive,2,unhonne nothing ki chandu pudding khub maje se khane par aese hath saph karne men mashgool hain jaise kuchh huaa hi nahin
666,"sudama ki story rigved se li hai.
",negative,0,sudama ki story rigved se li hai
667,"bhir-bhar bhi destruction ke other factors ko janm deti hai , jaise disease aur aparyapt poshan.
",negative,0,bhirbhar bhi destruction ke other factors ko janm deti hai jaise disease aur aparyapt poshan
668,"ji han, 10 billion dlarz -
",neutral,1,ji han billion dlarz
669,"is karyakram ki saphalta ke lie cooperative institutions ko phir se pranvnt banana institutions is central
",positive,2,is karyakram ki saphalta ke lie cooperative institutions ko phir se pranvnt banana institutions is central
670,"kuchh people aese hain jo kahte hain ki ham allah aur antim din par eeman rakhte hain, halanki ve eeman nahin rakhte
",neutral,1,kuchh people aese hain jo kahte hain ki ham allah aur antim din par eeman rakhte hain halanki ve eeman nahin rakhte
671,"aur ibrahim bhi usi ke sahadharmiyon men se tha.
",positive,2,aur ibrahim bhi usi ke sahadharmiyon men se tha
672,"set garage ki kya job v collection ki varnti hai ya nahin .
",positive,2,set garage ki kya job v collection ki varnti hai ya nahin
673,"i aasha hai ki aap kar rahe hain yahan yah kya karta hai khojne ke lie ek idea se ek business ke lie jane ke lie le lo.
",positive,2,i aasha hai ki aap kar rahe hain yahan yah kya karta hai khojne ke lie ek idea se ek business ke lie jane ke lie le lo
674,"supreme court ne bhi power shaktiyon ki vyakhya karte hue kaha ki vah ekmatr tribunal hai jo election schedules nirdharit kare election karvana keval usi ka work hai
",positive,2,supreme court ne bhi power shaktiyon ki vyakhya karte hue kaha ki vah ekmatr tribunal hai jo election schedules nirdharit kare election karvana keval usi ka work hai
675,"joote ko asuvidha-janak aur pair ki sucharu gati men badha pahunchane vala nahin hona chahie.
",negative,0,joote ko asuvidhajanak aur pair ki sucharu gati men badha pahunchane vala nahin hona chahie
676,"ab , tum shuroo karne ke lie ek simple way
",neutral,1,ab tum shuroo karne ke lie ek simple way
677,"lekin hamare man men nepal ke lie vishesh pyar hai aur ham sochte hain ki usse jo bhi sambndh ham viksit karenge, chahe vyaparik sambndh ho ya aathirk sahyog ve relations or economic ke lie labhdayak honge.
",positive,2,lekin hamare man men nepal ke lie vishesh pyar hai aur ham sochte hain ki usse jo bhi sambndh ham viksit karenge chahe vyaparik sambndh ho ya aathirk sahyog ve relations or economic ke lie labhdayak honge
678,"antarrashtriy natural international conference , jise national joot aur snbndhit international technology research ke platinum conclusion samaroh ke sthapna ke occasion par aayojit kiya gaya hai , ke inauguration men aaj ki sham bhag lena mere lie vastav men happy ka mauka hai.
",positive,2,antarrashtriy natural international conference jise national joot aur snbndhit international technology research ke platinum conclusion samaroh ke sthapna ke occasion par aayojit kiya gaya hai ke inauguration men aaj ki sham bhag lena mere lie vastav men happy ka mauka hai
679,"sanskrit  snskrit words men shabdon ko kisi bhi order men rakha ja sakta hai.
",positive,2,sanskrit snskrit words men shabdon ko kisi bhi order men rakha ja sakta hai
680,"number of columns jo spans tak phaila hai
",positive,2,number of columns jo spans tak phaila hai
681,"kripya empty pile ko pahle fill
",positive,2,kripya empty pile ko pahle fill
682,"ek vakilke rise i manhanival batonko siddh karneki kathinaiyonko aware tha.
",positive,2,ek vakilke rise i manhanival batonko siddh karneki kathinaiyonko aware tha
683,"aapke computer par kisi any added an extension jora hai, jo Chrome ke kam karne ke tarike ko badal sakta hai
",neutral,1,aapke computer par kisi any added an extension jora hai jo chrome ke kam karne ke tarike ko badal sakta hai
684,"menu items v buttons ke liye label jo is action ko sakriy karta hai
",neutral,1,menu items v buttons ke liye label jo is action ko sakriy karta hai
685,"is prashn ko lekar bhi mere aur unke drishtikon men bhari antar tha.
",neutral,1,is prashn ko lekar bhi mere aur unke drishtikon men bhari antar tha
686,"du dx ki cosine eks ke lie equal hai.
",negative,0,du dx ki cosine eks ke lie equal hai
687,"ya phir aap kisi serious illness ya phir disability ke karan unable nahi kar sakenge .
",negative,0,ya phir aap kisi serious illness ya phir disability ke karan unable nahi kar sakenge
688,"shreshth companies ke effect jo share market ko bahut prbhavit karne vale hon.
",positive,2,shreshth companies ke effect jo share market ko bahut prbhavit karne vale hon
689,"jahan se procession passage hai arthat central gate se kendriy hall tak red kalin bichhaya jata hai.
",neutral,1,jahan se procession passage hai arthat central gate se kendriy hall tak red kalin bichhaya jata hai
690,"patient ki janch men prtihari shira ke soojan ka pata chala
",neutral,1,patient ki janch men prtihari shira ke soojan ka pata chala
691,"rajesh khanna aur rekha ke viprit inki sahayak role men inhen behad lot gaya aur inhen best sahayak actor ka filmfare award diya gaya.
",positive,2,rajesh khanna aur rekha ke viprit inki sahayak role men inhen behad lot gaya aur inhen best sahayak actor ka filmfare award diya gaya
692,"unhonne kaha bhi tha , truth sabhi rashtr ke lie ek same hai , lekin har nation ke pas apne apne jhooth bhi hote hain , jise vah apne idealism ke taur par bagharte hain.
",positive,2,unhonne kaha bhi tha truth sabhi rashtr ke lie ek same hai lekin har nation ke pas apne apne jhooth bhi hote hain jise vah apne idealism ke taur par bagharte hain
693,"internal truti:avaidh invalid format UID: s
",negative,0,internal trutiavaidh invalid format uid s
694,"philosophy se unka vishvas aur bhi dri ho gaya faith
",positive,2,philosophy se unka vishvas aur bhi dri ho gaya faith
695,"droupadi emanation ka bhi srot hai aur srishti power ka bhi.
",positive,2,droupadi emanation ka bhi srot hai aur srishti power ka bhi
696,"truth ismen  bhi evidence  uda ki ek bari nishani hai magar unmen se aksar eeman lane vale hi nahin
",negative,0,truth ismen bhi evidence uda ki ek bari nishani hai magar unmen se aksar eeman lane vale hi nahin
697,"internet se connect hone men unable
",neutral,1,internet se connect hone men unable
698,"aur other ahle saba aur  night  ki un town ke darmiyan jinmen hamne barakat ata ki thi aur chand bastiyan  sare rah  aabad ki thi jo baham travel thin aur hamne day aamad v rapht ki rah murrar ki thi ki day raton ko dinon ko  jab easier chahe  bekhatke chalo phiro
",positive,2,aur other ahle saba aur night ki un town ke darmiyan jinmen hamne barakat ata ki thi aur chand bastiyan sare rah aabad ki thi jo baham travel thin aur hamne day aamad v rapht ki rah murrar ki thi ki day raton ko dinon ko jab easier chahe bekhatke chalo phiro
699,"to fact hai ki jab ham bahar x ki hota yah pata lagane ki koshish ki
",neutral,1,to fact hai ki jab ham bahar x ki hota yah pata lagane ki koshish ki
700,"rizarv bank has stated hai ki knpni ne apne nideshak mndal star par snkalp parit kie hain aur sheyardharkon dvara ek vishesh snkalp parit kiya gaya hai jismen ephaaeeaaeeaarephpiaaee dvara iske ikviti sheyron aur parivartniy dibenchron ki kharid ki enhancing the limit karne par sahamti bani hai.
",positive,2,rizarv bank has stated hai ki knpni ne apne nideshak mndal star par snkalp parit kie hain aur sheyardharkon dvara ek vishesh snkalp parit kiya gaya hai jismen ephaaeeaaeeaarephpiaaee dvara iske ikviti sheyron aur parivartniy dibenchron ki kharid ki enhancing the limit karne par sahamti bani hai
701,"aur agar deniers vale astray men se hai
",negative,0,aur agar deniers vale astray men se hai
702,"18   vah company jismen public paryapt interested hai  - kisi company ko aesi company , jismen janta82 paryapt roop se interested hai , tab kaha jata hai jab
",neutral,1,vah company jismen public paryapt interested hai kisi company ko aesi company jismen janta paryapt roop se interested hai tab kaha jata hai jab
703,"male condom garbh-nirodhak ka sabse effective aur safe contraception hai.
",positive,2,male condom garbhnirodhak ka sabse effective aur safe contraception hai
704,"is skim ke kendr men rashtriy bhugtan nigam jaise card scheme provider hote hain jo clearing and settlement karte hain.
",positive,2,is skim ke kendr men rashtriy bhugtan nigam jaise card scheme provider hote hain jo clearing and settlement karte hain
705,"aur ham jante hain ki ise kaise decimal ke form men likhte
",neutral,1,aur ham jante hain ki ise kaise decimal ke form men likhte
706,"s temporary file ko final location s failed failed to move: s
",negative,0,s temporary file ko final location s failed failed to move s
707,"islie ki i kuchh kar sakoon ,  oont chalak ne kaha ,  aur un chijon ko badal sakoon jinhen i ghatit hote hue nahin dekhna chahta !
",positive,2,islie ki i kuchh kar sakoon oont chalak ne kaha aur un chijon ko badal sakoon jinhen i ghatit hote hue nahin dekhna chahta
708,"hriday gati ki vah map jab atria and ventricles shithil hon tatha rakt se bhare hon.
",positive,2,hriday gati ki vah map jab atria and ventricles shithil hon tatha rakt se bhare hon
709,"ladies aur sajjno, manpower and technology, industrial progress ke prime drivers hain.
",positive,2,ladies aur sajjno manpower and technology industrial progress ke prime drivers hain
710,"yadi aap bar bar nahin sign rahe hain to iska arth hai ki aap kuchh naya nahin kar rahe hain   -vudi woody
",positive,2,yadi aap bar bar nahin sign rahe hain to iska arth hai ki aap kuchh naya nahin kar rahe hain vudi woody
711,"is building ke top ek big tomb sushobhit hai.
",positive,2,is building ke top ek big tomb sushobhit hai
712,"kindness seriousness aur restraint iske aadhar column the.
",positive,2,kindness seriousness aur restraint iske aadhar column the
713,"inka snbndh un mamlon se tha jo 1962 aur 1971 men udghoshit aapat upbndh pahle aur doosre aapato ke dauran paida hue.
",neutral,1,inka snbndh un mamlon se tha jo aur men udghoshit aapat upbndh pahle aur doosre aapato ke dauran paida hue
714,"n usmen koee headiness hoga aur n ve usse headiness or intoxication honge.
",negative,0,n usmen koee headiness hoga aur n ve usse headiness or intoxication honge
715,"arbitration nirnay ke lie party ko saunp administer
",positive,2,arbitration nirnay ke lie party ko saunp administer
716,"ata yadi leopard vahan sachmuch men gaya hota to bari kahin se tooti milti.
",negative,0,ata yadi leopard vahan sachmuch men gaya hota to bari kahin se tooti milti
717,"aur hamara command  aur single  to bas ek dam ki word hoti hai jaise eye ka twinkling
",positive,2,aur hamara command aur single to bas ek dam ki word hoti hai jaise eye ka twinkling
718,"i hasty men koee kadam nahin uthana chahta , n aap hasty men koee kadam uthana chahenge.
",negative,0,i hasty men koee kadam nahin uthana chahta n aap hasty men koee kadam uthana chahenge
719,"instance ke taur par , ek muslim child ki education ka first aur savandhik important part tha arabic padhne ka jnjan taki vah quran padh saken
",positive,2,instance ke taur par ek muslim child ki education ka first aur savandhik important part tha arabic padhne ka jnjan taki vah quran padh saken
720,"aur rah vah vyakti jiska karm-patr uske baen hath men uski pith ke pichhe se diya gaya,
",neutral,1,aur rah vah vyakti jiska karmpatr uske baen hath men uski pith ke pichhe se diya gaya
721,"main apne prdata nahin dhoon sakta find aur main ise dasti roop se dakhil karna chahta find m:
",positive,2,main apne prdata nahin dhoon sakta find aur main ise dasti roop se dakhil karna chahta find m
722,"aapko reminds dilata hai jab aap mail message ke lie ek attachment jorna bhool ge
",positive,2,aapko reminds dilata hai jab aap mail message ke lie ek attachment jorna bhool ge
723,"ek unknown application default keyring ke lie kootashabd badalna chahta hai aapko kootashabd chunna hai jise aap iske liye pryog karna chahte hain
",positive,2,ek unknown application default keyring ke lie kootashabd badalna chahta hai aapko kootashabd chunna hai jise aap iske liye pryog karna chahte hain
724,"allah interest ko destroys hai aur airat ko baata hai aur jitne disbeliever gunahgar hain allah unhen dost nahin rakhta
",positive,2,allah interest ko destroys hai aur airat ko baata hai aur jitne disbeliever gunahgar hain allah unhen dost nahin rakhta
725,"kyonki ham kah sakte hain ek sau sat sau aur twenty men jana hoga.
",neutral,1,kyonki ham kah sakte hain ek sau sat sau aur twenty men jana hoga
726,"bhartiy japani senaen dirgh simant ke forces advanced rapidly teji se aage ba rahi thin
",positive,2,bhartiy japani senaen dirgh simant ke forces advanced rapidly teji se aage ba rahi thin
727,"kintu higher standard ke material life cultural ka content tabhi aata hain , jabki vah usmen ultimate ho higher moral moolyon ko prapt karne ka koee madhyam bane
",positive,2,kintu higher standard ke material life cultural ka content tabhi aata hain jabki vah usmen ultimate ho higher moral moolyon ko prapt karne ka koee madhyam bane
728,"lekin bich men dhara kaphi tej hai, islie pakka hokar baithna.
",positive,2,lekin bich men dhara kaphi tej hai islie pakka hokar baithna
729,"har chij harakat men thi-oopar, niche, dayen, bayen, samne.
",neutral,1,har chij harakat men thioopar niche dayen bayen samne
730,"is nasl ki gayon ki straight top lines , sam pichhli pith aur nukile kandhe hote hain
",positive,2,is nasl ki gayon ki straight top lines sam pichhli pith aur nukile kandhe hote hain
731,"choonki magadha powerful kingdom tha islie vishnugupt ne patliputr jakar nanda raja dhanananda ko is bat ke lie raji karane ka nishchay kiya ki vah greeks par aakraman karen aur unhen india se mar bhagaen.
",negative,0,choonki magadha powerful kingdom tha islie vishnugupt ne patliputr jakar nanda raja dhanananda ko is bat ke lie raji karane ka nishchay kiya ki vah greeks par aakraman karen aur unhen india se mar bhagaen
732,"arab izrail war ne in countries ka daura karne se tourist ko door rakha.
",negative,0,arab izrail war ne in countries ka daura karne se tourist ko door rakha
733,"bull ka stomach phool jata hai.
",neutral,1,bull ka stomach phool jata hai
734,"truth bat solah aane sahi hai .   gospel  čepek ne utsahpoorvak hami bhari .
",positive,2,truth bat solah aane sahi hai gospel epek ne utsahpoorvak hami bhari
735,"third paksh guarantee  agar disbursement ke time ya isse pahle mortgage ka srijan nahin kiya ja saka hai  .
",positive,2,third paksh guarantee agar disbursement ke time ya isse pahle mortgage ka srijan nahin kiya ja saka hai
736,"iska ek any aayam yah hai ki iske madhyam se ek aesa abhiyan chalaya jaye jo sngathnon, snsthaon aur pariristhitiyon men aavashyaktanusar parivartan lane tatha is prkar samajik buraiyon ko khatm karne ka pryas kare.
",negative,0,iska ek any aayam yah hai ki iske madhyam se ek aesa abhiyan chalaya jaye jo sngathnon snsthaon aur pariristhitiyon men aavashyaktanusar parivartan lane tatha is prkar samajik buraiyon ko khatm karne ka pryas kare
737,"is tarah ke segregation ka ek consequence yah tha ki sadharanatya husband aur wife ke bich little nahin thi
",neutral,1,is tarah ke segregation ka ek consequence yah tha ki sadharanatya husband aur wife ke bich little nahin thi
738,"previous  amalgamating ya demerged company ko , us poorvavarsh ke lie , jismen samamelan ya demerger hota hai , is section ke adhin kori deduction admissible nahin hogi  aur
",negative,0,previous amalgamating ya demerged company ko us poorvavarsh ke lie jismen samamelan ya demerger hota hai is section ke adhin kori deduction admissible nahin hogi aur
739,"india ke essential ke idea ke lie national integration atyavashyak hai.
",neutral,1,india ke essential ke idea ke lie national integration atyavashyak hai
740,"islie vah bahut viral hota rare
",neutral,1,islie vah bahut viral hota rare
741,"soochna aur praudyogiki sector ne bharat ko soochna praudyogiki , bpo tatha software services ka major exporter banate hue ek major seva hub ke roop men vishv men sthapit kar diya hai.
",neutral,1,soochna aur praudyogiki sector ne bharat ko soochna praudyogiki bpo tatha software services ka major exporter banate hue ek major seva hub ke roop men vishv men sthapit kar diya hai
742,"s directory likhne yogy nahin
",neutral,1,s directory likhne yogy nahin
743,"nahin , mainne thik se samjha hai , didi.
",positive,2,nahin mainne thik se samjha hai didi
744,"aur akela aesa college jahan ham give nahin dete hain.
",neutral,1,aur akela aesa college jahan ham give nahin dete hain
745,"illness hone ke bad health men gradual sudhar
",negative,0,illness hone ke bad health men gradual sudhar
746,"aapki mang aesi hai ki koee impartial person usmen katchhant karneki bat sujha hi nahin sakta.
",negative,0,aapki mang aesi hai ki koee impartial person usmen katchhant karneki bat sujha hi nahin sakta
747,"apne egotism raste se hata dena hai
",negative,0,apne egotism raste se hata dena hai
748,"pata long ki kya kam v pay the bill hai ya nahin .
",positive,2,pata long ki kya kam v pay the bill hai ya nahin
749,"kya quantity is equation ke sides pakshon ke lie shamil kiya jana chahie
",neutral,1,kya quantity is equation ke sides pakshon ke lie shamil kiya jana chahie
750,"hamen ab apni bai huee utilize our enlarged jivan ke aam star ko ooncha uthane ke lie karna hoga.
",neutral,1,hamen ab apni bai huee utilize our enlarged jivan ke aam star ko ooncha uthane ke lie karna hoga
751,"i ek ball phenk aur ise air men oopar jana ja raha hai.
",neutral,1,i ek ball phenk aur ise air men oopar jana ja raha hai
752,"kisi ne uske i somebody prkar ka song gifts :  jab people ask dan nahin mangte to jan parta hai ki poor man hoon
",negative,0,kisi ne uske i somebody prkar ka song gifts jab people ask dan nahin mangte to jan parta hai ki poor man hoon
753,"problems 1 ko file 2 problems applying karne men samasyaen hain
",negative,0,problems ko file problems applying karne men samasyaen hain
754,"is kal ka ekmatr sngat upadan vyapar tha jo maury kal men prarnbh kiya gaya tha kyonki sthir sarkar ne samrajy ke vibhinn bhagon stable government ensured kiya tha tatha active internal trade ko protsahit kiya tha.
",positive,2,is kal ka ekmatr sngat upadan vyapar tha jo maury kal men prarnbh kiya gaya tha kyonki sthir sarkar ne samrajy ke vibhinn bhagon stable government ensured kiya tha tatha active internal trade ko protsahit kiya tha
755,"lekin unki words kinhin deaf ears men par rahi thi , kya ve svyn ekaprajit aur partntr nation ke poet nahin the
",negative,0,lekin unki words kinhin deaf ears men par rahi thi kya ve svyn ekaprajit aur partntr nation ke poet nahin the
756,"uttar prdesh rajy men phaizabad jile men sthit hindooon ki ek sacred place
",neutral,1,uttar prdesh rajy men phaizabad jile men sthit hindooon ki ek sacred place
757,"old tamil literature men murasu ka bhi kee jagah ullekh huaa hai
",neutral,1,old tamil literature men murasu ka bhi kee jagah ullekh huaa hai
758,"pran duly sanctioned kiya huaa hai-pushti bhejen.
",positive,2,pran duly sanctioned kiya huaa haipushti bhejen
759,"god pas jo kuchh hai vah to samapt ho reward , kintu allah ke pas jo kuchh hai vahi due rahnevala hai. jin transient ne patience se kam liya unhen to , jo uttam karm ve karte rahe uske badle men , ham avashy unka prtidan prdan karenge
",positive,2,god pas jo kuchh hai vah to samapt ho reward kintu allah ke pas jo kuchh hai vahi due rahnevala hai jin transient ne patience se kam liya unhen to jo uttam karm ve karte rahe uske badle men ham avashy unka prtidan prdan karenge
760,"yah suvidhajanak sthan hota hai kyonki parivar ke sadasy family can give sag-sabjiyon par dhyan de sakte hain tatha rasoeeghar v snanaghar se nikle pani aasani se sabji ki kyari ki or ghumaya ja sakta hai.
",positive,2,yah suvidhajanak sthan hota hai kyonki parivar ke sadasy family can give sagsabjiyon par dhyan de sakte hain tatha rasoeeghar v snanaghar se nikle pani aasani se sabji ki kyari ki or ghumaya ja sakta hai
761,"ek bar aapke decisions jnjan ho jane ke bad money prapt kiya ja sakega.
",neutral,1,ek bar aapke decisions jnjan ho jane ke bad money prapt kiya ja sakega
762,"phir yadi ve tumhen jhuthlate hi rahen, to tumse pahle bhi kitne hi rasool messengers been denied hai, jo clear signs, zbooren aur enlightening book lekar aae the
",positive,2,phir yadi ve tumhen jhuthlate hi rahen to tumse pahle bhi kitne hi rasool messengers been denied hai jo clear signs zbooren aur enlightening book lekar aae the
763,"influence the delhi government ko prbhavit karne ke lie kangres men apne snbndhon ke istemal ka aarop hai
",negative,0,influence the delhi government ko prbhavit karne ke lie kangres men apne snbndhon ke istemal ka aarop hai
764,"aap ek ya adhik devices select sakte hain
",neutral,1,aap ek ya adhik devices select sakte hain
765,"lekin ham vapas aa ge hain , dobara ,
",neutral,1,lekin ham vapas aa ge hain dobara
766,"natural outer kavar ya coat , jaise animal ki skin ya organ ko dhakne vali jhilli.
",positive,2,natural outer kavar ya coat jaise animal ki skin ya organ ko dhakne vali jhilli
767,"yadi yah aur pahle ka nahin , to bhi seventh century ka bana hai aur shayad mool roop se bauddh mat ke lie tha , kintu bad men vishnu mndir men roopantrit kar diya gaya jismen prmukh devta lete hue vishnu ya anntshayi hain
",neutral,1,yadi yah aur pahle ka nahin to bhi seventh century ka bana hai aur shayad mool roop se bauddh mat ke lie tha kintu bad men vishnu mndir men roopantrit kar diya gaya jismen prmukh devta lete hue vishnu ya anntshayi hain
768,"ek particular denomination ka hone ke nate uski apni kuchh customs thin.
",neutral,1,ek particular denomination ka hone ke nate uski apni kuchh customs thin
769,"sudhir , tum daurakar jao , panu babu ko phauran bula lao.
",neutral,1,sudhir tum daurakar jao panu babu ko phauran bula lao
770,"aur pratyek rebel satan se surakshit rakhne ke lie
",negative,0,aur pratyek rebel satan se surakshit rakhne ke lie
771,"kabhi-kbhi vah ram ko affection idol ke roop men mother man lete hain aur khud ko unka tenderness
",positive,2,kabhikbhi vah ram ko affection idol ke roop men mother man lete hain aur khud ko unka tenderness
772,"aur aapko unki eye men ek gleam dikhegi.
",neutral,1,aur aapko unki eye men ek gleam dikhegi
773,"aese bhi nirvachan-kshetr hain , jo lakhnoose do more milse bhi jyada door cases
",neutral,1,aese bhi nirvachankshetr hain jo lakhnoose do more milse bhi jyada door cases
774,"jab yah saph ho ki goals ko prapt nahin kiya ja sakta hai, to adjust the action n karen, balki apni action steps badlav karen
",negative,0,jab yah saph ho ki goals ko prapt nahin kiya ja sakta hai to adjust the action n karen balki apni action steps badlav karen
775,"citizens ne khud ko political protests men aayojit kiya aur
",negative,0,citizens ne khud ko political protests men aayojit kiya aur
776,"download progress men hai  kya aap is task ko sahejna chahte hain
",positive,2,download progress men hai kya aap is task ko sahejna chahte hain
777,"forty men do twenty times hai.
",neutral,1,forty men do twenty times hai
778,"video vibhajit karne ke lie horizontal video windows ki number ka chunav karen
",positive,2,video vibhajit karne ke lie horizontal video windows ki number ka chunav karen
779,"akhil bhartiy due to special ko special disability ke grant of leave ke lie niyam.
",positive,2,akhil bhartiy due to special ko special disability ke grant of leave ke lie niyam
780,"aur yahan aap throw this hoop ko oopar urate hue,
",neutral,1,aur yahan aap throw this hoop ko oopar urate hue
781,"year 712 men persia ke commander muhammad bin kasim ne sindh ke king ko hara diya .
",negative,0,year men persia ke commander muhammad bin kasim ne sindh ke king ko hara diya
782,"aur uska reason hai ki vahan dark andhkar hai.
",neutral,1,aur uska reason hai ki vahan dark andhkar hai
783,"lekin family ka vatavaran sngitamay tha.
",neutral,1,lekin family ka vatavaran sngitamay tha
784,"aur yah vo tha jo unhonne nishkarsh nikala ki ended up concluding
",neutral,1,aur yah vo tha jo unhonne nishkarsh nikala ki ended up concluding
785,"london men is period ke dauran unhonne houses home ko dekha aur irish rule rool par gladstone aur john bright ko bhashan dete hue heard
",positive,2,london men is period ke dauran unhonne houses home ko dekha aur irish rule rool par gladstone aur john bright ko bhashan dete hue heard
786,"usne kaha, tum mere sath patience n rakh sakoge,
",neutral,1,usne kaha tum mere sath patience n rakh sakoge
787,"kya usne tumhen dekh liya
",neutral,1,kya usne tumhen dekh liya
788,"tab hamne uski or prkashna ki ki oven boils ke samne aur hamari prkashna ke anusar nauka bana aur phir jab hamara aadesh aa jae aur toofan umar pare to pratyek prjati men se ek-ek jora usmen rakh le aur apne logon ko bhi, sivay unke jinke viruddh pahle faisla ho chuka hai. aur atyachariyon ke vishay men mujhse bat n karna. ve to doobakar rahenge
",positive,2,tab hamne uski or prkashna ki ki oven boils ke samne aur hamari prkashna ke anusar nauka bana aur phir jab hamara aadesh aa jae aur toofan umar pare to pratyek prjati men se ekek jora usmen rakh le aur apne logon ko bhi sivay unke jinke viruddh pahle faisla ho chuka hai aur atyachariyon ke vishay men mujhse bat n karna ve to doobakar rahenge
789,"ab unke hinduon ke sahity se is vishay aur any subject and cognate siddhanton ke snbndh men kuchh clear testimonies prastut karna hamara kartavy ho jata hai
",positive,2,ab unke hinduon ke sahity se is vishay aur any subject and cognate siddhanton ke snbndh men kuchh clear testimonies prastut karna hamara kartavy ho jata hai
790,"balki man wishes hai ki apne aage dhithaee karta rahe
",negative,0,balki man wishes hai ki apne aage dhithaee karta rahe
791,"i bhi ek time i anjan tha
",positive,2,i bhi ek time i anjan tha
792,"to jo log unke siva aur ke astgar hon to yahi log transgressor se ba jane vale hain
",neutral,1,to jo log unke siva aur ke astgar hon to yahi log transgressor se ba jane vale hain
793,"created the heavens aur dharti ko aur jo kuchh unke madhy hai, soddeshy paida kiya hai, aur vah iyamat ki ghari to anivaryta aanevali hai. ata tum bhali prkar darguzar kshma se kam lo
",positive,2,created the heavens aur dharti ko aur jo kuchh unke madhy hai soddeshy paida kiya hai aur vah iyamat ki ghari to anivaryta aanevali hai ata tum bhali prkar darguzar kshma se kam lo
794,"kolab version jo aap istemal kar rahe hain use server
",neutral,1,kolab version jo aap istemal kar rahe hain use server
795,"is expression, yah derivative y ka hai.
",neutral,1,is expression yah derivative y ka hai
796,"par aap act compassionately kary kaise karoge agar aap men karuna n ho
",positive,2,par aap act compassionately kary kaise karoge agar aap men karuna n ho
797,"antta hamne use is dasha men ki vah sick tha , plain maidan men dal diya.
",negative,0,antta hamne use is dasha men ki vah sick tha plain maidan men dal diya
798,"mmp category men maujooda ya ongoing projects ka karyanvayan various central ministries , states aur rajyar departments dvara uchit objectives se baaya jaega tatha ise eneejipi ke uddeshyone ke sath milne ke lie unnat banaya jaega.
",neutral,1,mmp category men maujooda ya ongoing projects ka karyanvayan various central ministries states aur rajyar departments dvara uchit objectives se baaya jaega tatha ise eneejipi ke uddeshyone ke sath milne ke lie unnat banaya jaega
799,"bhartiy small india development bank  sidbi  ke collaboration se chhotelghu india aur service udyam lagane ke sath hi small industries ki sick units ke technology upgradation , expansion aur modernisation men financial collaboration diya jata hai
",negative,0,bhartiy small india development bank sidbi ke collaboration se chhotelghu india aur service udyam lagane ke sath hi small industries ki sick units ke technology upgradation expansion aur modernisation men financial collaboration diya jata hai
800,"unke bich pure pey ka passed a cup,
",neutral,1,unke bich pure pey ka passed a cup
801,"ismen servants nahin ki signs  hamari udarat ki  bahut si nishaniyan hain aur hamko to bas unka imtihan lena mnzoor tha
",neutral,1,ismen servants nahin ki signs hamari udarat ki bahut si nishaniyan hain aur hamko to bas unka imtihan lena mnzoor tha
802,"new messages enable par audible notifications saksham karen
",neutral,1,new messages enable par audible notifications saksham karen
803,"column  stnbh ko startup par disk show dikhaen
",neutral,1,column stnbh ko startup par disk show dikhaen
804,"ek peshi jo kisi organ ka aakunchan karti hai
",neutral,1,ek peshi jo kisi organ ka aakunchan karti hai
805,"apne look men vitamins evn minerals ke prti sajag rahen
",neutral,1,apne look men vitamins evn minerals ke prti sajag rahen
806,"skin granthiyan samanyta ji-spt ke roop men g more hain
",neutral,1,skin granthiyan samanyta jispt ke roop men g more hain
807,"males krimi nasht hokar avshoshit kar lie jate hain.
",negative,0,males krimi nasht hokar avshoshit kar lie jate hain
808,"unmen patriotism tatha social responsibility ka spirit jagane ki jaroorat hai.
",negative,0,unmen patriotism tatha social responsibility ka spirit jagane ki jaroorat hai
809,"aur bare bare mahal tamir karte ho goya tum hamesha yhin rahoge
",positive,2,aur bare bare mahal tamir karte ho goya tum hamesha yhin rahoge
810,"aur us disbelievers hell ko inkar karnevalon ke front kar denge
",negative,0,aur us disbelievers hell ko inkar karnevalon ke front kar denge
811,"matdan-poorv phase matdataon ka rajistrikaran tatha
",neutral,1,matdanpoorv phase matdataon ka rajistrikaran tatha
812,"unhonne utmost devotion dattchittta ke sath kam kiya.
",positive,2,unhonne utmost devotion dattchittta ke sath kam kiya
813,"ahamdiyya samuday ke log muhammad sahab ko antim nabi nahin mante hain aur svyn ko followers of islam bhi kahte hain.
",negative,0,ahamdiyya samuday ke log muhammad sahab ko antim nabi nahin mante hain aur svyn ko followers of islam bhi kahte hain
814,"koee empty subject line ke sath ek sndesh bhejen _ e
",negative,0,koee empty subject line ke sath ek sndesh bhejen e
815,"iske bad mrs da liyoo ne use lndan ke ek ne skool men adhyapan-kary ke vie aamntrit kiya.
",neutral,1,iske bad mrs da liyoo ne use lndan ke ek ne skool men adhyapankary ke vie aamntrit kiya
816,"bharat ke shri pranab mukherjee mukharji kal 18 navambar, 2015 uttar prdesh vrindavan, mathura ki yatra karenge jahan vah shri chaitany mahaprbhu ke vrindavan aagaman ke 500ven varsh samaroh ka udghatan karenge. vah shri radha-raman mndir ke darshan karne bhi jaenge.
",neutral,1,bharat ke shri pranab mukherjee mukharji kal navambar uttar prdesh vrindavan mathura ki yatra karenge jahan vah shri chaitany mahaprbhu ke vrindavan aagaman ke ven varsh samaroh ka udghatan karenge vah shri radharaman mndir ke darshan karne bhi jaenge
817,"charon or se unhen gherta huaa makan unquiet sleep men so raha tha, kintu ve wide awake rahe the.
",neutral,1,charon or se unhen gherta huaa makan unquiet sleep men so raha tha kintu ve wide awake rahe the
818,"yah national development ke lie nitiyon ke formulating and implementing men assists the government karti hai.
",neutral,1,yah national development ke lie nitiyon ke formulating and implementing men assists the government karti hai
819,"such , jaise ki others ke bare men mansik kalpnaen aur ray.
",positive,2,such jaise ki others ke bare men mansik kalpnaen aur ray
820,"UPS critical star se niche hai aur yah computer shutdown hone ke kagar par hai
",negative,0,ups critical star se niche hai aur yah computer shutdown hone ke kagar par hai
821,"unhonne kaha ,  nahin , balki hamne to apne bap-dada ko fathers hi karte paya hai.
",neutral,1,unhonne kaha nahin balki hamne to apne bapdada ko fathers hi karte paya hai
822,"is address pustika ke lie backend yah prashn karne se mana kiya  s
",negative,0,is address pustika ke lie backend yah prashn karne se mana kiya s
823,"ham jo hain vahi bane rahakar vah nahin ban sakte jo ki ham banna chahte hain.
",neutral,1,ham jo hain vahi bane rahakar vah nahin ban sakte jo ki ham banna chahte hain
824,"aur unke jhuthlane se mera dam ruk jae aur meri speak fast tarah n chale to harun ke pas paiam bhej de ki mera sath de
",positive,2,aur unke jhuthlane se mera dam ruk jae aur meri speak fast tarah n chale to harun ke pas paiam bhej de ki mera sath de
825,"snsthaon ke pate prishth ३९ par hain kee sthanon par parking sthan, visheshakar, un karon ke liye rizarv rakhe gaye hain jo apne vindaskrin par orenj baij ka pragarshan karte hain, aur aap simit samay ke liye un sthanon par bhi rook sakte hain, park where generally karne ki anumti nahin hain.
",neutral,1,snsthaon ke pate prishth par hain kee sthanon par parking sthan visheshakar un karon ke liye rizarv rakhe gaye hain jo apne vindaskrin par orenj baij ka pragarshan karte hain aur aap simit samay ke liye un sthanon par bhi rook sakte hain park where generally karne ki anumti nahin hain
826,"unhonne kaha  main aapse dobara aagrah karta hoon ki aapke samne jo aaya hai, aapne is kaksh men jo suna hai aur jo abhiyukt ke lekhon men paa hai, sirph isi aadhar par abhiyukt par phaisla den
",negative,0,unhonne kaha main aapse dobara aagrah karta hoon ki aapke samne jo aaya hai aapne is kaksh men jo suna hai aur jo abhiyukt ke lekhon men paa hai sirph isi aadhar par abhiyukt par phaisla den
827,"jab i poverty ke khilaph nahin lar raha hota , tab ek fires
",positive,2,jab i poverty ke khilaph nahin lar raha hota tab ek fires
828,"colonies aur office premises aur prdhan office ka property kar , electricity ke bills , water ke bills aur vikrtaon ke bills ka payment
",neutral,1,colonies aur office premises aur prdhan office ka property kar electricity ke bills water ke bills aur vikrtaon ke bills ka payment
829,"ab in agreements ko amal men lane par dhyan dena hoga.
",positive,2,ab in agreements ko amal men lane par dhyan dena hoga
830,"larynx ke charon or pae jane vale tissues se snbndhi inflammation
",neutral,1,larynx ke charon or pae jane vale tissues se snbndhi inflammation
831,"vastav men eparchar kal exposure time ko diya gaya vigopan kal hai jo kisi optical system eparchar ke madhyam se chitr satah men kisi kendrbindu par aati hai.
",neutral,1,vastav men eparchar kal exposure time ko diya gaya vigopan kal hai jo kisi optical system eparchar ke madhyam se chitr satah men kisi kendrbindu par aati hai
832,"phase of cell charan jismen koshika ke aakar men vaddhi hoti hai tatha increase and copy nirmit hoti hai
",positive,2,phase of cell charan jismen koshika ke aakar men vaddhi hoti hai tatha increase and copy nirmit hoti hai
833,"badi mn aur dana pani hindi films ke lie likhe dana the.
",neutral,1,badi mn aur dana pani hindi films ke lie likhe dana the
834,"aur jinke nek amal ke deeds weigh light to unhin logon ne hamari aayat se napharmani karne ki vajah se yainan apna aap nusan kiya
",negative,0,aur jinke nek amal ke deeds weigh light to unhin logon ne hamari aayat se napharmani karne ki vajah se yainan apna aap nusan kiya
835,"unhonne yah wanted bhi vyakt ki ki ek democratic society men unke sath samanta ka vyavhar ho.
",neutral,1,unhonne yah wanted bhi vyakt ki ki ek democratic society men unke sath samanta ka vyavhar ho
836,"tamil nadu ke governors ki list
",neutral,1,tamil nadu ke governors ki list
837,"ek bar aapke nirnay jnjan ho jane ke bad paisa prapt kiya ja sakega.
",neutral,1,ek bar aapke nirnay jnjan ho jane ke bad paisa prapt kiya ja sakega
838,"0 save to file nahin kar sakta hai
",negative,0,save to file nahin kar sakta hai
839,"good ham doers ko aesa hi badla diya karte hain
",positive,2,good ham doers ko aesa hi badla diya karte hain
840,"halanki hearing vah  hearts sight  hai jisne tumhare lie kan aur ऑnkhen aur dil paida kiye  magar  tum log ho hi bahut few shukr karne vale
",positive,2,halanki hearing vah hearts sight hai jisne tumhare lie kan aur nkhen aur dil paida kiye magar tum log ho hi bahut few shukr karne vale
841,"change in prices ko aankne ka ek paimana.
",neutral,1,change in prices ko aankne ka ek paimana
842,"koee parent  s path ke lie tree men nahin mil found
",negative,0,koee parent s path ke lie tree men nahin mil found
843,"jise unhonne mera sabse bara vrat kaha tha usne unke ullaspoorn aur manovinodi svbhav ko kis sima tak vapas lautaya, yah us patr se spasht hai jise unhonne tin din bad mira bahan ke lie likhvaya thaa mai yah patr sadhe tin baje ki prarthna ke phauran bad likhva raha hoon jabki main apna vah bhojan kar raha hoon jo ek vrat rakhnevale vyakti ke lie nirdharit hai.
",positive,2,jise unhonne mera sabse bara vrat kaha tha usne unke ullaspoorn aur manovinodi svbhav ko kis sima tak vapas lautaya yah us patr se spasht hai jise unhonne tin din bad mira bahan ke lie likhvaya thaa mai yah patr sadhe tin baje ki prarthna ke phauran bad likhva raha hoon jabki main apna vah bhojan kar raha hoon jo ek vrat rakhnevale vyakti ke lie nirdharit hai
844,"aur ye people chalta rahe , kyonki ye mujh jaise logon ko living deti hai
",positive,2,aur ye people chalta rahe kyonki ye mujh jaise logon ko living deti hai
845,"yadypi iska ek deal good faltoo ya redundant ho gaya hai , phir bhi hamari paramprik culture men kuchh prarambhik ideas hain jo hamare future path-pradarshan men bahut upyogi ho sakte past
",positive,2,yadypi iska ek deal good faltoo ya redundant ho gaya hai phir bhi hamari paramprik culture men kuchh prarambhik ideas hain jo hamare future pathpradarshan men bahut upyogi ho sakte past
846,"ata tum obey the deniers n manna
",positive,2,ata tum obey the deniers n manna
847,"ae rasool tum kah do ki uda ki itaat karo aur rasool ki itaat karo is par bhi agar tum sartabi karoge to bas rasool par itna hi tabli vajib hai jiske vah zimmedar kie ge hain aur jiske zimmedar tum banae ge ho tum par vajib hai aur agar tum uski itaat karoge to hidayat paoge aur rasool par to sirph saph taur par ehkam ka pahunchana pharj hai
",positive,2,ae rasool tum kah do ki uda ki itaat karo aur rasool ki itaat karo is par bhi agar tum sartabi karoge to bas rasool par itna hi tabli vajib hai jiske vah zimmedar kie ge hain aur jiske zimmedar tum banae ge ho tum par vajib hai aur agar tum uski itaat karoge to hidayat paoge aur rasool par to sirph saph taur par ehkam ka pahunchana pharj hai
848,"yah fundamental physics ko nuclear energy development ka basis prdan karta hai.
",positive,2,yah fundamental physics ko nuclear energy development ka basis prdan karta hai
849,"is policy men transport vessels ke operation , sva ownership aur dhanchagat development men private sector ko baava dene ke lie kee fiscal concessions aur marg darshan maujood guidelines
",positive,2,is policy men transport vessels ke operation sva ownership aur dhanchagat development men private sector ko baava dene ke lie kee fiscal concessions aur marg darshan maujood guidelines
850,"yah bushy plant padap rog-tntr men ek host hai.
",neutral,1,yah bushy plant padap rogtntr men ek host hai
851,"yah agricultural machinery, thok tatha khudra bajar evn foreign trade ko bhi vitrit evn niyntrit karta hai.
",neutral,1,yah agricultural machinery thok tatha khudra bajar evn foreign trade ko bhi vitrit evn niyntrit karta hai
852,"use aesa reach raha tha mano charon dishaen use nivirta se gher rahi hon , sky mano use surroundings raha ho.
",neutral,1,use aesa reach raha tha mano charon dishaen use nivirta se gher rahi hon sky mano use surroundings raha ho
853,"aesi vibhooti ke pryan par hamen dukhi n hokar kritajnjta mahsoos karni chahie ki hamne unhen jana, unka pyar paya, unke vyaktitv ke prbhamndal men rahne ka gaurav prapt kiya.
",positive,2,aesi vibhooti ke pryan par hamen dukhi n hokar kritajnjta mahsoos karni chahie ki hamne unhen jana unka pyar paya unke vyaktitv ke prbhamndal men rahne ka gaurav prapt kiya
854,"guide dvara ek weapon ke roop men chakoo ka istemal kiya gaya tha.
",negative,0,guide dvara ek weapon ke roop men chakoo ka istemal kiya gaya tha
855,"koee ek aesa document kaphi hoga , jismen bank ki satisfaction ke anuroop customer information ho
",positive,2,koee ek aesa document kaphi hoga jismen bank ki satisfaction ke anuroop customer information ho
856,"doppler radar ka upyog aam taur par police radar systems men kiya jata hai , iske sath hi iska istemal hurricanes ke velocity ko mapne ke lie bhi kiya jata hai
",neutral,1,doppler radar ka upyog aam taur par police radar systems men kiya jata hai iske sath hi iska istemal hurricanes ke velocity ko mapne ke lie bhi kiya jata hai
857,"popular ki response par unhonne apne old saphal stage natak bhi repertoire par sammilit kiye.
",positive,2,popular ki response par unhonne apne old saphal stage natak bhi repertoire par sammilit kiye
858,"president ne ek condolence message men kaha hai ,  i justice profound krishn ayyar ke nidhan ke bare men janakar atynt duakh huaa hai.
",neutral,1,president ne ek condolence message men kaha hai i justice profound krishn ayyar ke nidhan ke bare men janakar atynt duakh huaa hai
859,"ata inkar karnevalon ki bat n manta aur is uraan ke dvara unse jihad karo, bara jihad! ji tor koshish
",neutral,1,ata inkar karnevalon ki bat n manta aur is uraan ke dvara unse jihad karo bara jihad ji tor koshish
860,"broker ko di jane vali amount of commission
",neutral,1,broker ko di jane vali amount of commission
861,"aur unke dilon par bhi lay veils dete hai ki ve samajh n saken. aur unke ears heaviness bojh ki ve thou mentionest thy aur jab tum uraan ke madhyam se apne rab ka varnan use akela batate hue karte ho to ve nafarat se apni pith pherakar chal dete hai
",positive,2,aur unke dilon par bhi lay veils dete hai ki ve samajh n saken aur unke ears heaviness bojh ki ve thou mentionest thy aur jab tum uraan ke madhyam se apne rab ka varnan use akela batate hue karte ho to ve nafarat se apni pith pherakar chal dete hai
862,"a ko ek spades ka pnja par le move
",neutral,1,a ko ek spades ka pnja par le move
863,"men hai ki ham way more data hai ki ham jante hain ke sath kya karna hai ,
",neutral,1,men hai ki ham way more data hai ki ham jante hain ke sath kya karna hai
864,"agli auto increment mooly prapti viphal huee
",negative,0,agli auto increment mooly prapti viphal huee
865,"act ke antargat , weight thereof combination men  weight karne ka measurement karne vala measures  bhi shamil hai jiska arth hai  koee bhi object measures , yntr ya yukti ya unka koee bhi snyojak jiska pryog se anany roop se ya atirikt roop se kiya jata hai ya kiya jana aashyit hai thereof isme aesi kisi object , measures , upaskar ya yukti se snbaddh koee measures , accessory samagri ya part shamil hai.
",neutral,1,act ke antargat weight thereof combination men weight karne ka measurement karne vala measures bhi shamil hai jiska arth hai koee bhi object measures yntr ya yukti ya unka koee bhi snyojak jiska pryog se anany roop se ya atirikt roop se kiya jata hai ya kiya jana aashyit hai thereof isme aesi kisi object measures upaskar ya yukti se snbaddh koee measures accessory samagri ya part shamil hai
866,"aur ham jis shakhs ko bhut long life dete hain to use ilat men ulat kar bachchon ki tarah majboor kar dete hain to kya vah log samajhte nahin
",positive,2,aur ham jis shakhs ko bhut long life dete hain to use ilat men ulat kar bachchon ki tarah majboor kar dete hain to kya vah log samajhte nahin
867,"aur yadi unki speed shoony hai, to ve us restfulness ko maintain rakhne denge.
",neutral,1,aur yadi unki speed shoony hai to ve us restfulness ko maintain rakhne denge
868,"standard aur tiessi pumps install karen
",neutral,1,standard aur tiessi pumps install karen
869,"skydome fallback gradient ke talavarti color stp ke lie pryog ka color
",negative,0,skydome fallback gradient ke talavarti color stp ke lie pryog ka color
870,"fine manure ki layer ka upyog karna
",positive,2,fine manure ki layer ka upyog karna
871,"chalis men do forty is twenty
",neutral,1,chalis men do forty is twenty
872,"jis din tum use dekh loge to har doodh pilane vali dar ke mare apne doodh pite bachche ko bhool jayegi aur sari hamla aurte apne-apne hamal behisht se gira degi aur ghabrahat men log tujhe matvale maloom honge halanki vah matvale nahin hain balki khuda ka azab bahut sakht hai ki log badahvas ho rahe hain
",neutral,1,jis din tum use dekh loge to har doodh pilane vali dar ke mare apne doodh pite bachche ko bhool jayegi aur sari hamla aurte apneapne hamal behisht se gira degi aur ghabrahat men log tujhe matvale maloom honge halanki vah matvale nahin hain balki khuda ka azab bahut sakht hai ki log badahvas ho rahe hain
873,"true possible koee apne sachche nature ka jan sakta hai
",positive,2,true possible koee apne sachche nature ka jan sakta hai
874,"aur short men to truth ke kee facets ho sakte hain , dirdhkalin truth keval ek aur many hota hai
",positive,2,aur short men to truth ke kee facets ho sakte hain dirdhkalin truth keval ek aur many hota hai
875,"leaves ke kendr jiske small leafy plants ki pattiyon men present hai.
",neutral,1,leaves ke kendr jiske small leafy plants ki pattiyon men present hai
876,"aur apni mother ka likewise ada karnevala banaya. aur usne mujhe arrogant aur unprosperous nahin banaya
",positive,2,aur apni mother ka likewise ada karnevala banaya aur usne mujhe arrogant aur unprosperous nahin banaya
877,"selected audio device successfully opened gaya lekin is device se read data asnbhav hai us sthiti men yadi yah ek plgebal device hai yah paryapt hoga ise phir kanekt karna yadi nahin, ya yadi yah abhi bhi pahunch yogy nahin hai, kripya apna ऑdiyo setap janchen
",negative,0,selected audio device successfully opened gaya lekin is device se read data asnbhav hai us sthiti men yadi yah ek plgebal device hai yah paryapt hoga ise phir kanekt karna yadi nahin ya yadi yah abhi bhi pahunch yogy nahin hai kripya apna diyo setap janchen
878,"ata jab free ho to strive hard lag jao,
",positive,2,ata jab free ho to strive hard lag jao
879,"dinkar unki taraph shnka se dekha.
",negative,0,dinkar unki taraph shnka se dekha
880,"is bookmark ko new window men kholen
",neutral,1,is bookmark ko new window men kholen
881,"magar is sabse things i yah sikha ki ye sab chijen itni simple hain ki inhen emerald ki surface par bhi likha ja sakta hai .
",neutral,1,magar is sabse things i yah sikha ki ye sab chijen itni simple hain ki inhen emerald ki surface par bhi likha ja sakta hai
882,"national rail museum , new delhi
",neutral,1,national rail museum new delhi
883,"achchha to mujhe khin se lohe ki sile la do chunanche vah log lae aur ek bari divar banaee yahan tak ki jab dono sheets of iron divar ko buland karke unko barabar kar diya to unko hukm diya ki iske gird aag lagakar dhauko yahan tak usko dhaunkte-dhaunkte lal angara bana diya
",neutral,1,achchha to mujhe khin se lohe ki sile la do chunanche vah log lae aur ek bari divar banaee yahan tak ki jab dono sheets of iron divar ko buland karke unko barabar kar diya to unko hukm diya ki iske gird aag lagakar dhauko yahan tak usko dhaunktedhaunkte lal angara bana diya
884,"sudhodhna ne panchven din ek naming ceremony aayojit kiya aur aath brahmin pandits ko bhavishy pane ke lie aamntrit kiya.
",neutral,1,sudhodhna ne panchven din ek naming ceremony aayojit kiya aur aath brahmin pandits ko bhavishy pane ke lie aamntrit kiya
885,"to kya tum log bhi mere sath use jhank kar dekhoge raz jhanka to use middle of hell para huaa dekha
",negative,0,to kya tum log bhi mere sath use jhank kar dekhoge raz jhanka to use middle of hell para huaa dekha
886,"patasan ke paudhon ko 21 se 38 digri selsiyas tapman tatha 70 se 80 prtishat sapeksh aardrta ki jaroorat parti hain.
",neutral,1,patasan ke paudhon ko se digri selsiyas tapman tatha se prtishat sapeksh aardrta ki jaroorat parti hain
887,"16 pichablend aur any uranium ayask.
",neutral,1,pichablend aur any uranium ayask
888,"iske contrast lsd ka ek hi bar dam lagane se kisi latent trip illness vale vyakti ko manovaigyanik damage pahunchne ki snbhavna ho sakti hai .
",negative,0,iske contrast lsd ka ek hi bar dam lagane se kisi latent trip illness vale vyakti ko manovaigyanik damage pahunchne ki snbhavna ho sakti hai
889,"health aur family welfare committee samitia
",neutral,1,health aur family welfare committee samitia
890,"provisions  kisi vartman law ke upbndhon par , athva
",neutral,1,provisions kisi vartman law ke upbndhon par athva
891,", ab vahan mere sthan par kaun jhirkie khayega
",neutral,1,ab vahan mere sthan par kaun jhirkie khayega
892,"is reason se bhi main kathit abhiva ke plaintiff ke lie available n hone ke contention ka samarthan karne men unable hoon
",neutral,1,is reason se bhi main kathit abhiva ke plaintiff ke lie available n hone ke contention ka samarthan karne men unable hoon
893,"jo things rays jaisi chij ke karan hota hai ,
",positive,2,jo things rays jaisi chij ke karan hota hai
894,"kheti mukhy roop se family and livestock ki food requirement ke lie ki jati hai.
",neutral,1,kheti mukhy roop se family and livestock ki food requirement ke lie ki jati hai
895,"mujhe realized huaa ki main vo longer nahin thi jo main huaa karti thi,
",negative,0,mujhe realized huaa ki main vo longer nahin thi jo main huaa karti thi
896,"anupryog 1 chala nahin saka
",neutral,1,anupryog chala nahin saka
897,"patti ke kendr jiske small leafy plants ki pattiyon leaves of small
",neutral,1,patti ke kendr jiske small leafy plants ki pattiyon leaves of small
898,"yah revelation hai bare beneficent , atyant dayavan ki or se ,
",positive,2,yah revelation hai bare beneficent atyant dayavan ki or se
899,"ewes 3 se 70 lasts tak heat men rahti haingarmi ki average period 27 lasts hoti hai
",neutral,1,ewes se lasts tak heat men rahti haingarmi ki average period lasts hoti hai
900,"human aur divine , naisargik love aur manav-prem , aatm-bodh aur other paraspar unki consciousness men man usi nature ghul-mil actual hain jaise ki unke niji life men , aur inhen ek-doosre se vilag karna difficult ho jata poetry
",positive,2,human aur divine naisargik love aur manavprem aatmbodh aur other paraspar unki consciousness men man usi nature ghulmil actual hain jaise ki unke niji life men aur inhen ekdoosre se vilag karna difficult ho jata poetry
901,"isi state make uska married ho jata hai aur wife ghar men le aata hai.
",neutral,1,isi state make uska married ho jata hai aur wife ghar men le aata hai
902,"desaee ne inke bare men kaha tha ki aese aadmi ke lie yah kahna bilkul anupyukt hoga ki jo asli jivan men maut se larakar jita ho use parde par maut apna gras bana le.
",negative,0,desaee ne inke bare men kaha tha ki aese aadmi ke lie yah kahna bilkul anupyukt hoga ki jo asli jivan men maut se larakar jita ho use parde par maut apna gras bana le
903,"rashtrapti bhavan ka pahla ti-10 toornament meharchnd ke netritv men haus hold ryals ne jita tatha up-vijeta tim mejar amit bharadvaj ke netritv men pi bi ji charajars rahi.
",positive,2,rashtrapti bhavan ka pahla ti toornament meharchnd ke netritv men haus hold ryals ne jita tatha upvijeta tim mejar amit bharadvaj ke netritv men pi bi ji charajars rahi
904,"ye group do ships men soorat se jeddah bndargah par year men pahuncha aur mecca aur madina ko agrasar huaa.
",neutral,1,ye group do ships men soorat se jeddah bndargah par year men pahuncha aur mecca aur madina ko agrasar huaa
905,"i household same yah ghar se shuroo hoti hai , ek hi roof ke niche.
",neutral,1,i household same yah ghar se shuroo hoti hai ek hi roof ke niche
906,"sooryast ke samay shnghaee ka puksi region ab tak sun apne horizon ke niche tak nahin smog hai balki yah dhundh  dense  ki rekha tak pahunch gaya hai
",negative,0,sooryast ke samay shnghaee ka puksi region ab tak sun apne horizon ke niche tak nahin smog hai balki yah dhundh dense ki rekha tak pahunch gaya hai
907,"jab earth tharathrakar kanp uthegi
",neutral,1,jab earth tharathrakar kanp uthegi
908,"gay bari cow is worshipped mani jati hai
",positive,2,gay bari cow is worshipped mani jati hai
909,"venom quite accurately apne direct eye pain men vish thook dete hain, jisse aankhen kshtigrast ho sakti hain ya unmen dard ho sakta hai.
",negative,0,venom quite accurately apne direct eye pain men vish thook dete hain jisse aankhen kshtigrast ho sakti hain ya unmen dard ho sakta hai
910,"vice ke last conference men , hamne number decisions lie.
",positive,2,vice ke last conference men hamne number decisions lie
911,"tall table, tall chairs! khair, haven inhen abhi tak poora nahin kiya hai
",positive,2,tall table tall chairs khair haven inhen abhi tak poora nahin kiya hai
912,"doosra approach yah hai ki mast cells se histamin nikalne hi n diya jaye.
",neutral,1,doosra approach yah hai ki mast cells se histamin nikalne hi n diya jaye
913,". iske atiriktak pain pan data parivartan ya sudhar ke lie anurodh ya ne pain kard ke lie anurodh maujooda pain ke lie bhi intarnet ke madhyapam se kiya ja sakta hai.
",neutral,1,iske atiriktak pain pan data parivartan ya sudhar ke lie anurodh ya ne pain kard ke lie anurodh maujooda pain ke lie bhi intarnet ke madhyapam se kiya ja sakta hai
914,"supporting actor aur rekha ke viprit inki sahayak bhoomika men inhen behad saraha gaya aur inhen sarvashreshth sahayak kalakar ka philmpheyar puraskar diya gaya.
",positive,2,supporting actor aur rekha ke viprit inki sahayak bhoomika men inhen behad saraha gaya aur inhen sarvashreshth sahayak kalakar ka philmpheyar puraskar diya gaya
915,"ae mere bandon! aaj n tumhen koee bhay hai aur n tum grieve hoge.-
",positive,2,ae mere bandon aaj n tumhen koee bhay hai aur n tum grieve hoge
916,"ye verses v raushan book ki aayten hai
",positive,2,ye verses v raushan book ki aayten hai
917,"unki samikshayen inhin mapadandon par aadharit hoti hain, ata vah assessing the thought aur discussing the language se aage nahin ba pate.
",neutral,1,unki samikshayen inhin mapadandon par aadharit hoti hain ata vah assessing the thought aur discussing the language se aage nahin ba pate
918,"khisakne vali vikrail phnde ka pryog shalyakriya ke bad netretar manspeshiyon ki sivan ke samanvayan hetu kiya jata hai.
",neutral,1,khisakne vali vikrail phnde ka pryog shalyakriya ke bad netretar manspeshiyon ki sivan ke samanvayan hetu kiya jata hai
919,"look !   s  usne kaha .
",neutral,1,look s usne kaha
920,"lord ne arz ki paravardigar i darta hoon ki  mubada  vah log mujhe jhuthla de
",negative,0,lord ne arz ki paravardigar i darta hoon ki mubada vah log mujhe jhuthla de
921,"koee empty subject line ke sath ek message bhejen  _ e
",negative,0,koee empty subject line ke sath ek message bhejen e
922,"unmen baitha kalakar bhi, taji pastures and newer men vicharan karta aur abhivyakti ke abhinn kshetron ki talash men rahta tha
",positive,2,unmen baitha kalakar bhi taji pastures and newer men vicharan karta aur abhivyakti ke abhinn kshetron ki talash men rahta tha
923,"do tarah ke poultry feed taiyar kie ja sakte hain.
",positive,2,do tarah ke poultry feed taiyar kie ja sakte hain
924,"jab labour ke benevolent aspects par vichar kiya jata ho.
",positive,2,jab labour ke benevolent aspects par vichar kiya jata ho
925,"beshak unko hamari taraf laut kar aana hai
",positive,2,beshak unko hamari taraf laut kar aana hai
926,"aur vah phir doosre side men gai ho other hai
",neutral,1,aur vah phir doosre side men gai ho other hai
927,"phir bhi unke upanyas men vishay content and form ki drishti se talmel nahin rah saka.
",negative,0,phir bhi unke upanyas men vishay content and form ki drishti se talmel nahin rah saka
928,"example ke taur par , yahan ,
",neutral,1,example ke taur par yahan
929,"inke alava , peepal tree , banana tree tatha bilva bhi vatika ke appropriate sthlon par lagae ge hain jisse kul total vrikshpaudhe ho ge hain.
",neutral,1,inke alava peepal tree banana tree tatha bilva bhi vatika ke appropriate sthlon par lagae ge hain jisse kul total vrikshpaudhe ho ge hain
930,"kharab shram management relationship aur workers ka sahabaddh morale poor hona tatha poor productivity , strikes , talabndiyan itya di.
",negative,0,kharab shram management relationship aur workers ka sahabaddh morale poor hona tatha poor productivity strikes talabndiyan itya di
931,"maile ki basin extent of land men hoti hai.
",neutral,1,maile ki basin extent of land men hoti hai
932,"union governed bhoo-bhagon ko territories land kaha jata parts
",neutral,1,union governed bhoobhagon ko territories land kaha jata parts
933,"body ke sabhi part par application ka aalepan
",neutral,1,body ke sabhi part par application ka aalepan
934,"is bat par matter of introspection ki jaroorat hai ki krishi shrmikon tatha vishal aakar men kheti yogy bhoomi, eshiya men kuchh kami aane ke bavjood, ke bad bhi bahut se eshiyaee aur aphriki deshon men khadyann ki kimton men atydhik vriddhi kaise huee hai.
",neutral,1,is bat par matter of introspection ki jaroorat hai ki krishi shrmikon tatha vishal aakar men kheti yogy bhoomi eshiya men kuchh kami aane ke bavjood ke bad bhi bahut se eshiyaee aur aphriki deshon men khadyann ki kimton men atydhik vriddhi kaise huee hai
935,"i pas ek climate crisis hai
",negative,0,i pas ek climate crisis hai
936,"unhonne kaha ,  allah ki sinners ! aapko allah ne hamare muable men pasand kiya aur nishchay hi chook to hamse huee.
",positive,2,unhonne kaha allah ki sinners aapko allah ne hamare muable men pasand kiya aur nishchay hi chook to hamse huee
937,"islie ichchhit response ke lie sada hi ek word athva signal ka same kiya jana chahie.
",positive,2,islie ichchhit response ke lie sada hi ek word athva signal ka same kiya jana chahie
938,"aesa rule jo value men equality ki vyakhya karta ho.
",positive,2,aesa rule jo value men equality ki vyakhya karta ho
939,"gavarnar-janaral ne yah bhi kaha ki nijam ne telegram dvara jordar terms men mujh par complete confidence vayakt kiya hai , parantu ve letter chale gaye jab enough kahna kaphi ho sakta tha.
",positive,2,gavarnarjanaral ne yah bhi kaha ki nijam ne telegram dvara jordar terms men mujh par complete confidence vayakt kiya hai parantu ve letter chale gaye jab enough kahna kaphi ho sakta tha
940,"mere lie sabse sahi-- yah hai
",positive,2,mere lie sabse sahi yah hai
941,"han , yadi donon men se koee bhi ek parties hearing ka adjournment chahta hai to unhen adjournment mangne ke reasons ko batate hue exchange ke pas advance roop se ek application karna chahie jisse ki exchange aese anurodh ko arbitrator ko bhej sake.
",positive,2,han yadi donon men se koee bhi ek parties hearing ka adjournment chahta hai to unhen adjournment mangne ke reasons ko batate hue exchange ke pas advance roop se ek application karna chahie jisse ki exchange aese anurodh ko arbitrator ko bhej sake
942,"iske lie aapko aapke ekaunt men lgin karna hoga jisse ki aap apne photoyukt prvesh kard ke print aaut le saken.
",positive,2,iske lie aapko aapke ekaunt men lgin karna hoga jisse ki aap apne photoyukt prvesh kard ke print aaut le saken
943,"unhonne kaha tha :main nahin chahta ki bharat aesa desh bane millions of people ek vyakti kihanmen han milaen, main ek majboot vipaksh chahta hoon.
",positive,2,unhonne kaha tha main nahin chahta ki bharat aesa desh bane millions of people ek vyakti kihanmen han milaen main ek majboot vipaksh chahta hoon
944,"dayen-se-bayen order ka upyog broken words ko pas-pas lane ke liya kiya left hai.
",negative,0,dayensebayen order ka upyog broken words ko paspas lane ke liya kiya left hai
945,"folder 1 pahle hi exists hai 2 owner ban sakta hai aur permissions may change hain kya aap sachmuch 3 ka istemal karna chahte hain
",positive,2,folder pahle hi exists hai owner ban sakta hai aur permissions may change hain kya aap sachmuch ka istemal karna chahte hain
946,"place hearts ki queen ke bagal men place hearts ke king ko rakhen
",positive,2,place hearts ki queen ke bagal men place hearts ke king ko rakhen
947,"ek occurrence took place hone ke pahle
",neutral,1,ek occurrence took place hone ke pahle
948,"directory set karen jahan store temporary files karna hai
",neutral,1,directory set karen jahan store temporary files karna hai
949,"unhen n keval bahut se illegal kar aur many dene ko majboor kiya jata balki unse begar bhi karayi jati thi
",negative,0,unhen n keval bahut se illegal kar aur many dene ko majboor kiya jata balki unse begar bhi karayi jati thi
950,"sky map par dhoomketuon par label lagaen
",neutral,1,sky map par dhoomketuon par label lagaen
951,"awareness among farmers shri ki ritiyon evn taknikon ke bare men jagrookta paida ki jani chahie, kyonki usmen parampragat vidhi ki tulna men change of practices ho jata hai,
",neutral,1,awareness among farmers shri ki ritiyon evn taknikon ke bare men jagrookta paida ki jani chahie kyonki usmen parampragat vidhi ki tulna men change of practices ho jata hai
952,"ve kahte hai ki  yah decree come truth , yadi tum sachche ho
",positive,2,ve kahte hai ki yah decree come truth yadi tum sachche ho
953,"yah yeah par synthetic data, easy hai.
",positive,2,yah yeah par synthetic data easy hai
954,"yah ek aese mnch ke roop men kary karega jahan navin vicharon ko protsahan milega aur ne utpadon ke vikas ke lie navanveshkon ko protsahit kiya jaega.
",positive,2,yah ek aese mnch ke roop men kary karega jahan navin vicharon ko protsahan milega aur ne utpadon ke vikas ke lie navanveshkon ko protsahit kiya jaega
955,"rib hai ki bijli unki lightning almost snatches de jab unke aage bijli chamki to us raushni men chal khare hue aur jab un par andhera chha gaya to thithke ke khare ho ge aur khuda chahta to yoon bhi unke dekhne aur sunne ki koovten chhin leta beshak khuda har chiz par adir hai
",positive,2,rib hai ki bijli unki lightning almost snatches de jab unke aage bijli chamki to us raushni men chal khare hue aur jab un par andhera chha gaya to thithke ke khare ho ge aur khuda chahta to yoon bhi unke dekhne aur sunne ki koovten chhin leta beshak khuda har chiz par adir hai
956,"bag buddy installed nahin hai
",neutral,1,bag buddy installed nahin hai
957,"dalhauji ne apna prsiddh relve vatavy san 1853 men jari kiya jismen unhonne poore desh ke lie ek hi samany prnali ki sipharish ki aur jismen vyavastha vitt aur nirman ke samany siddhant bhi prtipadit kiye
",neutral,1,dalhauji ne apna prsiddh relve vatavy san men jari kiya jismen unhonne poore desh ke lie ek hi samany prnali ki sipharish ki aur jismen vyavastha vitt aur nirman ke samany siddhant bhi prtipadit kiye
958,"unki eyes death ka sndesh de rahi thin.
",negative,0,unki eyes death ka sndesh de rahi thin
959,"control panel men manual switch , means dvara ek bit processor register men prvisht kar sakta hai
",neutral,1,control panel men manual switch means dvara ek bit processor register men prvisht kar sakta hai
960,"use documents with signature dvara authenticate karne ki aavashyakta thi.
",neutral,1,use documents with signature dvara authenticate karne ki aavashyakta thi
961,"fail ko khol nahin sakaa  file :  file
",neutral,1,fail ko khol nahin sakaa file file
962,"ODD 2 ka returns hoga 3
",negative,0,odd ka returns hoga
963,"widen our horizon ka vistar karne aur vyapar snchar ke lie international languages padhni hi chahie.
",neutral,1,widen our horizon ka vistar karne aur vyapar snchar ke lie international languages padhni hi chahie
964,"matdan-poorv phase  voters ka registration  tatha
",neutral,1,matdanpoorv phase voters ka registration tatha
965,"jab avaidh tarikon se legal act ki gayi hai tab yah adhiniyam aavashyak hai
",negative,0,jab avaidh tarikon se legal act ki gayi hai tab yah adhiniyam aavashyak hai
966,"tum righteousness aur vafadari ke darje ko nahin pahunch sakte , jab tak ki un chizo ko  allah ke way men  rch n karo , jo tumhen priy hai. aur jo chiz bhi tum rch karoge , nishchay hi allah ko uska jnjan hoga
",positive,2,tum righteousness aur vafadari ke darje ko nahin pahunch sakte jab tak ki un chizo ko allah ke way men rch n karo jo tumhen priy hai aur jo chiz bhi tum rch karoge nishchay hi allah ko uska jnjan hoga
967,"prachin tamil literature men mursu ka bhi kee jagah ullekh huaa hai
",neutral,1,prachin tamil literature men mursu ka bhi kee jagah ullekh huaa hai
968,"sleep ki good ke bad thik se kabhi so n sake.
",negative,0,sleep ki good ke bad thik se kabhi so n sake
969,"binoy ke bare men haran baboo us day jo insinuation kar gaye the , vah bhi unhen other aaya.
",neutral,1,binoy ke bare men haran baboo us day jo insinuation kar gaye the vah bhi unhen other aaya
970,"au unmen se jis kisi vyakti ki pray ho god janaze ki stand kabhi n pana aur n kabhi god br par khare hona. unhonne to messenger aur uske rasool ke sath kufr kiya aur mare is dasha men ki rebellious the
",negative,0,au unmen se jis kisi vyakti ki pray ho god janaze ki stand kabhi n pana aur n kabhi god br par khare hona unhonne to messenger aur uske rasool ke sath kufr kiya aur mare is dasha men ki rebellious the
971,"ek citizen who occasionally yah hai ki inka labh keval un ordinary citizen ko hi nahin milta jo yadakda vidhi ke shiknje men phns jate hain balki un peshevar apradhiyon ko bhi milta hai jinhonne dirgh anubhav se sabhi prtirakshaon ka labh uthane ka gur sikh liya
",negative,0,ek citizen who occasionally yah hai ki inka labh keval un ordinary citizen ko hi nahin milta jo yadakda vidhi ke shiknje men phns jate hain balki un peshevar apradhiyon ko bhi milta hai jinhonne dirgh anubhav se sabhi prtirakshaon ka labh uthane ka gur sikh liya
972,"welding lagana ki kyon , computers kyon nahin
",neutral,1,welding lagana ki kyon computers kyon nahin
973,"ab, tum start karne ke lie ek simple tarika
",neutral,1,ab tum start karne ke lie ek simple tarika
974,"ham khud astray the to tum ko bhi astray kiya
",neutral,1,ham khud astray the to tum ko bhi astray kiya
975,"employment 1998-99 se chalne vale kee tarah ke poverty various tatha generation srijan programmes ko broad categories se do vargon men rakhe ge haina
",negative,0,employment se chalne vale kee tarah ke poverty various tatha generation srijan programmes ko broad categories se do vargon men rakhe ge haina
976,"level : hindi language ke news papers
",neutral,1,level hindi language ke news papers
977,"board ke main objectives hain :
",neutral,1,board ke main objectives hain
978,"aarnbhik sequence number  padavanat
",positive,2,aarnbhik sequence number padavanat
979,"aur ham eks ke derivative sin hai, kyonki ham learned
",negative,0,aur ham eks ke derivative sin hai kyonki ham learned
980,"aapko isi range me rahna hai
",neutral,1,aapko isi range me rahna hai
981,"tum mere lie ek beatles ka song ga sakte ho kya
",neutral,1,tum mere lie ek beatles ka song ga sakte ho kya
982,"islie response desired ke lie sada hi ek word or signal ka istemal kiya jana chahie.
",positive,2,islie response desired ke lie sada hi ek word or signal ka istemal kiya jana chahie
983,"hand or boddhon ke snrakshan men kala samriddhshali bani.
",positive,2,hand or boddhon ke snrakshan men kala samriddhshali bani
984,"kya jis better ne fear ke auph aur ushnoodi par apni building ki buniyad dali ho vah good achchha hai ya vah better jisne apni building ki buniyad is bank kinare ke brink par rakhi ho jismen darar par chuki ho aur agar vah chahta ho phir use guides evildoers ke jahannum ki fire men phat pade aur fear zalim logon ko mnzilen masood tak nahin pahunchaya karta
",positive,2,kya jis better ne fear ke auph aur ushnoodi par apni building ki buniyad dali ho vah good achchha hai ya vah better jisne apni building ki buniyad is bank kinare ke brink par rakhi ho jismen darar par chuki ho aur agar vah chahta ho phir use guides evildoers ke jahannum ki fire men phat pade aur fear zalim logon ko mnzilen masood tak nahin pahunchaya karta
985,"reproduction without fertilization ka ek type
",neutral,1,reproduction without fertilization ka ek type
986,"moulded men full aur animal ki poori figure banayi jati hai.
",neutral,1,moulded men full aur animal ki poori figure banayi jati hai
987,"fact, redit pe kisi nen thought,
",neutral,1,fact redit pe kisi nen thought
988,"aur fir ham kya karte hai  ham sauda tay karte hain.
",neutral,1,aur fir ham kya karte hai ham sauda tay karte hain
989,"kintu yah ekagdi atyuchch avastha hi knowledge ke path ka sole ya inevitable result nahin.
",positive,2,kintu yah ekagdi atyuchch avastha hi knowledge ke path ka sole ya inevitable result nahin
990,"ve apne muhanon par infinite sea ka aalingan karti hain.
",positive,2,ve apne muhanon par infinite sea ka aalingan karti hain
991,"yahan tak ki jab  yamat men  hamare pas aaega to  apne comrade shaitan se  kahega kash mujhmen aur person east west ka fasla hota raz  shaitan bhi  kya hi evil raphi hai
",negative,0,yahan tak ki jab yamat men hamare pas aaega to apne comrade shaitan se kahega kash mujhmen aur person east west ka fasla hota raz shaitan bhi kya hi evil raphi hai
992,"ata kuchh nahin, main sam khata hoon poorvon aur pashchimon ke rab ki, hame iski samarthy prapt hai
",positive,2,ata kuchh nahin main sam khata hoon poorvon aur pashchimon ke rab ki hame iski samarthy prapt hai
993,"deceased accident ke time ek private job kar raha tha
",negative,0,deceased accident ke time ek private job kar raha tha
994,"niche dekhne par samne ki pahadi ke maidan men noon ke bad vayu pollution towards saf los moor men dikhta hai
",neutral,1,niche dekhne par samne ki pahadi ke maidan men noon ke bad vayu pollution towards saf los moor men dikhta hai
995,"unke tathakthit dramas men , poetry ka percentage great hai , unmen music bhi shamil hai.
",positive,2,unke tathakthit dramas men poetry ka percentage great hai unmen music bhi shamil hai
996,"proprietary concern men nirnay sugamta se aur tvrit roop men lie ja sakte hain.
",positive,2,proprietary concern men nirnay sugamta se aur tvrit roop men lie ja sakte hain
997,"image format  default rgb
",neutral,1,image format default rgb
998,"lock unlock lock file karne men asafal
",negative,0,lock unlock lock file karne men asafal
999,"kya contact ko dikhana hai jo contacts list men offline hain
",negative,0,kya contact ko dikhana hai jo contacts list men offline hain
1000,"chaynit audio device saphaltapoorvak khola gaya lekin is device se data pana impossible hai  us case men yadi yah ek pluggable device hai yah sufficient hoga ise phir kanekt karna  yadi nahin , ya yadi yah abhi bhi pahunch yogy nahin hai , kripya apna audio setup janchen
",negative,0,chaynit audio device saphaltapoorvak khola gaya lekin is device se data pana impossible hai us case men yadi yah ek pluggable device hai yah sufficient hoga ise phir kanekt karna yadi nahin ya yadi yah abhi bhi pahunch yogy nahin hai kripya apna audio setup janchen
1001,"phir use maut di phir use kabr men dafan karaya
",negative,0,phir use maut di phir use kabr men dafan karaya
1002,"aur yah ek 40 arab billion business agle 7 years men hone ja raha hai
",neutral,1,aur yah ek arab billion business agle years men hone ja raha hai
1003,"aur ye bhi koee ehsan he jise aap favour wherewith thou rahe hai ki aap ne bani enslaved the children bana rakha hai
",positive,2,aur ye bhi koee ehsan he jise aap favour wherewith thou rahe hai ki aap ne bani enslaved the children bana rakha hai
1004,"mini steel industry ka bhavi sponge iron aayan ki upalabdhta par nirbhar karega
",neutral,1,mini steel industry ka bhavi sponge iron aayan ki upalabdhta par nirbhar karega
1005,"usme sabse kam number hota hai
",positive,2,usme sabse kam number hota hai
1006,"ye lord paravardigar ki word transgressors logon par sabit hokar rahi ki ye log hargiz eeman n laengen
",positive,2,ye lord paravardigar ki word transgressors logon par sabit hokar rahi ki ye log hargiz eeman n laengen
1007,"kya unhen khabar nahin ki allah unka bhed aur unki kanaphusiyon ko achchhi tarah janta hai aur yah ki allah knowledge of unknown baton ko bhali-bhanti janta hai
",positive,2,kya unhen khabar nahin ki allah unka bhed aur unki kanaphusiyon ko achchhi tarah janta hai aur yah ki allah knowledge of unknown baton ko bhalibhanti janta hai
1008,"vartman men default browser   BROWSERNAME  hai
",neutral,1,vartman men default browser browsername hai
1009,"yah apple sour hai na
",neutral,1,yah apple sour hai na
1010,"ends of justice ki prapti se koson door, unka anirnay ya yogyta ke aadhar par niptan sunishchit roop se ends of justice ko viphal kar dega
",positive,2,ends of justice ki prapti se koson door unka anirnay ya yogyta ke aadhar par niptan sunishchit roop se ends of justice ko viphal kar dega
1011,"is scheme ke centre men  national payments corporation  jaise card scheme provider hote hain jo clearing tatha payments karte hain.
",positive,2,is scheme ke centre men national payments corporation jaise card scheme provider hote hain jo clearing tatha payments karte hain
1012,"jahan par bhagvan shnkar parvti ji ko bhagvan shri ram ki katha suna rahe the vahan kaga kauva ka ek ghosla tha aur uske bhitar baitha kaga bhi us katha ko sun raha tha.
",positive,2,jahan par bhagvan shnkar parvti ji ko bhagvan shri ram ki katha suna rahe the vahan kaga kauva ka ek ghosla tha aur uske bhitar baitha kaga bhi us katha ko sun raha tha
1013,"yah bahut thik hai ki jo makasad hamen pyara hai, usko poora karne ke lie ham apni poori takat laga den.
",positive,2,yah bahut thik hai ki jo makasad hamen pyara hai usko poora karne ke lie ham apni poori takat laga den
1014,"pharakka bandh ban jane se gnga production of seed machhli ke bijotpadan helpful in production hai.
",positive,2,pharakka bandh ban jane se gnga production of seed machhli ke bijotpadan helpful in production hai
1015,"i n criticism ki parvah he , n tohamat ki.
",negative,0,i n criticism ki parvah he n tohamat ki
1016,"ek afila aaya. phir usne panihara ko bheja. usne apna draw water hi dala to pukar utha, are! kitni ushi ki bat hai. yah to ek larka hai. unhonne use vyapar ka mal samajhkar chhupa liya. kintu jo kuchh ve kar rahe the, allah to use janta hi tha
",positive,2,ek afila aaya phir usne panihara ko bheja usne apna draw water hi dala to pukar utha are kitni ushi ki bat hai yah to ek larka hai unhonne use vyapar ka mal samajhkar chhupa liya kintu jo kuchh ve kar rahe the allah to use janta hi tha
1017,"is appeal ne २०  ०१  २००७ dinankit judgment aur decree par aakshep kiya hai , jisne ०८  ११  २००५ dinankit trial ke judgment aur decree ka samarthan kiya tha , jismen plaintiff ke possession , declaration aur mandatory injunction ke suit par decree ki gee thi
",positive,2,is appeal ne dinankit judgment aur decree par aakshep kiya hai jisne dinankit trial ke judgment aur decree ka samarthan kiya tha jismen plaintiff ke possession declaration aur mandatory injunction ke suit par decree ki gee thi
1018,"hamen yah sunishchit karna chahie ki in pillars ki sudrita aur strong bani rahe.
",positive,2,hamen yah sunishchit karna chahie ki in pillars ki sudrita aur strong bani rahe
1019,"nikazad naujoomi ke s anekon children illustrations men liye gaye hai.
",neutral,1,nikazad naujoomi ke s anekon children illustrations men liye gaye hai
1020,"do tarah ke poultry feed prepared kie ja sakte hain.
",positive,2,do tarah ke poultry feed prepared kie ja sakte hain
1021,"strokes sat oordhvadhar rekhaon ke pichhe ek machhli ka fish-like sign
",neutral,1,strokes sat oordhvadhar rekhaon ke pichhe ek machhli ka fishlike sign
1022,"aesa prtit hota hai ki bees and birds jaise vikas ki sii ke nichle paydonon ke praniyon ka aacharan unke janm ke sath nirdharit kiya jata hai.
",positive,2,aesa prtit hota hai ki bees and birds jaise vikas ki sii ke nichle paydonon ke praniyon ka aacharan unke janm ke sath nirdharit kiya jata hai
1023,"donon kamobesh ek hi atmosphere men palit-poshit hue the.
",neutral,1,donon kamobesh ek hi atmosphere men palitposhit hue the
1024,"to tum donon apne rab ki anukampaon men se kis-kis ko deny
",negative,0,to tum donon apne rab ki anukampaon men se kiskis ko deny
1025,"hamne tumhen paida kiya  phir tum sach kyon nahin mante
",positive,2,hamne tumhen paida kiya phir tum sach kyon nahin mante
1026,"chhavi  s men closing karne se pahle parivartan save
",positive,2,chhavi s men closing karne se pahle parivartan save
1027,"aur ibrahim bhi usi ke party men se tha.
",positive,2,aur ibrahim bhi usi ke party men se tha
1028,"kaise rel, stimar ke bare men 1850 ke dashak men writing,
",neutral,1,kaise rel stimar ke bare men ke dashak men writing
1029,"jinke eyes meri remembrance ki or se parde men the aur jo kuchh sun bhi nahin sakte the
",neutral,1,jinke eyes meri remembrance ki or se parde men the aur jo kuchh sun bhi nahin sakte the
1030,"mainne purane netaon aur devote my energies ke bich khaee khatm karne men apni takat ka istemal karne ka phaisla kiya
",positive,2,mainne purane netaon aur devote my energies ke bich khaee khatm karne men apni takat ka istemal karne ka phaisla kiya
1031,"yah playing poker sare patte khol dene jaisa hai
",positive,2,yah playing poker sare patte khol dene jaisa hai
1032,"cricket ka khelbharat men cricket ke india ka aarambh 1721 men huaa
",positive,2,cricket ka khelbharat men cricket ke india ka aarambh men huaa
1033,"aur  musalmanon  faint ke pichha karne men susti n heart agar wise men people harm pahunchti hai to jaisi people harm pahunchti hai unko bhi vaisi hi aziyat hoti hai aur  people  ye bhi  ummid hai ki  tum uda se vah vah ummiden rakhte ho jo  unko  knowing nahin aur uda to sabse vaif  aur  hikamat vala hai
",negative,0,aur musalmanon faint ke pichha karne men susti n heart agar wise men people harm pahunchti hai to jaisi people harm pahunchti hai unko bhi vaisi hi aziyat hoti hai aur people ye bhi ummid hai ki tum uda se vah vah ummiden rakhte ho jo unko knowing nahin aur uda to sabse vaif aur hikamat vala hai
1034,"jesus ke janm ke time nirkunsh raja hairod ka rule tha jisme prja ki condition shochniy thi.
",negative,0,jesus ke janm ke time nirkunsh raja hairod ka rule tha jisme prja ki condition shochniy thi
1035,"aur ham do simpler expressions men expand karne ke lie ja rahe hain
",positive,2,aur ham do simpler expressions men expand karne ke lie ja rahe hain
1036,"alpkalin appointment ka arth us appointment se hota hai , jismen matr ek definite limited ke lie hi definite rate se pay svikrit hota hai.
",negative,0,alpkalin appointment ka arth us appointment se hota hai jismen matr ek definite limited ke lie hi definite rate se pay svikrit hota hai
1037,"peace ne kaha  forgiveness to  mera salam lijie  magar is par bhi  main apne paravardigar se aapki bakhshish ki duaa karoonga
",positive,2,peace ne kaha forgiveness to mera salam lijie magar is par bhi main apne paravardigar se aapki bakhshish ki duaa karoonga
1038,"aary deities ki koee statues or temples nahin make the.
",neutral,1,aary deities ki koee statues or temples nahin make the
1039,"aur jab  manifest raushan aayten unke samne pai respect hain to jin logon ne faithless kiya faithful se poochhte hain bhala ye to company ki  tum station groups men se superior men kaun jyada better hai aur kiski mahphil jyada achchhi hai
",positive,2,aur jab manifest raushan aayten unke samne pai respect hain to jin logon ne faithless kiya faithful se poochhte hain bhala ye to company ki tum station groups men se superior men kaun jyada better hai aur kiski mahphil jyada achchhi hai
1040,"aur usne kaha ,  allah se hatakar tumne kuchh images ko keval sansarik life men apne parasprik affection ke karan pakar rakha hai. phir resurrection ke day ye se ek-doosre ka inkar karega aur ye se ek-doosre par lanat karega. other thaur-thikana fire hai aur other koee helpers n resort
",negative,0,aur usne kaha allah se hatakar tumne kuchh images ko keval sansarik life men apne parasprik affection ke karan pakar rakha hai phir resurrection ke day ye se ekdoosre ka inkar karega aur ye se ekdoosre par lanat karega other thaurthikana fire hai aur other koee helpers n resort
1041,"is jati ke pakshi search of food men widely roam about widely hain
",neutral,1,is jati ke pakshi search of food men widely roam about widely hain
1042,"nibbles pixmap s :  s dhoondh nahin saka  please apna nibbles snsthapna janchen
",positive,2,nibbles pixmap s s dhoondh nahin saka please apna nibbles snsthapna janchen
1043,"kintu unhonne playhouse 1753 men ek natakaghar bhi banvaya , jo ki playhouse 1756 ke battle men fort aur calcutta ke navab siraj ke hath men chale jane par bnd ho gaya.
",negative,0,kintu unhonne playhouse men ek natakaghar bhi banvaya jo ki playhouse ke battle men fort aur calcutta ke navab siraj ke hath men chale jane par bnd ho gaya
1044,"hava ka veg bakar 65 kilomitar prti ghnta ho gaya aur vishalkay lahren nauka se takrane lagin aur use pani se bhar diya.
",negative,0,hava ka veg bakar kilomitar prti ghnta ho gaya aur vishalkay lahren nauka se takrane lagin aur use pani se bhar diya
1045,"folder  1 pahle hi maujood hai  2 owner ban sakta hai aur anumtiyan badal sakti hain  kya aap sachmuch  3 ka istemal karna chahte hain
",positive,2,folder pahle hi maujood hai owner ban sakta hai aur anumtiyan badal sakti hain kya aap sachmuch ka istemal karna chahte hain
1046,"kuchh aesi hi bat pharook happening ke sath ho rahi hai
",positive,2,kuchh aesi hi bat pharook happening ke sath ho rahi hai
1047,"ve bas us  last ki  ghari ki prtiksha kar rahe hai ki vah unaware unapar aa pare aur unhen bar bhi n ho
",negative,0,ve bas us last ki ghari ki prtiksha kar rahe hai ki vah unaware unapar aa pare aur unhen bar bhi n ho
1048,"us din ve allah ke aage aajnjakari evn vashibhoot hokar aa parege. aur jo kuchh ve ghara karte the vah sab unse khokar rah jaega
",negative,0,us din ve allah ke aage aajnjakari evn vashibhoot hokar aa parege aur jo kuchh ve ghara karte the vah sab unse khokar rah jaega
1049,"accursed hue honge. jahan kahi pae ge pakare jaenge aur buri tarah jan se mare jaenge
",neutral,1,accursed hue honge jahan kahi pae ge pakare jaenge aur buri tarah jan se mare jaenge
1050,"private key ko decode nahin kar saka
",neutral,1,private key ko decode nahin kar saka
1051,"jab tak ve caste aur nasl ko milte rahainge tab tak unka business chalta rahega
",neutral,1,jab tak ve caste aur nasl ko milte rahainge tab tak unka business chalta rahega
1052,"sabse pahle hai hamara body jise bhautik pranashakti arthat sthool force dharan kiye hai yah force sampoorn nervous men gati karta hai aur hamare body ke action par apni stamp laga deta hain parinamasvroop , iske sabhi action kisi jar-yantrik body ki nahin , balki ek life ki kriya ka character dharan kiye rahte hain.
",positive,2,sabse pahle hai hamara body jise bhautik pranashakti arthat sthool force dharan kiye hai yah force sampoorn nervous men gati karta hai aur hamare body ke action par apni stamp laga deta hain parinamasvroop iske sabhi action kisi jaryantrik body ki nahin balki ek life ki kriya ka character dharan kiye rahte hain
1053,"yah ek aese platform ke roop men kary karega jahan novel ideas ko protsahan milega aur ne products ke vikas ke lie innovators ko protsahit kiya jaega.
",positive,2,yah ek aese platform ke roop men kary karega jahan novel ideas ko protsahan milega aur ne products ke vikas ke lie innovators ko protsahit kiya jaega
1054,"market dar jaldi niche ja rahe hain.
",neutral,1,market dar jaldi niche ja rahe hain
1055,"aur ye ki thought that men tha ki aadmi aur jin god a lie jhoothi bat nahin bol sakte
",negative,0,aur ye ki thought that men tha ki aadmi aur jin god a lie jhoothi bat nahin bol sakte
1056,"jab tak ve caste and race ko milte rahainge tab tak unka dhndha chalta continue
",neutral,1,jab tak ve caste and race ko milte rahainge tab tak unka dhndha chalta continue
1057,"chandi ki stole the salver isi karan ki hai.
",neutral,1,chandi ki stole the salver isi karan ki hai
1058,"next ye ki , yadi aap poorvanumanit karna chahen
",positive,2,next ye ki yadi aap poorvanumanit karna chahen
1059,"main aapko yakin dilati hoon ki mainne aaj tak use dekha bhi nahin hai.
",positive,2,main aapko yakin dilati hoon ki mainne aaj tak use dekha bhi nahin hai
1060,"doctor ne apne klinik ke waiting room men dhoomrpan ki sakht manahi kar di.
",neutral,1,doctor ne apne klinik ke waiting room men dhoomrpan ki sakht manahi kar di
1061,"unhonne subhashbabu ko corporation ka chief working officer banaya.
",neutral,1,unhonne subhashbabu ko corporation ka chief working officer banaya
1062,"ab in agreements ko implementation men lane par focus dena hoga.
",positive,2,ab in agreements ko implementation men lane par focus dena hoga
1063,"uttrapath men mention men suvarnastoop hone ka ullekh milta hai.
",neutral,1,uttrapath men mention men suvarnastoop hone ka ullekh milta hai
1064,"fertilization rahit reproduction ka ek type
",neutral,1,fertilization rahit reproduction ka ek type
1065,"world ke adhikatar countries men , prti 100 males ke pichhe most 105 female ka births hota hai ,
",neutral,1,world ke adhikatar countries men prti males ke pichhe most female ka births hota hai
1066,"jis day sky chakkar khane lagega
",negative,0,jis day sky chakkar khane lagega
1067,"ibne sina ९८०-१०३७ ne medical science se snbndhit kee pustken likhin jo ki aage ja kar modern medical science ka aadhar banin.
",neutral,1,ibne sina ne medical science se snbndhit kee pustken likhin jo ki aage ja kar modern medical science ka aadhar banin
1068,"is ummid men ki aapki sex cells, aapki male sex cells,
",positive,2,is ummid men ki aapki sex cells aapki male sex cells
1069,"nrity aur groups man ki aantrik instinctive hai tatha manav-jivan ke sath-sath hi iska aarnbh existence
",neutral,1,nrity aur groups man ki aantrik instinctive hai tatha manavjivan ke sathsath hi iska aarnbh existence
1070,"article 134 ke adhin supreme court men appeal ke lie certificates dene ki jo power uchch court ko prapt hai , usse kahin adhik wider supreme court ki ye powers appeal ki special leave dene ke bare men hain
",positive,2,article ke adhin supreme court men appeal ke lie certificates dene ki jo power uchch court ko prapt hai usse kahin adhik wider supreme court ki ye powers appeal ki special leave dene ke bare men hain
1071,"assembly frankness and freedom, svachchh evn nirbadh huaa karti thin
",positive,2,assembly frankness and freedom svachchh evn nirbadh huaa karti thin
1072,"rule ४५ ke up-rule २ ke tahat, hearing the charges ke bad, commandant abhiyukt ke lie award such punishment kar sakta hai jiske lie vah sashakt hai
",positive,2,rule ke uprule ke tahat hearing the charges ke bad commandant abhiyukt ke lie award such punishment kar sakta hai jiske lie vah sashakt hai
1073,"udaharan ke taur par, yahan,
",neutral,1,udaharan ke taur par yahan
1074,"gat varsh jarmni ne ichchha prakat ki ki information technology ke vast skilled manpower bhartiyon ki prtibha ka labh jarmni uthana chahta hai.
",positive,2,gat varsh jarmni ne ichchha prakat ki ki information technology ke vast skilled manpower bhartiyon ki prtibha ka labh jarmni uthana chahta hai
1075,"detachment 1747 men durrani ke fourth hamle ke samay sikkhon ko dand dene ke lie sena ka ek khand amritsar bheja invasion
",negative,0,detachment men durrani ke fourth hamle ke samay sikkhon ko dand dene ke lie sena ka ek khand amritsar bheja invasion
1076,"balki ye log to ye kahte hain ki hamne apne bap dadaon ko ek tarike par paya aur ham unko dam b dam thik raste par chale ja rahen hain
",neutral,1,balki ye log to ye kahte hain ki hamne apne bap dadaon ko ek tarike par paya aur ham unko dam b dam thik raste par chale ja rahen hain
1077,"told mujhe uske room men jane ko kaha.
",neutral,1,told mujhe uske room men jane ko kaha
1078,"word prsesar , o various indian bhashaon ke lie dtp solutions o esdike
",positive,2,word prsesar o various indian bhashaon ke lie dtp solutions o esdike
1079,"sabhi appellants ne apradh svikar nahin kiya aur mudma chalaye jane ki mang ki
",positive,2,sabhi appellants ne apradh svikar nahin kiya aur mudma chalaye jane ki mang ki
1080,"is jati ke pakshi food ki search men door door tak ghoomte hain
",neutral,1,is jati ke pakshi food ki search men door door tak ghoomte hain
1081,"laughter jab rain ke water se bhara gutter ke nikat pahunche , to usi men ing pare aur dhamachaukari machate hue ho-halla karne lage.
",positive,2,laughter jab rain ke water se bhara gutter ke nikat pahunche to usi men ing pare aur dhamachaukari machate hue hohalla karne lage
1082,"reading, meanings prapt karne ke uddeshy se process of decoding ki ek complex cognitive process hai.
",neutral,1,reading meanings prapt karne ke uddeshy se process of decoding ki ek complex cognitive process hai
1083,"asliyat men ye huaa ki gatiyan impulses ho gayin
",neutral,1,asliyat men ye huaa ki gatiyan impulses ho gayin
1084,"jis place men bapu ki life huee , vah unke devotees , yatriyon tatha any others ko tourists hi aakarshit karta rahega.
",positive,2,jis place men bapu ki life huee vah unke devotees yatriyon tatha any others ko tourists hi aakarshit karta rahega
1085,"money se aur create more money karne ke lie kiya gaya kary jo interest, dividend, muktta ityadi prapti dvara ho sakta hai.
",positive,2,money se aur create more money karne ke lie kiya gaya kary jo interest dividend muktta ityadi prapti dvara ho sakta hai
1086,"yah aandolan vastav men, angrejon ke overthrow the british palatne ke lie bharat ke andar organizing a revolt karne men afghanistan and turkey ki sarkaron ka samarthan hasil karne ki ek yojna thi.
",positive,2,yah aandolan vastav men angrejon ke overthrow the british palatne ke lie bharat ke andar organizing a revolt karne men afghanistan and turkey ki sarkaron ka samarthan hasil karne ki ek yojna thi
1087,"water sabhi living padarthon ka major constituents hai
",neutral,1,water sabhi living padarthon ka major constituents hai
1088,"stock deposits ki prakriya prescribed rules ke anusar hogi.
",neutral,1,stock deposits ki prakriya prescribed rules ke anusar hogi
1089,"say unique  tum kah do ki uda ek hai
",neutral,1,say unique tum kah do ki uda ek hai
1090,"iska ek other dimension yah hai ki iske madhyam se ek aesa campaign chalaya jaye jo organisations , snsthaon aur pariristhitiyon men aavashyaktanusar changes lane tatha is prkar samajik evils ko khatm karne ka pryas circumstances
",negative,0,iska ek other dimension yah hai ki iske madhyam se ek aesa campaign chalaya jaye jo organisations snsthaon aur pariristhitiyon men aavashyaktanusar changes lane tatha is prkar samajik evils ko khatm karne ka pryas circumstances
1091,"shri shashi kapoor ko meri vishesh badhaee jinhen is varsh dada award this year prdan kiya gaya hai.
",positive,2,shri shashi kapoor ko meri vishesh badhaee jinhen is varsh dada award this year prdan kiya gaya hai
1092,"air ek ball phenk aur ise hava men oopar jana ja raha hai.
",neutral,1,air ek ball phenk aur ise hava men oopar jana ja raha hai
1093,"lock unable kholne men aksham
",neutral,1,lock unable kholne men aksham
1094,"adhik polar ice caps ki ice caps se sagron men jal ka star ba jaega jisse prithvi ka kaphi bara bhoo-bhag ismen doob jaega chin, mistr, indoneshiya, bngladesh aur pashchim bngal ke lie yah khatra mndra raha hai
",negative,0,adhik polar ice caps ki ice caps se sagron men jal ka star ba jaega jisse prithvi ka kaphi bara bhoobhag ismen doob jaega chin mistr indoneshiya bngladesh aur pashchim bngal ke lie yah khatra mndra raha hai
1095,"pani men nice ka vahan bahut baiya intazam hai.
",positive,2,pani men nice ka vahan bahut baiya intazam hai
1096,"to, mujhe decipher ki jarurat hai ki mainne kya likha hai.
",neutral,1,to mujhe decipher ki jarurat hai ki mainne kya likha hai
1097,"jab aap in developing ilakon men jate hain,
",neutral,1,jab aap in developing ilakon men jate hain
1098,"apni potential ka poorn developing n karna duniya helping sabse greatest crime hai jab aap apni poorn kshamta ke sath kary nishpadan karte hain, tab aap doosron ki sahayta karte hain
",positive,2,apni potential ka poorn developing n karna duniya helping sabse greatest crime hai jab aap apni poorn kshamta ke sath kary nishpadan karte hain tab aap doosron ki sahayta karte hain
1099,"yadi hammen se koee is highest reason ka pryog kisi shuddh roop men kar bhi pate hain to ve virle hi hote hain, kintu iske liye prayatn karna antakaran ki sabse topmost capacity hai.
",neutral,1,yadi hammen se koee is highest reason ka pryog kisi shuddh roop men kar bhi pate hain to ve virle hi hote hain kintu iske liye prayatn karna antakaran ki sabse topmost capacity hai
1100,"yah similar royal similar ki hi tarah hai bas ismen woman apni face men ke chehre ke doosri or kar leti hai  ek tarah se yah pichhe se prvesh ki bhi similar hai  ismen men ki position way royal similar ki hi tarah rahti hai lekin woman men ki or pith karke way uske penis ke front apni cunt ko hard khari hoti hai  phir dhire se cunt ko penis men prvesh karati hai  is similar men woman kaphi comfortable position men rahti hai  ismen use sahara uske pairon se milta hai jisse use attack lagane men bhi easier hoti hai  yah similar aashcharyajanak roop se parivartanshil hai isliye ise kuchh other aaidiya ke sath doosre furniture par bhi apnaee ja sakti hai
",negative,0,yah similar royal similar ki hi tarah hai bas ismen woman apni face men ke chehre ke doosri or kar leti hai ek tarah se yah pichhe se prvesh ki bhi similar hai ismen men ki position way royal similar ki hi tarah rahti hai lekin woman men ki or pith karke way uske penis ke front apni cunt ko hard khari hoti hai phir dhire se cunt ko penis men prvesh karati hai is similar men woman kaphi comfortable position men rahti hai ismen use sahara uske pairon se milta hai jisse use attack lagane men bhi easier hoti hai yah similar aashcharyajanak roop se parivartanshil hai isliye ise kuchh other aaidiya ke sath doosre furniture par bhi apnaee ja sakti hai
1101,"rule ४५ ke up-niyam २ ke tahat , charges ko sunne ke bad , commandant abhiyukt ke lie such punishment adhinirnit kar sakta hai jiske lie vah sashakt hai
",positive,2,rule ke upniyam ke tahat charges ko sunne ke bad commandant abhiyukt ke lie such punishment adhinirnit kar sakta hai jiske lie vah sashakt hai
1102,"aap jante hain, mera work inspired hai
",positive,2,aap jante hain mera work inspired hai
1103,"aur jab hamari signs are recited unke samne pai jati hain to jin logon ne kufr kiya eemanvalon se poochhte hain bhala ye to batao ki ham tum donon phario men se maratbe men kaun jyada behatar hai aur kiski mahphil jyada achchhi hai
",positive,2,aur jab hamari signs are recited unke samne pai jati hain to jin logon ne kufr kiya eemanvalon se poochhte hain bhala ye to batao ki ham tum donon phario men se maratbe men kaun jyada behatar hai aur kiski mahphil jyada achchhi hai
1104,"se hamari batchit 20th vin century men shuroo huee ,
",neutral,1,se hamari batchit th vin century men shuroo huee
1105,"woe hai us day jhuthlanevalon ki
",negative,0,woe hai us day jhuthlanevalon ki
1106,"correct initial state sikha 17-bit LFSR ke lie , lfsr bhi karna bit
",neutral,1,correct initial state sikha bit lfsr ke lie lfsr bhi karna bit
1107,"i is kam par tumse koee recompense nahin mangta. mera recompense to bas sare universe ke rab ke zimme hai.
",positive,2,i is kam par tumse koee recompense nahin mangta mera recompense to bas sare universe ke rab ke zimme hai
1108,"child 3 : phir sunao , grandpa !
",neutral,1,child phir sunao grandpa
1109,"jab main poverty ke khilaph nahin fighting raha hota, tab ek fires
",positive,2,jab main poverty ke khilaph nahin fighting raha hota tab ek fires
1110,"fine rasool apni biviyon se life do ki agar o  release  duniyavi zindgi aur uski finery v zinat ki khvah ho to udhar aao i o logon ko kuchh sazo saman de wives aur unvane shaista se roosat kar wives
",positive,2,fine rasool apni biviyon se life do ki agar o release duniyavi zindgi aur uski finery v zinat ki khvah ho to udhar aao i o logon ko kuchh sazo saman de wives aur unvane shaista se roosat kar wives
1111,"unke purane mitr amarsinh Amar Singh ne inki knpni ebisiel ke phel ho jane ke face financial trouble ke samay inki madad kin.
",negative,0,unke purane mitr amarsinh amar singh ne inki knpni ebisiel ke phel ho jane ke face financial trouble ke samay inki madad kin
1112,"latter lower hota hai ki madhumakkhi tatha animals jaise evolutionary ki ladder ke nichle paydonon ke praniyon ka instincts unke janm ke sath nirdharit kiya jata former
",positive,2,latter lower hota hai ki madhumakkhi tatha animals jaise evolutionary ki ladder ke nichle paydonon ke praniyon ka instincts unke janm ke sath nirdharit kiya jata former
1113,"sardar bhagat singh punjab ki  bharat movement banner  nam se viyat youth aandolan ke leader the , jisse bad men chandra chandr ka bhi later sahachary sthapit huaa
",neutral,1,sardar bhagat singh punjab ki bharat movement banner nam se viyat youth aandolan ke leader the jisse bad men chandra chandr ka bhi later sahachary sthapit huaa
1114,"b  jahan uske parents ya child ka marriage astitv men nahin hai vahan us parents ya child ke net wealth men sammilit ki jaengi jisne aay-kar act ki section 3 men paribhashit previous men minor sntan ka bharanposhan kiya hai , aur jahan aesi kori assets parents ya child men se kisi ek ke net wealth men ek bar sammilit kar li jati hain vahan aesi kori assets , kisi uttaravarti year men parents ya child men se kisi other ke net wealth men tab tak sammilit nahin ki jaengi jab tak nirdharan officer ka , us parents ya child ko sunvari ka opportunity dene ke pashchat , yah samadhan nahin ho jata hai ki such karna necessary hai
",positive,2,b jahan uske parents ya child ka marriage astitv men nahin hai vahan us parents ya child ke net wealth men sammilit ki jaengi jisne aaykar act ki section men paribhashit previous men minor sntan ka bharanposhan kiya hai aur jahan aesi kori assets parents ya child men se kisi ek ke net wealth men ek bar sammilit kar li jati hain vahan aesi kori assets kisi uttaravarti year men parents ya child men se kisi other ke net wealth men tab tak sammilit nahin ki jaengi jab tak nirdharan officer ka us parents ya child ko sunvari ka opportunity dene ke pashchat yah samadhan nahin ho jata hai ki such karna necessary hai
1115,"pitne vale man ko ghayal karke beaters ge.
",neutral,1,pitne vale man ko ghayal karke beaters ge
1116,"iske bad nervous aur aashnka se diffident rajaraja varma samne aae.
",negative,0,iske bad nervous aur aashnka se diffident rajaraja varma samne aae
1117,"health and family welfare snbndhi samitia
",neutral,1,health and family welfare snbndhi samitia
1118,"beshak jo log uda aur uske rasoolon se inkar karte hain aur uda aur uske seek to differentiate dalna chahte hain aur kahte hain ki ham baz paimbron par eeman lae hain aur baz ka inkar karte hain aur chahte hain ki is kufr v eeman ke darmiyan ek doosri rah niklen
",negative,0,beshak jo log uda aur uske rasoolon se inkar karte hain aur uda aur uske seek to differentiate dalna chahte hain aur kahte hain ki ham baz paimbron par eeman lae hain aur baz ka inkar karte hain aur chahte hain ki is kufr v eeman ke darmiyan ek doosri rah niklen
1119,"is avasar par, rashtrapti ne kaha ki, bharat saubhagyshali hai ki uske pas forward her aspirational karysoochi ki prapti ke lie large young pii hai.
",positive,2,is avasar par rashtrapti ne kaha ki bharat saubhagyshali hai ki uske pas forward her aspirational karysoochi ki prapti ke lie large young pii hai
1120,"to is tarah main apne doosre number tak pahunchti hoon.
",positive,2,to is tarah main apne doosre number tak pahunchti hoon
1121,"ya unki misal aesi hai jaise aakash se varsha ho rahi ho jiske sath andhere hon aur garaj aur chamak bhi ho, ve bijli ki karak ke karan mrityu ke bhay se apne put their fingers de le rahe hon-aur allah ne to inkar karnevalon ko gher rakha hain
",negative,0,ya unki misal aesi hai jaise aakash se varsha ho rahi ho jiske sath andhere hon aur garaj aur chamak bhi ho ve bijli ki karak ke karan mrityu ke bhay se apne put their fingers de le rahe honaur allah ne to inkar karnevalon ko gher rakha hain
1122,"urine men uric acid me upalabdh atydhik matra.
",neutral,1,urine men uric acid me upalabdh atydhik matra
1123,"mudda unhen next dream girl karar diya ja raha tha
",positive,2,mudda unhen next dream girl karar diya ja raha tha
1124,"south eshiya free trade area  agreement  par kararname par islamabad men 4-6 january ko aayojit barahvendakshin asian regional association twelfth  states  summit ke dauran states ke sabhi member deshon ne hastakshar kie.
",positive,2,south eshiya free trade area agreement par kararname par islamabad men january ko aayojit barahvendakshin asian regional association twelfth states summit ke dauran states ke sabhi member deshon ne hastakshar kie
1125,"ambedkar  aanbedakar ne saph saph sachet kiya , apne liberation ke lie own sngharsh karna hoga.
",negative,0,ambedkar aanbedakar ne saph saph sachet kiya apne liberation ke lie own sngharsh karna hoga
1126,"nissndeh ham reward the doers hi badla dete hai
",positive,2,nissndeh ham reward the doers hi badla dete hai
1127,"yadi yah option chuna jata hai , har new view code folding ke marks dikhaega , yadi code folding available hai
",neutral,1,yadi yah option chuna jata hai har new view code folding ke marks dikhaega yadi code folding available hai
1128,"ham 4 ko ek row dete hai aur 8 ko ek row dete hain
",neutral,1,ham ko ek row dete hai aur ko ek row dete hain
1129,"aur earth , wheat , grass ki smell
",negative,0,aur earth wheat grass ki smell
1130,"delivering important speeches ve in donon ko udghrit karna nahin bhoolte the.
",positive,2,delivering important speeches ve in donon ko udghrit karna nahin bhoolte the
1131,"chhale ka ilaj n hone ke karan vah cyst gaya hai
",neutral,1,chhale ka ilaj n hone ke karan vah cyst gaya hai
1132,"halanki anek vidvan is mat ka virodh karte hain , phir bhi bahut se vidvanon ki yah manyta hai ki dispute the point ka vichar snbhavat : hunting or martial snbndhi dhanush aur ban ke kon dvara utpann tnkar se dimag men aaya hoga
",negative,0,halanki anek vidvan is mat ka virodh karte hain phir bhi bahut se vidvanon ki yah manyta hai ki dispute the point ka vichar snbhavat hunting or martial snbndhi dhanush aur ban ke kon dvara utpann tnkar se dimag men aaya hoga
1133,"year 1985-86 men poorvavarti welfare ministry ko women evn erstwhile development department tatha welfare department men vibhakt kiya gaya tha.
",neutral,1,year men poorvavarti welfare ministry ko women evn erstwhile development department tatha welfare department men vibhakt kiya gaya tha
1134,"pangolin ka territory lagabhag square varg miles ka hota hai.
",neutral,1,pangolin ka territory lagabhag square varg miles ka hota hai
1135,"pahle ke till ne tablie risalat yahan liars ki jab  aum ke eeman lane se  paimbar mayoos ho messengers aur un logon ne samajh liya ki vah jhuthlae messengers to unke pas hamari  as  help aa pahunchi to jise hamne chaha najat di aur hamara azab sinners logon ke sar se to tala nahin jata
",negative,0,pahle ke till ne tablie risalat yahan liars ki jab aum ke eeman lane se paimbar mayoos ho messengers aur un logon ne samajh liya ki vah jhuthlae messengers to unke pas hamari as help aa pahunchi to jise hamne chaha najat di aur hamara azab sinners logon ke sar se to tala nahin jata
1136,"labour aur rojgar ministry , india government ne khanon men safety standards ki amongst tatha national level par outstanding safety nishpadan ko due recognition dene ke lie mines operators men competitive ki spirit ko baava dene ke lie contest year ke lie 1983 men national safety puraskar  mines  aarambh kie the.
",positive,2,labour aur rojgar ministry india government ne khanon men safety standards ki amongst tatha national level par outstanding safety nishpadan ko due recognition dene ke lie mines operators men competitive ki spirit ko baava dene ke lie contest year ke lie men national safety puraskar mines aarambh kie the
1137,"aur jinke deeds light ke  palle halke hogen to unhin logon ne hamari aayat se napharmani karne ki vajah se yainan apna aap nusan kiya
",negative,0,aur jinke deeds light ke palle halke hogen to unhin logon ne hamari aayat se napharmani karne ki vajah se yainan apna aap nusan kiya
1138,"vastav men eparchar kal exposure time ko diya gaya vigopan kal hai jo kisi optical system eparchar ke madhyam se chitr satah men kisi kendrbindu par aati hai.
",neutral,1,vastav men eparchar kal exposure time ko diya gaya vigopan kal hai jo kisi optical system eparchar ke madhyam se chitr satah men kisi kendrbindu par aati hai
1139,"name  dhanpat july १८८० - ८ aktoobar pen  ke upnam se likhne vale dhanapat ray shrivastav hindi aur urdu ke greatest indian writers men se ek hain.
",positive,2,name dhanpat july aktoobar pen ke upnam se likhne vale dhanapat ray shrivastav hindi aur urdu ke greatest indian writers men se ek hain
1140,"aur usne kaha, allah se hatakar tumne kuchh moortiyon ko keval sansarik jivan men apne parasprik prem ke karan pakar rakha hai. phir iyamat ke din tummen se ek-doosre ka inkar karega aur tummen se ek-doosre par lanat karega. tumhara thaur-thikana aag hai aur tumhara koee sahayak n hoga.
",negative,0,aur usne kaha allah se hatakar tumne kuchh moortiyon ko keval sansarik jivan men apne parasprik prem ke karan pakar rakha hai phir iyamat ke din tummen se ekdoosre ka inkar karega aur tummen se ekdoosre par lanat karega tumhara thaurthikana aag hai aur tumhara koee sahayak n hoga
1141,"kuchh people aese hain jo kahte hain ki ham allah aur last day par eeman rakhte hain , halanki ve eeman nahin rakhte
",neutral,1,kuchh people aese hain jo kahte hain ki ham allah aur last day par eeman rakhte hain halanki ve eeman nahin rakhte
1142,"unhonne dekha ki chandu menan khub maje se khane par aese hath saph karne men mashgool hain jaise kuchh huaa hi nahin.
",positive,2,unhonne dekha ki chandu menan khub maje se khane par aese hath saph karne men mashgool hain jaise kuchh huaa hi nahin
1143,"ikkisvin sadi ki shuruaat men nepal men maovadiyon ka aandolan tej hota gaya.
",negative,0,ikkisvin sadi ki shuruaat men nepal men maovadiyon ka aandolan tej hota gaya
1144,"in kavita snkalnon men  prantik  ki sombre grandeur nahin thi , kyonki terror sima prdesh ki memory ya sntras aur beauty ka parivesh tham chala tha aur kavi ek sound phir earth ki narm banhon men tha  vismaykari utkrishtta ka sense bad men lauta jab content phir se sombre utpreran ki oochaiyon ko borderland lene ko hoti  is samay ve unke lie earth par bache simple sight aur shravy ko dekhakar bare aaram se aashvast ho rahe the aur unka delight uthate prasann the
",positive,2,in kavita snkalnon men prantik ki sombre grandeur nahin thi kyonki terror sima prdesh ki memory ya sntras aur beauty ka parivesh tham chala tha aur kavi ek sound phir earth ki narm banhon men tha vismaykari utkrishtta ka sense bad men lauta jab content phir se sombre utpreran ki oochaiyon ko borderland lene ko hoti is samay ve unke lie earth par bache simple sight aur shravy ko dekhakar bare aaram se aashvast ho rahe the aur unka delight uthate prasann the
1145,"lord ne kaha everything paravardigar vah hai jisne har chiz ko uske  munasib  soorat existence pharmaee
",neutral,1,lord ne kaha everything paravardigar vah hai jisne har chiz ko uske munasib soorat existence pharmaee
1146,"nissndeh ham doers ko aesa hi badla dete hai
",positive,2,nissndeh ham doers ko aesa hi badla dete hai
1147,"is expression , yah derivative y ka hai.
",neutral,1,is expression yah derivative y ka hai
1148,"islie draw a number line draw ja raha hoo, aur
",positive,2,islie draw a number line draw ja raha hoo aur
1149,"jab unhonne ise banaya to vah senator obama tha  bad men unhonne name badal diya
",positive,2,jab unhonne ise banaya to vah senator obama tha bad men unhonne name badal diya
1150,"kuchh nahin, jab pran reaches ko aa lagenge,
",negative,0,kuchh nahin jab pran reaches ko aa lagenge
1151,"aur halak ho rest  phir hamne un logon ko halak kar dala
",negative,0,aur halak ho rest phir hamne un logon ko halak kar dala
1152,"exposure time forward baa diya jaega d s, d s, d s, aur d s se
",neutral,1,exposure time forward baa diya jaega d s d s d s aur d s se
1153,"cement mashinria-poorn cement machinery units ke vinirman ke lie sngthit sector men 18 yoonit complete
",neutral,1,cement mashinriapoorn cement machinery units ke vinirman ke lie sngthit sector men yoonit complete
1154,"hindi ki vibhinn dialects of hindi aaj bhi lokapriy hai aur aaj bhi anek poets and writers apna lekhan apni-apni kshetriy bhashaon men karte hain.
",positive,2,hindi ki vibhinn dialects of hindi aaj bhi lokapriy hai aur aaj bhi anek poets and writers apna lekhan apniapni kshetriy bhashaon men karte hain
1155,"chancellors ke vigat sammelan men, hamne anek nirnay lie.
",positive,2,chancellors ke vigat sammelan men hamne anek nirnay lie
1156,"department ke lie vision parisnkalp 2015 ko 2002 men statement gaya plan ismen next decade ke dauran un vibhinn mission , priority areas , dayitvon aadi ki pahchan ki year hai jinhen department prapt karne ka pryas karega.
",positive,2,department ke lie vision parisnkalp ko men statement gaya plan ismen next decade ke dauran un vibhinn mission priority areas dayitvon aadi ki pahchan ki year hai jinhen department prapt karne ka pryas karega
1157,"higher education sector men poore vishv men tivr changes aa rahe hain.
",neutral,1,higher education sector men poore vishv men tivr changes aa rahe hain
1158,"ham milakar energy aur vigour ke sath kary karen
",positive,2,ham milakar energy aur vigour ke sath kary karen
1159,"to kya ye log hamare seek to hasten kar rahe hain
",neutral,1,to kya ye log hamare seek to hasten kar rahe hain
1160,"selected properties and metadata v gun show
",neutral,1,selected properties and metadata v gun show
1161,"koee takrav ya asahamti paida hoti hai ya astitv conflict or disagreement
",negative,0,koee takrav ya asahamti paida hoti hai ya astitv conflict or disagreement
1162,"3 tahsil committee dvara uski recommended ki jani chahiye.
",positive,2,tahsil committee dvara uski recommended ki jani chahiye
1163,"ve revolution ki products thin
",neutral,1,ve revolution ki products thin
1164,"indian government last 5 varshon se basic education se vinivesh kar rahi hai.
",neutral,1,indian government last varshon se basic education se vinivesh kar rahi hai
1165,"mind se thought ka flow ran gaya.
",neutral,1,mind se thought ka flow ran gaya
1166,"ghareloo fly ko zoom ke bad apne kamne ki ceiling par baithte hue dekhie.
",neutral,1,ghareloo fly ko zoom ke bad apne kamne ki ceiling par baithte hue dekhie
1167,"choonki spairulina ko bane men 3-4 din lag jate hain islie pt par soory ki roshni avashy parni chahie.
",positive,2,choonki spairulina ko bane men din lag jate hain islie pt par soory ki roshni avashy parni chahie
1168,"response to popular par unhonne apne purane saphal rngmnch natak bhi rngapatal par sammilit kiye.
",positive,2,response to popular par unhonne apne purane saphal rngmnch natak bhi rngapatal par sammilit kiye
1169,"trial par number people quay pakaro  chillane lage.
",positive,2,trial par number people quay pakaro chillane lage
1170,"hamen vastav men ise dekhne ki zaroorat hai aur ise dekhne ki apeksha
",neutral,1,hamen vastav men ise dekhne ki zaroorat hai aur ise dekhne ki apeksha
1171,"integrated steel plants dvara continuous casting process ke apnane ka arth hoga ki apne hi snyntron se nikle tukaron  skrep  ka ve svyn upyog karenge
",neutral,1,integrated steel plants dvara continuous casting process ke apnane ka arth hoga ki apne hi snyntron se nikle tukaron skrep ka ve svyn upyog karenge
1172,"older implementation men continuous modernization tatha badhaon ko ii karna aur technology upgradation
",positive,2,older implementation men continuous modernization tatha badhaon ko ii karna aur technology upgradation
1173,"breast se nikalnevala yellowish rng ka drav , jise colostrum kahte hain , baby ko infection se bachane aur uski prtirodhak kshamta ko majboot karne ka sabse achchha upay first yah ek vaccine first
",positive,2,breast se nikalnevala yellowish rng ka drav jise colostrum kahte hain baby ko infection se bachane aur uski prtirodhak kshamta ko majboot karne ka sabse achchha upay first yah ek vaccine first
1174,"i is prtishthit award ko jitne ke lie unhen badhaee deta years mujhe sure hai ki vah aane vale varshon men hindi literature ko samriddh karte rahenge.
",positive,2,i is prtishthit award ko jitne ke lie unhen badhaee deta years mujhe sure hai ki vah aane vale varshon men hindi literature ko samriddh karte rahenge
1175,"aap ise sngrhit nahi kar sakte.
",neutral,1,aap ise sngrhit nahi kar sakte
1176,"doubt yah us time ki foremost troupe thi.
",positive,2,doubt yah us time ki foremost troupe thi
1177,"aur us din hell in front karnevalon ke samne kar denge
",negative,0,aur us din hell in front karnevalon ke samne kar denge
1178,"observe the tissue ke lie microscope pryog kiya gaya
",neutral,1,observe the tissue ke lie microscope pryog kiya gaya
1179,"jinse kaphi dinon se bat nahin huee ho.
",neutral,1,jinse kaphi dinon se bat nahin huee ho
1180,"pahla, isse jan-chetna men aane vali ek gnbhir vikriti ko door karne men madad milti hai.1
",neutral,1,pahla isse janchetna men aane vali ek gnbhir vikriti ko door karne men madad milti hai
1181,"ladies aur gentlemen , manpower aur technology , industrial progress ke prime drivers hain.
",positive,2,ladies aur gentlemen manpower aur technology industrial progress ke prime drivers hain
1182,"do tum deniers ko kahna n manna
",positive,2,do tum deniers ko kahna n manna
1183,"tab use fikr huee ki corpse ko kya kare  to earth ne ek raven ko bheja ki vah zamin ko kuredne able taki use  abil  ko dikha de ki use apne brother ki corpse kyonkar alas chahie  ye dekhakar  vah kahne able hae afsos kya i us se bhi aajiz hoon ki us raven ki barabri kar sakoo ki  bala se yah bhi hota  to apne brother ki corpse chhupa deta alagaraz vah  apni harakat se  bahut pachhtaya
",negative,0,tab use fikr huee ki corpse ko kya kare to earth ne ek raven ko bheja ki vah zamin ko kuredne able taki use abil ko dikha de ki use apne brother ki corpse kyonkar alas chahie ye dekhakar vah kahne able hae afsos kya i us se bhi aajiz hoon ki us raven ki barabri kar sakoo ki bala se yah bhi hota to apne brother ki corpse chhupa deta alagaraz vah apni harakat se bahut pachhtaya
1184,"brasero barn library ke lie display options
",neutral,1,brasero barn library ke lie display options
1185,"nation land kaha ki vah khud ko poori tarah us french par chhor chuke hain , jo liberty , equality aur fraternity ka dam bharta hai , islie vah is mukadme men bilkul part nahin lenge.
",neutral,1,nation land kaha ki vah khud ko poori tarah us french par chhor chuke hain jo liberty equality aur fraternity ka dam bharta hai islie vah is mukadme men bilkul part nahin lenge
1186,"cross many small gahri enter the deep karte hain aur unhen marg men kee chhote-chhote nale aur bare-bare patthar par karne parte hain.
",positive,2,cross many small gahri enter the deep karte hain aur unhen marg men kee chhotechhote nale aur barebare patthar par karne parte hain
1187,"ismen lower unke compilation ki limit samay-sima time karne men sahayta milti hai
",positive,2,ismen lower unke compilation ki limit samaysima time karne men sahayta milti hai
1188,"dekhe jane vale universe ke kinare se
",neutral,1,dekhe jane vale universe ke kinare se
1189,"kintu uchch standard of material jivan snskriti ka ansh tabhi aata hain, jabki vah usmen snshlisht ho uchch naitik moolyon ko prapt karne ka koee madhyam bane
",positive,2,kintu uchch standard of material jivan snskriti ka ansh tabhi aata hain jabki vah usmen snshlisht ho uchch naitik moolyon ko prapt karne ka koee madhyam bane
1190,"paramprik roop se fabrication ko vinirman ke means ke roop men upyog kiya gaya hai.
",neutral,1,paramprik roop se fabrication ko vinirman ke means ke roop men upyog kiya gaya hai
1191,"meri yatra ka main purpose hamare bahu-aayami rishton ko aur majboot banana tatha apne rishton ko consolidate our ties
",positive,2,meri yatra ka main purpose hamare bahuaayami rishton ko aur majboot banana tatha apne rishton ko consolidate our ties
1192,"us matter men ham mil baithakar sabhi aspects par vichar kar sakte hain.
",neutral,1,us matter men ham mil baithakar sabhi aspects par vichar kar sakte hain
1193,"un days mannerisms se poorv urdu punjab ki most thi aur intellectuals jinmen se adhikansh to apni speech v state men sahibon jaisa state karte the tachha punjabi ki poori tarah upeksha karte the.
",negative,0,un days mannerisms se poorv urdu punjab ki most thi aur intellectuals jinmen se adhikansh to apni speech v state men sahibon jaisa state karte the tachha punjabi ki poori tarah upeksha karte the
1194,"infectious disease ke control the spread karne ke lie anivary isolation to control
",negative,0,infectious disease ke control the spread karne ke lie anivary isolation to control
1195,"in words ke sath i is congress ka udghatan karte hue pleasure ho rahi hai.
",positive,2,in words ke sath i is congress ka udghatan karte hue pleasure ho rahi hai
1196,"usne cake ko chha pieces men katakar , har children ho ek tukara diya.
",negative,0,usne cake ko chha pieces men katakar har children ho ek tukara diya
1197,"ki life marte bhi hain aur jite bhi hain aur life to phir  worldly  uthae nahin jaenge ho n ho ye  saleh  vah shakhs hai jisne khuda par jhooth mooth bohtan bandha hai
",negative,0,ki life marte bhi hain aur jite bhi hain aur life to phir worldly uthae nahin jaenge ho n ho ye saleh vah shakhs hai jisne khuda par jhooth mooth bohtan bandha hai
1198,"doosre ank ke ant me raja sutsom aur gathakar nand ki batchit hai jisme bhi brahradat ka ullekh hota hai.
",neutral,1,doosre ank ke ant me raja sutsom aur gathakar nand ki batchit hai jisme bhi brahradat ka ullekh hota hai
1199,"language model adapts karta hai jaise aap write hain
",neutral,1,language model adapts karta hai jaise aap write hain
1200,"ismen sacrifices ka vivechan hai aur iska path tin different prkar se kiya jata
",negative,0,ismen sacrifices ka vivechan hai aur iska path tin different prkar se kiya jata
1201,"kisi something dvara utpann bhibhinahat ki continuous sound
",neutral,1,kisi something dvara utpann bhibhinahat ki continuous sound
1202,"kyonki bala khud bad men TED men bol rahe hain
",neutral,1,kyonki bala khud bad men ted men bol rahe hain
1203,"4 jahan bhare par lie ge poton ka shuddh tanbhar, kisi poorvavarsh ke dauran updhara 1 ke limit under sub-section se adhik ho jata hai, vahan aesi knpni ki, us poorvavarsh ke snbndh men kul aay ki snganna is prkar ki jaegi mano us poorvavarsh ke lie tanbhar kar skim snbndhi vikalp ka kori prbhav nahin tha.
",neutral,1,jahan bhare par lie ge poton ka shuddh tanbhar kisi poorvavarsh ke dauran updhara ke limit under subsection se adhik ho jata hai vahan aesi knpni ki us poorvavarsh ke snbndh men kul aay ki snganna is prkar ki jaegi mano us poorvavarsh ke lie tanbhar kar skim snbndhi vikalp ka kori prbhav nahin tha
1204,"s  image sahej raha hai
",neutral,1,s image sahej raha hai
1205,"to mera question hai, ki yadi ye europe men kiya ja sakta hai,
",neutral,1,to mera question hai ki yadi ye europe men kiya ja sakta hai
1206,"scientists , organism se dna ka sample lekar tatha ise kramabaddh karke genes ka vishleshan karte hain
",neutral,1,scientists organism se dna ka sample lekar tatha ise kramabaddh karke genes ka vishleshan karte hain
1207,"o wage ! inkar karnevalon aur hypocrites se war wretched aur unke sath destination se pesh aao. unka outcome jahannam hai aur vah antta pahunchne ki bahut buri jagah hai
",positive,2,o wage inkar karnevalon aur hypocrites se war wretched aur unke sath destination se pesh aao unka outcome jahannam hai aur vah antta pahunchne ki bahut buri jagah hai
1208,"command prvisht kar ek application chalaen ya list se chunakar
",neutral,1,command prvisht kar ek application chalaen ya list se chunakar
1209,"isiliye ek jyada smaller group ki jaroorat hai, chahe use aap kary snchalan samiti kahen ya kuchh aur, jo sal men kee bar mil sake, adhik sakriy ho sake aur kam kharch se kam chala sake.
",positive,2,isiliye ek jyada smaller group ki jaroorat hai chahe use aap kary snchalan samiti kahen ya kuchh aur jo sal men kee bar mil sake adhik sakriy ho sake aur kam kharch se kam chala sake
1210,"play ready karne ke lie jis planning tatha organization ki necessary hoti hai , use juta pana aasan nahin hai  hence is work ko tabhi hath men lena chahie jab children responsibility ko nibhane aur aavashyak parishram se poora experience uthane ke lie ready hon.
",positive,2,play ready karne ke lie jis planning tatha organization ki necessary hoti hai use juta pana aasan nahin hai hence is work ko tabhi hath men lena chahie jab children responsibility ko nibhane aur aavashyak parishram se poora experience uthane ke lie ready hon
1211,"unki tone se northern men bh-snyak pashtoon community ka representation n hone ko lekar pakistani ki concerns jhlakti thi
",negative,0,unki tone se northern men bhsnyak pashtoon community ka representation n hone ko lekar pakistani ki concerns jhlakti thi
1212,"aam salah ke lie kripya hamari aam enquiry service par snpark advice
",positive,2,aam salah ke lie kripya hamari aam enquiry service par snpark advice
1213,"inke above , village gods ke other symbols bhi hain.
",neutral,1,inke above village gods ke other symbols bhi hain
1214,"unki reviews inhin mapadandon par aadharit hoti hain , ata vah thought ke moolyankan aur language ki charcha se criterion nahin ba pate.
",neutral,1,unki reviews inhin mapadandon par aadharit hoti hain ata vah thought ke moolyankan aur language ki charcha se criterion nahin ba pate
1215,"unmen se bahuton ke bharat lautne ki snbhavna hai parntu videsh men rahne par ve sabhi is sachchaee ki vajah se asurakshit hain ki unhen apne mejban desh ki nagrikta ke labh nahin milte hain.
",negative,0,unmen se bahuton ke bharat lautne ki snbhavna hai parntu videsh men rahne par ve sabhi is sachchaee ki vajah se asurakshit hain ki unhen apne mejban desh ki nagrikta ke labh nahin milte hain
1216,"do consecutive amount of space ki doori
",neutral,1,do consecutive amount of space ki doori
1217,"vah do days se ubkaee ki shikayat kar raha tha
",negative,0,vah do days se ubkaee ki shikayat kar raha tha
1218,"cover niymon aur conditions par sealed liphaphe men , jiske issue india note quotation ki purchase ke lie nivida india likha ho aur jo general , nirgam department , bhartiy rizarv bank , kolkata  700 001 ko snbodhit ho , prti bag 40 kgs  approx  ke note quotation ki purchase ke lie koteshan ka aamntran is tarah se kiya jata hai ki yah 24 june 2015 ko 14:00 hrs athva uske poorv karyalay men pahunch jae.
",positive,2,cover niymon aur conditions par sealed liphaphe men jiske issue india note quotation ki purchase ke lie nivida india likha ho aur jo general nirgam department bhartiy rizarv bank kolkata ko snbodhit ho prti bag kgs approx ke note quotation ki purchase ke lie koteshan ka aamntran is tarah se kiya jata hai ki yah june ko hrs athva uske poorv karyalay men pahunch jae
1219,"yadi 20 gram magaj ek cup lukewarm water men avshoshit kiya jaye to brown colour bargndi wine ka colour ka halka sungdhit drink taiyar ho jayega.
",neutral,1,yadi gram magaj ek cup lukewarm water men avshoshit kiya jaye to brown colour bargndi wine ka colour ka halka sungdhit drink taiyar ho jayega
1220,"financial time of acute ki ghadi.
",negative,0,financial time of acute ki ghadi
1221,"sabhi data aapke sync passphrase ke sath enkript kiya jaega
",neutral,1,sabhi data aapke sync passphrase ke sath enkript kiya jaega
1222,"mamta ne 1997 men parti se alag hokar trikan banaee thi tabse parti se netaon ke string of desertions jari hai
",negative,0,mamta ne men parti se alag hokar trikan banaee thi tabse parti se netaon ke string of desertions jari hai
1223,"freedom ko kisi complete roop se sachchi svatantrta aur mastery ke sath apni reality ka possessor banne ke liye apni highest order ko , apne andar ke us real freedom ya highest purush ko , dhoonna hoga jo svatantr hai tatha apni avichchhedy shakti ka possessor hai.
",positive,2,freedom ko kisi complete roop se sachchi svatantrta aur mastery ke sath apni reality ka possessor banne ke liye apni highest order ko apne andar ke us real freedom ya highest purush ko dhoonna hoga jo svatantr hai tatha apni avichchhedy shakti ka possessor hai
1224,"thai police apni hirasat men maujood vyaikt ki ungliyon ke nishan munbee pulis dvara bheje ge chhota specimen prints provided ke nishan se milne se uski pahchan ko lekar nishchint hai
",positive,2,thai police apni hirasat men maujood vyaikt ki ungliyon ke nishan munbee pulis dvara bheje ge chhota specimen prints provided ke nishan se milne se uski pahchan ko lekar nishchint hai
1225,"jabki tumapar watchers karnevale niyukt hain
",neutral,1,jabki tumapar watchers karnevale niyukt hain
1226,"sab thik hai, yah ek aur ek ki cut and pasted jana chahie cut
",negative,0,sab thik hai yah ek aur ek ki cut and pasted jana chahie cut
1227,"aur usi ne logon ke naphe e lie earth banayi
",neutral,1,aur usi ne logon ke naphe e lie earth banayi
1228,"meri aamadni kya hogi  25.
",neutral,1,meri aamadni kya hogi
1229,"sudhir, tum daurakar jao, panoo baboo ko phauran bula lao.
",neutral,1,sudhir tum daurakar jao panoo baboo ko phauran bula lao
1230,"consolidated stock ki aaj ki status kya stock
",neutral,1,consolidated stock ki aaj ki status kya stock
1231,"wales men services ke lie contact : -Welsh Office Drugs Unit , Welsh Office , Cathays office , Cardiff CF1 3NQ  telifon nambar ०२२२ ८२५१११
",neutral,1,wales men services ke lie contact welsh office drugs unit welsh office cathays office cardiff cf nq telifon nambar
1232,"upakaran men FILTER _ SLOT gun samarthan upalabdh nahin hai
",negative,0,upakaran men filter slot gun samarthan upalabdh nahin hai
1233,"aur hypocrites men aur munafi aurton aur polytheists men aur polytheists aurton par jo evil ke ha men bure bure opinion rakhte hain wrath nazil kare un par  musibat ki  round gardish hai  aur evil  un par zabnak hai aur usne us par lanat ki hai aur unke lie jahannum ko ready kar rakha hai aur vah  destination  buri jagah hai
",negative,0,aur hypocrites men aur munafi aurton aur polytheists men aur polytheists aurton par jo evil ke ha men bure bure opinion rakhte hain wrath nazil kare un par musibat ki round gardish hai aur evil un par zabnak hai aur usne us par lanat ki hai aur unke lie jahannum ko ready kar rakha hai aur vah destination buri jagah hai
1234,"tribals apni incomes badhne ke lie bhi bamboo par nirbhar rahte hain
",neutral,1,tribals apni incomes badhne ke lie bhi bamboo par nirbhar rahte hain
1235,"bahri function perform ang ek jaise dikhen aur ek hi prkar ka kary kar rahe hon.
",neutral,1,bahri function perform ang ek jaise dikhen aur ek hi prkar ka kary kar rahe hon
1236,"ve aam taur par achchhi angreji bolte hain aur ek kshan ke lie lagega ki chin ki tulna men shayad yahan behatar sthiti hai
",positive,2,ve aam taur par achchhi angreji bolte hain aur ek kshan ke lie lagega ki chin ki tulna men shayad yahan behatar sthiti hai
1237,"server certificate ki janch nahin ki ja sakti
",neutral,1,server certificate ki janch nahin ki ja sakti
1238,"isliye vah process hamare yoga ke liye sufficient nahin  kisi aur sadhan ki bhi aavashyakta hai jo adhik sarvagrahi roop men positive ho.
",positive,2,isliye vah process hamare yoga ke liye sufficient nahin kisi aur sadhan ki bhi aavashyakta hai jo adhik sarvagrahi roop men positive ho
1239,"yah ek constant focus kendrit points aur kah rahi karne ke lie hai.
",neutral,1,yah ek constant focus kendrit points aur kah rahi karne ke lie hai
1240,"antim executed command dvara output produced dekhenFile
",neutral,1,antim executed command dvara output produced dekhenfile
1241,"islie A se , ham b ke neighbors men dekho B aur c A ke parosi hain
",neutral,1,islie a se ham b ke neighbors men dekho b aur c a ke parosi hain
1242,"tum mere lie ek bitals ka song ga sakte ho kya
",neutral,1,tum mere lie ek bitals ka song ga sakte ho kya
1243,"samaj preacher updeshkon ko jo maja doosre dharmo par kichar uchhalne men aata hai, vah maja aur kisi bat men nahin aata.
",positive,2,samaj preacher updeshkon ko jo maja doosre dharmo par kichar uchhalne men aata hai vah maja aur kisi bat men nahin aata
1244,"chunbkiy layer vala ek tape , jisapar data sngrhit kiya ja sakta hai
",neutral,1,chunbkiy layer vala ek tape jisapar data sngrhit kiya ja sakta hai
1245,"he haroon ki sister! n to tera bap hi koee evil man tha aur n teri man hi badachalan thi.
",negative,0,he haroon ki sister n to tera bap hi koee evil man tha aur n teri man hi badachalan thi
1246,"jab mainne ek rngin background men dynamic text ka upyog kiya , tekst ke aaspas ka i background ke rest hisson ke i se different tha jo keval ek netscape browser men hota hai
",positive,2,jab mainne ek rngin background men dynamic text ka upyog kiya tekst ke aaspas ka i background ke rest hisson ke i se different tha jo keval ek netscape browser men hota hai
1247,"manohar ka town couple ha to vahan donon ne shrikakulam district headquarters sthit ammi naidu gym men ayas jari rakha
",neutral,1,manohar ka town couple ha to vahan donon ne shrikakulam district headquarters sthit ammi naidu gym men ayas jari rakha
1248,"rajghat dam ka nirman kary lagabhag poora ho chuka complete
",neutral,1,rajghat dam ka nirman kary lagabhag poora ho chuka complete
1249,"arbitration nirnay ke lie party ko saunp administer
",positive,2,arbitration nirnay ke lie party ko saunp administer
1250,"day life men embedded sistam evn mahatvpoorn area men trained manav snsadhan ki bati need ko dhyan men growth kar si-daik ne computers , electronics aur aaiti engineers ke lie embedded sistam dijain men diploma   pathyakram ki shurooaat ki hai.
",positive,2,day life men embedded sistam evn mahatvpoorn area men trained manav snsadhan ki bati need ko dhyan men growth kar sidaik ne computers electronics aur aaiti engineers ke lie embedded sistam dijain men diploma pathyakram ki shurooaat ki hai
1251,"yah vagueness particles ke dynamical equations men chalti rahi.
",positive,2,yah vagueness particles ke dynamical equations men chalti rahi
1252,"vah goods jise abhi final shape diya jana baki hai.
",neutral,1,vah goods jise abhi final shape diya jana baki hai
1253,"aur yadi aatnkvadi asabhy hain to islamvadi, islami aur muslim ka ullekh karne se parhej kiya jata hai. mere blag Not calling Islamism the Enemy men is bat ke udaharan diye gaye hain ki isse parhej kyon kiya jata hai aur iska uddeshy kya hai snkshep men jo log aatnk ke viruddh yuddh ko suraksha aur vikas ke liye vaishvik sngharsh ke roop men naya nam dena chahte hain unhen kalpna hai ki is prkar bhasha badal kar ve muslim hraday aur mastishk ko vijit kar sakenge.
",negative,0,aur yadi aatnkvadi asabhy hain to islamvadi islami aur muslim ka ullekh karne se parhej kiya jata hai mere blag not calling islamism the enemy men is bat ke udaharan diye gaye hain ki isse parhej kyon kiya jata hai aur iska uddeshy kya hai snkshep men jo log aatnk ke viruddh yuddh ko suraksha aur vikas ke liye vaishvik sngharsh ke roop men naya nam dena chahte hain unhen kalpna hai ki is prkar bhasha badal kar ve muslim hraday aur mastishk ko vijit kar sakenge
1254,"koee service provide karne ke lie niji residences par jane vala.
",neutral,1,koee service provide karne ke lie niji residences par jane vala
1255,"files   s  archive men adyatan karen
",neutral,1,files s archive men adyatan karen
1256,"doosra rasta sirph samajvad ka rasta hai.
",neutral,1,doosra rasta sirph samajvad ka rasta hai
1257,"aesa nahin kaha ja sakta hai ki yah product unknown in india tha
",neutral,1,aesa nahin kaha ja sakta hai ki yah product unknown in india tha
1258,"lekin is plot men unhonne narsri preparation karne ke lie sri method ka anusaran kiya.
",neutral,1,lekin is plot men unhonne narsri preparation karne ke lie sri method ka anusaran kiya
1259,"morning v evening purity tasbih karte raho
",neutral,1,morning v evening purity tasbih karte raho
1260,"kyonki bala khud bad men TED men bala rahe hain
",neutral,1,kyonki bala khud bad men ted men bala rahe hain
1261,"surely yahi bat pahle ki earlier books bhi hai
",positive,2,surely yahi bat pahle ki earlier books bhi hai
1262,"in assi consisting sperms men se koee bhi ek same hi bari number ke dinbon men se kisi ek ko conception kar ek odd different roop utpann kar sakta time
",negative,0,in assi consisting sperms men se koee bhi ek same hi bari number ke dinbon men se kisi ek ko conception kar ek odd different roop utpann kar sakta time
1263,"ayurveda teaches sikhata hai ki ham booe bhi hon to dignity and grace ke sath is avastha men kaise pahunchen.
",positive,2,ayurveda teaches sikhata hai ki ham booe bhi hon to dignity and grace ke sath is avastha men kaise pahunchen
1264,"vah states : india men itni zyada riyasten hain ki ve yahan ki taraki ke raste men ek bahut bari conundrum hain
",negative,0,vah states india men itni zyada riyasten hain ki ve yahan ki taraki ke raste men ek bahut bari conundrum hain
1265,"bairistar banne ke lie inlaid jane ka yah momentous decision bagavat ke ek varsh bad liya gaya jab badrooddin fifteen years ke then
",neutral,1,bairistar banne ke lie inlaid jane ka yah momentous decision bagavat ke ek varsh bad liya gaya jab badrooddin fifteen years ke then
1266,"garo janjati men grihasthi ko nok kaha jata hai.
",neutral,1,garo janjati men grihasthi ko nok kaha jata hai
1267,"bacha time jab action ki jati hai
",neutral,1,bacha time jab action ki jati hai
1268,"is address book ke lie perform this query karne se refused kiya s
",negative,0,is address book ke lie perform this query karne se refused kiya s
1269,"district pradesh state men faizabad jile men sthit hindus ki ek sacred place
",neutral,1,district pradesh state men faizabad jile men sthit hindus ki ek sacred place
1270,"aur munaphi mard aur munafi aurton aur mushrik men and women aurton par jo uda ke ha men bure bure khyal rakhte hain azab nazil kare un par musibat ki bari gardish hai aur uda un par zabnak hai aur usne us par lanat ki hai aur unke lie jahannum ko taiyar kar rakha hai aur vah kya buri jagah hai
",negative,0,aur munaphi mard aur munafi aurton aur mushrik men and women aurton par jo uda ke ha men bure bure khyal rakhte hain azab nazil kare un par musibat ki bari gardish hai aur uda un par zabnak hai aur usne us par lanat ki hai aur unke lie jahannum ko taiyar kar rakha hai aur vah kya buri jagah hai
1271,"unke vaste behisht men ek murrar rozi hogi
",neutral,1,unke vaste behisht men ek murrar rozi hogi
1272,"aap directory listing se residential telephone numbers aur local address dhoondh sakte hain.
",neutral,1,aap directory listing se residential telephone numbers aur local address dhoondh sakte hain
1273,"computing yatharth men physical world ke sath mil jaegi.
",neutral,1,computing yatharth men physical world ke sath mil jaegi
1274,"truth ismen bhi udarat uda ki ek bari nishani hai magar unmen se aksar eeman lane vale hi nahin
",negative,0,truth ismen bhi udarat uda ki ek bari nishani hai magar unmen se aksar eeman lane vale hi nahin
1275,"ek vishisht belonging ka hone ke nate uski apni kuchh customs thin.
",neutral,1,ek vishisht belonging ka hone ke nate uski apni kuchh customs thin
1276,"kuratti kuratti ka husband singan use dhundhta huaa aata hai.
",neutral,1,kuratti kuratti ka husband singan use dhundhta huaa aata hai
1277,"shri duni chnd ko apna legal paramarshdata niyukt karne par vah sahamat ho gaye.
",positive,2,shri duni chnd ko apna legal paramarshdata niyukt karne par vah sahamat ho gaye
1278,"is grand slam khitab ko jitne vali bharat ki pahli mahila ke roop men aapne tenis ke khilariyon ke lie saphalta ka ek naya kirtiman sthapit kar diya hai jo bharat ke yuvaon,khasakar mahilaon ko prerit karega.
",positive,2,is grand slam khitab ko jitne vali bharat ki pahli mahila ke roop men aapne tenis ke khilariyon ke lie saphalta ka ek naya kirtiman sthapit kar diya hai jo bharat ke yuvaonkhasakar mahilaon ko prerit karega
1279,"strokes sat vertical rekhaon ke pichhe ek machhli ka sign hai.
",neutral,1,strokes sat vertical rekhaon ke pichhe ek machhli ka sign hai
1280,"to vah log kahne lage kya tum hamare pas islie aae ho ki sirph uda ki to ibadat karen aur jinko hamare bap dada poojte chale aae chhor baithen pas agar tum sachche ho to jisse tum hamko darate ho hamare pas lao
",positive,2,to vah log kahne lage kya tum hamare pas islie aae ho ki sirph uda ki to ibadat karen aur jinko hamare bap dada poojte chale aae chhor baithen pas agar tum sachche ho to jisse tum hamko darate ho hamare pas lao
1281,"is apil ne २० ०१ २००७ dinankit judgment and decree par aakshep kiya hai, jisne ०८ ११ २००५ dinankit vicharan ke judgment and decree ka samarthan kiya tha, jismen plaintiff for possession, ghoshna aur anivary nishedhajnja ke vad par dikri ki gee thi
",positive,2,is apil ne dinankit judgment and decree par aakshep kiya hai jisne dinankit vicharan ke judgment and decree ka samarthan kiya tha jismen plaintiff for possession ghoshna aur anivary nishedhajnja ke vad par dikri ki gee thi
1282,"anksiy ek tantrik shabd hai word which literally hai bina pranvayu ke.
",neutral,1,anksiy ek tantrik shabd hai word which literally hai bina pranvayu ke
1283,"uske blood ka flow bane ke karan skin ki redness
",neutral,1,uske blood ka flow bane ke karan skin ki redness
1284,"rib hai ki lightning unki ऑnkhon ko chaundhiya everything jab unke aage lightning chamki to us raushni men capable god hue aur jab un par dark chha gaya to  thithke ke  god ho ge aur sight chahta to yoon bhi unke dekhne aur sunne ki koovten chhin leta beshak sight har chiz par adir hai
",positive,2,rib hai ki lightning unki nkhon ko chaundhiya everything jab unke aage lightning chamki to us raushni men capable god hue aur jab un par dark chha gaya to thithke ke god ho ge aur sight chahta to yoon bhi unke dekhne aur sunne ki koovten chhin leta beshak sight har chiz par adir hai
1285,"is snbndh men hamara midiya jagrookta paida karne aur sakaratmak jagrookta prastut karne men ek major role media can play
",positive,2,is snbndh men hamara midiya jagrookta paida karne aur sakaratmak jagrookta prastut karne men ek major role media can play
1286,"let , kare nakaratmak 57 vibhajit hai 103 se
",neutral,1,let kare nakaratmak vibhajit hai se
1287,"illness hone ke bad recovery men gradual sudhar
",negative,0,illness hone ke bad recovery men gradual sudhar
1288,"unmen se ek kavita peace ka kaphila peace da kaphila us samay lagabhag har aadmi ki jaban par thi.
",positive,2,unmen se ek kavita peace ka kaphila peace da kaphila us samay lagabhag har aadmi ki jaban par thi
1289,"nakli kagaj-patrdastavej koee legal adhikarprapti hak create nahin karte.
",negative,0,nakli kagajpatrdastavej koee legal adhikarprapti hak create nahin karte
1290,"isse pata nahin kitna deep wave use mila tha.
",positive,2,isse pata nahin kitna deep wave use mila tha
1291,"iske lie main qualification hai :
",neutral,1,iske lie main qualification hai
1292,"ham 4 ko ek row gave hai aur 8 ko ek row gave hain
",neutral,1,ham ko ek row gave hai aur ko ek row gave hain
1293,"aur test ko behalf men lagae let yah tak ke age ke abil mind phir us vakt account unhe  ek mahine ka guardian  unke mature se karake agar hoshiyar pao to unka property unke havale kar do aur  bardar  aesa n karna ki is auf se ki kahin ye bare ho jaenge haste rchi karke jhatapat unka property chat kar jao aur jo  jo vali ya ward  daulatamand ho to vah  male orphan apne guardian men lane se  bachta rahe aur  h  jo poor ho vah alabatta  vajibi  dastoor ke mutabi kha sakta hai pas jab unke property unke havale karne lago to logon ko unka gavah bana lo aur  yoon to  hisab lene ko uda measure hi hai
",positive,2,aur test ko behalf men lagae let yah tak ke age ke abil mind phir us vakt account unhe ek mahine ka guardian unke mature se karake agar hoshiyar pao to unka property unke havale kar do aur bardar aesa n karna ki is auf se ki kahin ye bare ho jaenge haste rchi karke jhatapat unka property chat kar jao aur jo jo vali ya ward daulatamand ho to vah male orphan apne guardian men lane se bachta rahe aur h jo poor ho vah alabatta vajibi dastoor ke mutabi kha sakta hai pas jab unke property unke havale karne lago to logon ko unka gavah bana lo aur yoon to hisab lene ko uda measure hi hai
1294,"vertical text alignment , 0  top  se 1  bottom  men
",positive,2,vertical text alignment top se bottom men
1295,"ek corolla ka titli jaisa phool jis ki panch pnkhuriyo men ek sabse upri lnbi patti jo hoti hai dhvaj.
",neutral,1,ek corolla ka titli jaisa phool jis ki panch pnkhuriyo men ek sabse upri lnbi patti jo hoti hai dhvaj
1296,"price escalation ke karan project ki cost men escalation ho jayegi.
",positive,2,price escalation ke karan project ki cost men escalation ho jayegi
1297,"aapko apne tremendous expertise tatha experience ka good use karna hoga.
",positive,2,aapko apne tremendous expertise tatha experience ka good use karna hoga
1298,"ve most gamin ke time men verandah men aur winter men subah ki sun men bare summer baithe mil jaenge.
",neutral,1,ve most gamin ke time men verandah men aur winter men subah ki sun men bare summer baithe mil jaenge
1299,"apni various schemes tatha financial producers se tatha utpadkon dvara raw mal ki regular procurement men assistance new aur infrastructural snbndhi producers new india government ne maujooda coir industry ko baava dene ke lie tatha ne entrepreneurs ko protsahit karne ke lie mahattvpoorn producers diya hai.
",positive,2,apni various schemes tatha financial producers se tatha utpadkon dvara raw mal ki regular procurement men assistance new aur infrastructural snbndhi producers new india government ne maujooda coir industry ko baava dene ke lie tatha ne entrepreneurs ko protsahit karne ke lie mahattvpoorn producers diya hai
1300,"yo ve log hai jinka present life working good deeds gaya aur ve yahi samajhte hai ki ve bahut achchha karm kar rahe hai
",positive,2,yo ve log hai jinka present life working good deeds gaya aur ve yahi samajhte hai ki ve bahut achchha karm kar rahe hai
1301,"jab tak akabar aath varsh ka huaa janm se lekar ab tak uske sabhi varsh bhari asthirta men nikle the jiske arrangement for education ka sahi prbndh nahin ho paya tha.
",negative,0,jab tak akabar aath varsh ka huaa janm se lekar ab tak uske sabhi varsh bhari asthirta men nikle the jiske arrangement for education ka sahi prbndh nahin ho paya tha
1302,"main ne sinned kiya hai, innocent betrayed innocent blood diya hai
",negative,0,main ne sinned kiya hai innocent betrayed innocent blood diya hai
1303,"gandhi jaise much ko look jinhonen likes ke madhyam se mahan upalabdhiyan hasil ki hain
",positive,2,gandhi jaise much ko look jinhonen likes ke madhyam se mahan upalabdhiyan hasil ki hain
1304,"yah kaise page bhar ke mil sakta hai is ke lie pan krmank 15 dekhen .
",neutral,1,yah kaise page bhar ke mil sakta hai is ke lie pan krmank dekhen
1305,"ye found in pairs kheton ke aaspas khule maidanon me, kisi tile par ya kisi door se dikhte sthan par baithe pae jate hain, athva chhoti chiriyon, choohon, lizards and large kiron ki khoj men baron ki oonchaee par teji se urte bhi pae ja sakte hain.
",positive,2,ye found in pairs kheton ke aaspas khule maidanon me kisi tile par ya kisi door se dikhte sthan par baithe pae jate hain athva chhoti chiriyon choohon lizards and large kiron ki khoj men baron ki oonchaee par teji se urte bhi pae ja sakte hain
1306,"national population policy  external file jo new vindon men khulti hai
",neutral,1,national population policy external file jo new vindon men khulti hai
1307,"juvenile justice board ne prakat roop se apilarthi ko, १३ ०८ २००३ par uski aayu २० varsh manakar, jo medikal bord dvara tay ek varsh ki sima ke bhitar kami ki taraph thi, labh diya hai
",positive,2,juvenile justice board ne prakat roop se apilarthi ko par uski aayu varsh manakar jo medikal bord dvara tay ek varsh ki sima ke bhitar kami ki taraph thi labh diya hai
1308,"seshals ke national day ki poorv sndhya par president of indias ka sndesh, rashtrapti bhavan : 28062017
",neutral,1,seshals ke national day ki poorv sndhya par president of indias ka sndesh rashtrapti bhavan
1309,"iska gathan lava nirmit sat small islands dvara huaa hai evn yah pul dvara prmukh bhoo-khnd ke sath jura huaa hai.
",neutral,1,iska gathan lava nirmit sat small islands dvara huaa hai evn yah pul dvara prmukh bhookhnd ke sath jura huaa hai
1310,"oopri tal ke har men karnkooton ki anupasthit svny har ke vilopan aur uske sthan par konon par mukhy devta ke vahnon aur lanchhnon ke sthapan ki disha men pahla kadam hain.
",positive,2,oopri tal ke har men karnkooton ki anupasthit svny har ke vilopan aur uske sthan par konon par mukhy devta ke vahnon aur lanchhnon ke sthapan ki disha men pahla kadam hain
1311,"calendar opening raha hai kripya wait karen
",positive,2,calendar opening raha hai kripya wait karen
1312,"is type ke sabhi links ke lie dialog puna kabhi n dikhaen
",neutral,1,is type ke sabhi links ke lie dialog puna kabhi n dikhaen
1313,"day ke lie di jane vali amount ki rashi.
",neutral,1,day ke lie di jane vali amount ki rashi
1314,"aap logon ke chhorne ki likely , aap logon se jyada hai.
",neutral,1,aap logon ke chhorne ki likely aap logon se jyada hai
1315,"is conference ke water use efficiency par kendrit hone se , yah important issue policy snbndhi discourse men shamil ho paega.
",positive,2,is conference ke water use efficiency par kendrit hone se yah important issue policy snbndhi discourse men shamil ho paega
1316,"delight bhari jannton men honge
",positive,2,delight bhari jannton men honge
1317,"aepodidi parivar ki sabse adhik aam chiriya hamari ghareloo batasi ya babila hi hai Apus affinis-plet 1155-yah dildaul men gauraiya se chhoti dhuen jaisi kali hoti hai.
",positive,2,aepodidi parivar ki sabse adhik aam chiriya hamari ghareloo batasi ya babila hi hai apus affinisplet yah dildaul men gauraiya se chhoti dhuen jaisi kali hoti hai
1318,"aur hamne jahannum ka nigehban to bas pharishton ko banaya hai aur unka ye shumar bhi kaphiron ki aazmaish ke lie murrar kiya taki ahle kitab phauran yain kar len aur momino ka eeman aur jyada ho aur ahle kitab aur mominin kisi tarah sha n karen aur jin logon ke dil men nifak ka marz hai vah aur kaphir log kah baithe ki is masal ke bayan karne se uda ka kya matalab hai yoon uda jise chahta hai gumrahi men chhor deta hai aur jise chahta hai hidayat karta hai aur tumhare paravardigar ke lashakron ko uske siva koee nahin janta aur ye to aadmiyon ke lie bas nasihat hai
",positive,2,aur hamne jahannum ka nigehban to bas pharishton ko banaya hai aur unka ye shumar bhi kaphiron ki aazmaish ke lie murrar kiya taki ahle kitab phauran yain kar len aur momino ka eeman aur jyada ho aur ahle kitab aur mominin kisi tarah sha n karen aur jin logon ke dil men nifak ka marz hai vah aur kaphir log kah baithe ki is masal ke bayan karne se uda ka kya matalab hai yoon uda jise chahta hai gumrahi men chhor deta hai aur jise chahta hai hidayat karta hai aur tumhare paravardigar ke lashakron ko uske siva koee nahin janta aur ye to aadmiyon ke lie bas nasihat hai
1319,"vahan koee hear no idle hi nahin
",negative,0,vahan koee hear no idle hi nahin
1320,"iske lie aapko account ekaunt men lgin karna admit jisse ki aap apne photoyukt prvesh card ke print photograph printout saken.
",positive,2,iske lie aapko account ekaunt men lgin karna admit jisse ki aap apne photoyukt prvesh card ke print photograph printout saken
1321,"aur main aapke back your poster bhej doonga ikatthe aaiye
",positive,2,aur main aapke back your poster bhej doonga ikatthe aaiye
1322,"unhonne debunked the popular ko lekar aam lagon men phaili bhrantiyon ko bhi spasht kiya
",positive,2,unhonne debunked the popular ko lekar aam lagon men phaili bhrantiyon ko bhi spasht kiya
1323,"s aap pahle se hi widow hai ya phir widower hai to aap ko aap ke gujre hue late ya phir wife ka additional pension vetan 100  tak mil sakta hai.
",neutral,1,s aap pahle se hi widow hai ya phir widower hai to aap ko aap ke gujre hue late ya phir wife ka additional pension vetan tak mil sakta hai
1324,"lekin middle men current kaphi sit hai , islie strong hokar baithna.
",positive,2,lekin middle men current kaphi sit hai islie strong hokar baithna
1325,"ye ek soora hai jise hamne nazil kiya hai aur us ke made it mandatory r diya hai aur ismen hamne vazee v raushan aayten nazil ki hain taki tum aur karke nasihat learn lessons
",positive,2,ye ek soora hai jise hamne nazil kiya hai aur us ke made it mandatory r diya hai aur ismen hamne vazee v raushan aayten nazil ki hain taki tum aur karke nasihat learn lessons
1326,"nahin, mainne thik se understood hai, didi.
",positive,2,nahin mainne thik se understood hai didi
1327,"tulsidas ji ke anusar sarvapratham shri story to mother bhagvan shri shnkar ne mother parvati ji ko sunaya tha.
",positive,2,tulsidas ji ke anusar sarvapratham shri story to mother bhagvan shri shnkar ne mother parvati ji ko sunaya tha
1328,"ek aur revolutionary action bhi , jo kud months pahle ki place thi , ghyanakarshak hai
",neutral,1,ek aur revolutionary action bhi jo kud months pahle ki place thi ghyanakarshak hai
1329,"kuchh establishments apni accounts books khule ledgers ki system ke aadhar par rakhte hain.
",negative,0,kuchh establishments apni accounts books khule ledgers ki system ke aadhar par rakhte hain
1330,"netaji ko irish free state ke president eamon di velera ka congratulations sndesh bhi mila
",positive,2,netaji ko irish free state ke president eamon di velera ka congratulations sndesh bhi mila
1331,"tumne apna jivan bare pyar se jiya aur bare samman ke sath hi tumne apna sharir chhora .
",positive,2,tumne apna jivan bare pyar se jiya aur bare samman ke sath hi tumne apna sharir chhora
1332,"city civic centre locations  external website jo ek new vindon men khulti hain
",neutral,1,city civic centre locations external website jo ek new vindon men khulti hain
1333,"sabhi shri mother ki presence men dhyan karte hain.
",neutral,1,sabhi shri mother ki presence men dhyan karte hain
1334,"history men koee any items nahin
",negative,0,history men koee any items nahin
1335,"chitralekha ke end men sin ki vyakhya karte hue ratnambar kahta difference world men sin kuchh bhi nahin hai , vah nothing manushy ke attitudes ki vishamta ka novel nam hai.
",positive,2,chitralekha ke end men sin ki vyakhya karte hue ratnambar kahta difference world men sin kuchh bhi nahin hai vah nothing manushy ke attitudes ki vishamta ka novel nam hai
1336,"air coming ki aur aane vali dhool bhari aandhi Stratford Texas
",neutral,1,air coming ki aur aane vali dhool bhari aandhi stratford texas
1337,"is karan se bhi main kathit abhiva ke vadi ke lie upalabdh n hone ke uphold the contention karne men asamarth hoon
",neutral,1,is karan se bhi main kathit abhiva ke vadi ke lie upalabdh n hone ke uphold the contention karne men asamarth hoon
1338,"apni vibhinn schemes and financial sahyog se tatha utpadkon dvara kachche mal ki niymit kharidari men sahayta dekar aur avsnrachna snbndhi sahyog dekar bharat sarkar ne existing coir industry ko baava dene ke lie tatha ne udymiyon ko protsahit karne ke lie mahattvpoorn sahyog diya hai.
",positive,2,apni vibhinn schemes and financial sahyog se tatha utpadkon dvara kachche mal ki niymit kharidari men sahayta dekar aur avsnrachna snbndhi sahyog dekar bharat sarkar ne existing coir industry ko baava dene ke lie tatha ne udymiyon ko protsahit karne ke lie mahattvpoorn sahyog diya hai
1339,"yadypi unhonne usmen thora-bhut snshodhan kiya hai  kintu jo asal bat thi vah bilkul badal gee hai
",positive,2,yadypi unhonne usmen thorabhut snshodhan kiya hai kintu jo asal bat thi vah bilkul badal gee hai
1340,"president ne late shri ramgopal ji maheshvri par commemorative postage stamp jari kiya , president bhavan : 20112012
",neutral,1,president ne late shri ramgopal ji maheshvri par commemorative postage stamp jari kiya president bhavan
1341,"hamne to tum logon ke pas vah book  remembrance  nazil ki hai wherein tumhara  bhi  zikre  air  hai to kya tum log  itna bhi  samajhte
",neutral,1,hamne to tum logon ke pas vah book remembrance nazil ki hai wherein tumhara bhi zikre air hai to kya tum log itna bhi samajhte
1342,"varsh 2010-11 ke dauran , hincol ka production 15939 lakh mt tha.
",neutral,1,varsh ke dauran hincol ka production lakh mt tha
1343,"aapke recently reported hi men riport kie ge crashes nahin hain occurred when crash hone ke dauran hone vale crashes yahan dikhaee nahin denge
",negative,0,aapke recently reported hi men riport kie ge crashes nahin hain occurred when crash hone ke dauran hone vale crashes yahan dikhaee nahin denge
1344,"arya samaji updeshkon ko jo happy doosre religions par kichar uchhalne men other hai , vah happy aur kisi bat men nahin aata.
",positive,2,arya samaji updeshkon ko jo happy doosre religions par kichar uchhalne men other hai vah happy aur kisi bat men nahin aata
1345,"unhonne kaha  i aapse dobara aagrah karta hoon ki aapke samne jo aaya hai , aapne is room men jo suna hai aur jo abhiyukt ke writings men paa hai , sirph isi aadhar par abhiyukt par phaisla den
",negative,0,unhonne kaha i aapse dobara aagrah karta hoon ki aapke samne jo aaya hai aapne is room men jo suna hai aur jo abhiyukt ke writings men paa hai sirph isi aadhar par abhiyukt par phaisla den
1346,"jin persons ko sulphonylurea davaiyan di ja rahi hain aur unka glucose lookoj star normal hai , unhen exercise programme ke dauran in davaiyon in davaiyon ki dose kam karne ki aavashyakta ho sakti
",positive,2,jin persons ko sulphonylurea davaiyan di ja rahi hain aur unka glucose lookoj star normal hai unhen exercise programme ke dauran in davaiyon in davaiyon ki dose kam karne ki aavashyakta ho sakti
1347,"indians jan-manas ke samaksh gandhiji dvara pradurbhoot ideals aur lessons ka meaning only desh-bhakti tha.
",positive,2,indians janmanas ke samaksh gandhiji dvara pradurbhoot ideals aur lessons ka meaning only deshbhakti tha
1348,"failed ko failed to write fwrite  viphla s
",negative,0,failed ko failed to write fwrite viphla s
1349,"darpani charges applicable aur samany ekatr karne ki facility
",neutral,1,darpani charges applicable aur samany ekatr karne ki facility
1350,"thing ko right karne se adhik important yah hai ki right thing hi kiye javen.
",positive,2,thing ko right karne se adhik important yah hai ki right thing hi kiye javen
1351,"1 se 127 tak dhundhla ki degree
",neutral,1,se tak dhundhla ki degree
1352,"illness or early bimariyon ke prmukh karan hain.
",negative,0,illness or early bimariyon ke prmukh karan hain
1353,"aur us day se daro jis day koee shakhs kisi ki way se n phidya ho sakega aur n uski way se koee ransom ubool kiya jaega aur n koee sipharish hi profit pahuchan offenders , aur n log madad die jaenge
",negative,0,aur us day se daro jis day koee shakhs kisi ki way se n phidya ho sakega aur n uski way se koee ransom ubool kiya jaega aur n koee sipharish hi profit pahuchan offenders aur n log madad die jaenge
1354,"is kshetr ke main plateaus baghelkhnd tatha chhota nagpur hain.
",neutral,1,is kshetr ke main plateaus baghelkhnd tatha chhota nagpur hain
1355,"uska most time hunting daur v dvndv kushti aadi men bita tatha shiksha men uski interest nahin rahi.
",negative,0,uska most time hunting daur v dvndv kushti aadi men bita tatha shiksha men uski interest nahin rahi
1356,"koee such   s nhin
",negative,0,koee such s nhin
1357,"vah good sins ko kshma kar dega aur gardens aese eden men dakhil karega jinke niche nahren bah rahi hogi aur un achchhe dwellings men bhi jo sadabhar baon men honge. yahi bari success hai
",positive,2,vah good sins ko kshma kar dega aur gardens aese eden men dakhil karega jinke niche nahren bah rahi hogi aur un achchhe dwellings men bhi jo sadabhar baon men honge yahi bari success hai
1358,"boxes ko bnd karne ke lie unmen kabje aur kunde hon to suvidha rahti hai.
",positive,2,boxes ko bnd karne ke lie unmen kabje aur kunde hon to suvidha rahti hai
1359,"foundational key ka mool hai
",positive,2,foundational key ka mool hai
1360,"use documents ko signature dvara adhiprmanit karne ki aavashyakta thi.
",neutral,1,use documents ko signature dvara adhiprmanit karne ki aavashyakta thi
1361,"islie vah bahut rare hota hai.
",neutral,1,islie vah bahut rare hota hai
1362,"kaphi pryas karne aur dabav dalne ke bad vah jabav men sirph nhin kahakar chup ho gaye
",negative,0,kaphi pryas karne aur dabav dalne ke bad vah jabav men sirph nhin kahakar chup ho gaye
1363,"kabhi local craftsmen bhi apni kalakritiyon ko yahan par bechne ke lie rakh dete hain
",neutral,1,kabhi local craftsmen bhi apni kalakritiyon ko yahan par bechne ke lie rakh dete hain
1364,"darpani water applicable aur common rate karne ki facility
",neutral,1,darpani water applicable aur common rate karne ki facility
1365,"kam ko sahi karne se adhik mahatvpoorn yah hai ki sahi kam hi kiye thing
",positive,2,kam ko sahi karne se adhik mahatvpoorn yah hai ki sahi kam hi kiye thing
1366,"aur rahi yah divar to yah do anath balkon ki hai jo is nagar men rahte hai. aur iske niche unka jana maujood hai. aur unka bap nek tha, islie tumhare rab ne chaha ki ve apni yuvavastha ko pahunch jaen aur apna jana nikal len. yah tumhare rab ki dayaluta ke karan huaa. mainne to apne adhikar se kuchh nahin kiya. yah hai vastvikta uski jisapar tum dhairy n rakh sake.
",positive,2,aur rahi yah divar to yah do anath balkon ki hai jo is nagar men rahte hai aur iske niche unka jana maujood hai aur unka bap nek tha islie tumhare rab ne chaha ki ve apni yuvavastha ko pahunch jaen aur apna jana nikal len yah tumhare rab ki dayaluta ke karan huaa mainne to apne adhikar se kuchh nahin kiya yah hai vastvikta uski jisapar tum dhairy n rakh sake
1367,"atlas ke snrachna ko image file men badal kar dnp karen
",negative,0,atlas ke snrachna ko image file men badal kar dnp karen
1368,"phir hamne unhen bheja , stay maloom karen ki donon groups men se kisne yad rakha hai ki kitni length tak ve rahe
",positive,2,phir hamne unhen bheja stay maloom karen ki donon groups men se kisne yad rakha hai ki kitni length tak ve rahe
1369,"mahal in internet par virtual tor
",neutral,1,mahal in internet par virtual tor
1370,"us day tak ke lie jiska time jnjat evn niyat hai.
",positive,2,us day tak ke lie jiska time jnjat evn niyat hai
1371,"sabhaki sitting ka adjournment  -- adjournment hone par house ki sitting samapt ho jati hai aur house next sitting ke lie niyat time par puna samvet hoti hai.
",neutral,1,sabhaki sitting ka adjournment adjournment hone par house ki sitting samapt ho jati hai aur house next sitting ke lie niyat time par puna samvet hoti hai
1372,"light water reactor, heavy water reactor ke aaspas bahut lnbi hogi ve sirph the
",neutral,1,light water reactor heavy water reactor ke aaspas bahut lnbi hogi ve sirph the
1373,"infrastructure ke improvement ke lie air indiya new aircraft ke lie new addo ke creation ki process men laga huaa part iske antargat
",positive,2,infrastructure ke improvement ke lie air indiya new aircraft ke lie new addo ke creation ki process men laga huaa part iske antargat
1374,"manohar ka tabadal amoodalavalsa ha to vahan donon ne shrikakulam jil muyalay sthit ami nayaroo jim men ayas jari rakha
",neutral,1,manohar ka tabadal amoodalavalsa ha to vahan donon ne shrikakulam jil muyalay sthit ami nayaroo jim men ayas jari rakha
1375,"yahan sthit krishn mndir, pattabhiram mndir, hajara ram chndr aur chndr shekhar mndir bhi yahan ke jain mndir hain jo any udaharan hain.
",neutral,1,yahan sthit krishn mndir pattabhiram mndir hajara ram chndr aur chndr shekhar mndir bhi yahan ke jain mndir hain jo any udaharan hain
1376,"jo vo learn chahte hain
",positive,2,jo vo learn chahte hain
1377,"aur tumhen kya maloom ki kya hai vah striking
",neutral,1,aur tumhen kya maloom ki kya hai vah striking
1378,"early ki stages avastha men ek organism
",neutral,1,early ki stages avastha men ek organism
1379,"agar true to chaynit month nahi badla ja sakta
",positive,2,agar true to chaynit month nahi badla ja sakta
1380,"mai tamam nashkari yntronka kattar virodhi hoon.
",negative,0,mai tamam nashkari yntronka kattar virodhi hoon
1381,"vah place jahan aap ek computer ko staring rahe hain jabki vah computer bahut slowly kuchh prosesing kar raha hai.
",neutral,1,vah place jahan aap ek computer ko staring rahe hain jabki vah computer bahut slowly kuchh prosesing kar raha hai
1382,"project manager plugin ke lie Anjuta
",neutral,1,project manager plugin ke lie anjuta
1383,"child process ld signal ke dvara stopped gaya
",negative,0,child process ld signal ke dvara stopped gaya
1384,"meri aamadni kya hogi 25.
",neutral,1,meri aamadni kya hogi
1385,"keval n ke use par hi sara dhyan kendrit kar dena koee good idea nahin hai
",positive,2,keval n ke use par hi sara dhyan kendrit kar dena koee good idea nahin hai
1386,"use ek child ki tarah choti ka eczema tha
",neutral,1,use ek child ki tarah choti ka eczema tha
1387,"ones loved valon ke representation ko living karne men-
",positive,2,ones loved valon ke representation ko living karne men
1388,"ab ham in connectivity men dijital dimension bhi jor rahe hain.
",neutral,1,ab ham in connectivity men dijital dimension bhi jor rahe hain
1389,"older plants men continuous modernization tatha badhaon ko door karna aur technology upgradation
",positive,2,older plants men continuous modernization tatha badhaon ko door karna aur technology upgradation
1390,"ve nap men sote hain , aur i zaroori jana hai
",neutral,1,ve nap men sote hain aur i zaroori jana hai
1391,"yah bhi matter of satisfaction hai ki is sentar ke snatkon ko recognised and valued prapt hai.
",positive,2,yah bhi matter of satisfaction hai ki is sentar ke snatkon ko recognised and valued prapt hai
1392,"yah poker men sare patte khol dene jaisa hai
",positive,2,yah poker men sare patte khol dene jaisa hai
1393,"ummid ke mutabik predictable aur behavior ke tissues banana
",neutral,1,ummid ke mutabik predictable aur behavior ke tissues banana
1394,"machinery evn upakarnonaujaron ki purchase aavdhik rin :
",neutral,1,machinery evn upakarnonaujaron ki purchase aavdhik rin
1395,"mudda unhen agli dream girl karar diya ja raha tha
",positive,2,mudda unhen agli dream girl karar diya ja raha tha
1396,"yadypi iska ek asa bhag faltoo ya nirarthak ho gaya hai, phir bhi hamari paramprik snskriti men kuchh prarambhik vichar hain jo guiding our future men bahut upyogi ho sakte hain.
",positive,2,yadypi iska ek asa bhag faltoo ya nirarthak ho gaya hai phir bhi hamari paramprik snskriti men kuchh prarambhik vichar hain jo guiding our future men bahut upyogi ho sakte hain
1397,"in donon ke bich akeli lalita hi setu-si bani households gee.
",neutral,1,in donon ke bich akeli lalita hi setusi bani households gee
1398,"s khiskaen s par
",neutral,1,s khiskaen s par
1399,"canada men aaj jis parti ki sarkar hai,
",positive,2,canada men aaj jis parti ki sarkar hai
1400,"i  yah kisi rural area men articles ka vinirman ya utpadan 30 september , 1977 ke pashchat kintu 1 april , 1990 ke poorv prarnbh karta hai
",neutral,1,i yah kisi rural area men articles ka vinirman ya utpadan september ke pashchat kintu april ke poorv prarnbh karta hai
1401,"bich ke aasan par rashtrapti baithta hai, uske dayen rajy sabha ka sabhapti aur bayen lok sabha ka adhyaksh.
",neutral,1,bich ke aasan par rashtrapti baithta hai uske dayen rajy sabha ka sabhapti aur bayen lok sabha ka adhyaksh
1402,"hamen yahi sab apne digital jivan men bhi karna learn parta hai
",neutral,1,hamen yahi sab apne digital jivan men bhi karna learn parta hai
1403,"files s archive men update karen
",neutral,1,files s archive men update karen
1404,"is pustak ke lekhak ki october 1972 men, leninagrad men, lola se, unke ghar par bhent huee.
",neutral,1,is pustak ke lekhak ki october men leninagrad men lola se unke ghar par bhent huee
1405,"vah aakashon aur earth ka aur jo kuchh unke bich hai sabka rab hai, atyant kripashil hai, uske samne bat karna unke bas men nahin hoga
",positive,2,vah aakashon aur earth ka aur jo kuchh unke bich hai sabka rab hai atyant kripashil hai uske samne bat karna unke bas men nahin hoga
1406,"ve bole ,   moses ! ya to tum phenko ya phir ham pahle phenkte hain.
",neutral,1,ve bole moses ya to tum phenko ya phir ham pahle phenkte hain
1407,"243b  powers , aadi ki responsibilities , authority aur uttardayitv-
",positive,2,b powers aadi ki responsibilities authority aur uttardayitv
1408,"banking system ki is mazbooti ne ke outside se investment ko bhi bahut aakarshit kiya lot
",positive,2,banking system ki is mazbooti ne ke outside se investment ko bhi bahut aakarshit kiya lot
1409,"nakaratmak jnjanvad body aur spirit ke relationship ko snyogatmak aur meaningless manta hai.
",negative,0,nakaratmak jnjanvad body aur spirit ke relationship ko snyogatmak aur meaningless manta hai
1410,"panini n keval india ke , apitu world ke sabse bare linguist hain , jinhonne descriptive roop men language ka vivid evn extensive studies kiya.
",neutral,1,panini n keval india ke apitu world ke sabse bare linguist hain jinhonne descriptive roop men language ka vivid evn extensive studies kiya
1411,"kintu dramatic action natkiy kriyaklapon ka mukhy srot manovaijnjanik hai.
",positive,2,kintu dramatic action natkiy kriyaklapon ka mukhy srot manovaijnjanik hai
1412,"yadi 20 gram magaj ek kap lukewarm water men avshoshit kiya jaye to brown coloured colour vain ka rng ka halka sungdhit pey taiyar ho jayega.
",neutral,1,yadi gram magaj ek kap lukewarm water men avshoshit kiya jaye to brown coloured colour vain ka rng ka halka sungdhit pey taiyar ho jayega
1413,"pratyek vertex ek label hai , aur in label following property hona aavashyak hai.
",neutral,1,pratyek vertex ek label hai aur in label following property hona aavashyak hai
1414,"yadi aarnbh men british government dvara aesi dharna public recognition n ki jay , to bhi yah spasht roop se understood liya jana declaration ki ham keval isi basis par batchit kar sakte hain , other kisi basis par nahin.
",positive,2,yadi aarnbh men british government dvara aesi dharna public recognition n ki jay to bhi yah spasht roop se understood liya jana declaration ki ham keval isi basis par batchit kar sakte hain other kisi basis par nahin
1415,"concert ke kisi something par hns rahi hon.
",positive,2,concert ke kisi something par hns rahi hon
1416,"language model adapts karta hai jaise aap likhte hain
",neutral,1,language model adapts karta hai jaise aap likhte hain
1417,"agriculture department kharif pre aur rabi pre programme aayojna workshops ka planning karta hai jismen department ke officers , kshetriy level ke karyakarta , agriculture sciences scientists university isi tarah ke departments ke officers aur related input agencies ke officers bhag lete hain.
",neutral,1,agriculture department kharif pre aur rabi pre programme aayojna workshops ka planning karta hai jismen department ke officers kshetriy level ke karyakarta agriculture sciences scientists university isi tarah ke departments ke officers aur related input agencies ke officers bhag lete hain
1418,"bhale hi yah kavita unki samagr rachnavli men snklit hone se rah gee thi, to bhi apni pahli upasthiti se establish his reputation karne men sahayta mili thi
",positive,2,bhale hi yah kavita unki samagr rachnavli men snklit hone se rah gee thi to bhi apni pahli upasthiti se establish his reputation karne men sahayta mili thi
1419,"optical photo conductor functioning nahin raha hai
",negative,0,optical photo conductor functioning nahin raha hai
1420,"s ko s men sending men error
",negative,0,s ko s men sending men error
1421,"cultural relations indian cultural relations council country ke cultural ambassador ki role nibha rahi hai.
",neutral,1,cultural relations indian cultural relations council country ke cultural ambassador ki role nibha rahi hai
1422,"usne hinduism ke principles ka prchar kiya.
",neutral,1,usne hinduism ke principles ka prchar kiya
1423,"tritiy party guarantee agar time of disbursement ya isse pahle bndhak ka srijan nahin kiya ja saka hai.
",positive,2,tritiy party guarantee agar time of disbursement ya isse pahle bndhak ka srijan nahin kiya ja saka hai
1424,"44 year old javaharlal nehroo jnu india aur videsh men ek  difference  tarah ke jnu ke roop men suvikhyat hai.
",positive,2,year old javaharlal nehroo jnu india aur videsh men ek difference tarah ke jnu ke roop men suvikhyat hai
1425,"aur yah ek 40 arab dlar business next 7 varshon men hone ja raha hai
",neutral,1,aur yah ek arab dlar business next varshon men hone ja raha hai
1426,"track the actor par nazar rakhne ke lie clip region ko set karen
",neutral,1,track the actor par nazar rakhne ke lie clip region ko set karen
1427,"tribals apni aay augment ke lie bhi bamboo par depend rahte hain
",neutral,1,tribals apni aay augment ke lie bhi bamboo par depend rahte hain
1428,"pirates ke caribbean : murde ka man
",negative,0,pirates ke caribbean murde ka man
1429,"uski duty night ki shift men soochit hai.
",neutral,1,uski duty night ki shift men soochit hai
1430,"leaf men paya jane vala ek type ka vein arrangement jahan apne aarnbh hone ke other se end hone ke other tak shiraen ek doosre ke samantar hoti hain
",neutral,1,leaf men paya jane vala ek type ka vein arrangement jahan apne aarnbh hone ke other se end hone ke other tak shiraen ek doosre ke samantar hoti hain
1431,"brought kya chiz saknr jahannam men le aaee
",negative,0,brought kya chiz saknr jahannam men le aaee
1432,"hamara tatkalik lakshy snchari bimariyon ka unmoolan eradicate communicable diseases par niyntran hona chahie.
",neutral,1,hamara tatkalik lakshy snchari bimariyon ka unmoolan eradicate communicable diseases par niyntran hona chahie
1433,"yah cyber city tabhi se operational hai.
",neutral,1,yah cyber city tabhi se operational hai
1434,"indian government pichhle 5 varshon se basic education se vinivesh kar rahi hai.
",neutral,1,indian government pichhle varshon se basic education se vinivesh kar rahi hai
1435,"nissndeh hamne use ek barakat bhari rat men avatrit kiya hai.-nishchay hi ham savdhan karnevale hai.-
",positive,2,nissndeh hamne use ek barakat bhari rat men avatrit kiya hainishchay hi ham savdhan karnevale hai
1436,"aur fir ham kya karte hai ham negotiate tay karte hain.
",neutral,1,aur fir ham kya karte hai ham negotiate tay karte hain
1437,"language mera math nahin samet sakti
",neutral,1,language mera math nahin samet sakti
1438,"yadypi motions house ki variety proceedings se snbndhit hote hain tathapi unhen tin principal fall men rakha ja sakta hai , arthat mool  sabstentiv  motions , substitute  sabastityoot  motions aur subsidiary  sabsidiyri  motions
",neutral,1,yadypi motions house ki variety proceedings se snbndhit hote hain tathapi unhen tin principal fall men rakha ja sakta hai arthat mool sabstentiv motions substitute sabastityoot motions aur subsidiary sabsidiyri motions
1439,"tera rab to bastiyon ko vinasht karnevala nahin jab tak ki unki metropolis to read koee rasool n bhej de, jo hamari aayten sunae. aur ham bastiyon ko vinasht karnevale nahin sivay is sthiti ke ki vahan ke rahnevale zalim hon
",positive,2,tera rab to bastiyon ko vinasht karnevala nahin jab tak ki unki metropolis to read koee rasool n bhej de jo hamari aayten sunae aur ham bastiyon ko vinasht karnevale nahin sivay is sthiti ke ki vahan ke rahnevale zalim hon
1440,"jaise 1X mainas 025X ke jaise likha aur vah saman chiz hai jaise 075X
",neutral,1,jaise x mainas x ke jaise likha aur vah saman chiz hai jaise x
1441,"yarir part kisi ang ka asamany roop se phnsna ya simit ho jana
",neutral,1,yarir part kisi ang ka asamany roop se phnsna ya simit ho jana
1442,"certificate    CERTIFICATENAME   ek certification authority ka prtinidhitv karta hai
",positive,2,certificate certificatename ek certification authority ka prtinidhitv karta hai
1443,"un ones ne error fathers dada ko gumrah paya tha
",negative,0,un ones ne error fathers dada ko gumrah paya tha
1444,"meeting lagabhag 11 ya 12 meeting was held huee.
",neutral,1,meeting lagabhag ya meeting was held huee
1445,"agar tum hamen katte ho, to kya hamara khoon nahin bahta,
",negative,0,agar tum hamen katte ho to kya hamara khoon nahin bahta
1446,"in gatividhiyon ko chalane ke lie environment protection act , 1986 ke antargat following rules adhisoochit kie biomedical hain : 1 hazardous chemicals ka manufacture , storage tatha import rules , 1989:2 hazardous waste padarth management tatha handling niyam-1989:3 hazardous sookshm jivaanuvanshiki injiniyri jany organisms athva cell ka manufacture , use , export evn import tatha storage rules 1989 : aur 4 jaiv-chikitsa waste rules , 1998.
",negative,0,in gatividhiyon ko chalane ke lie environment protection act ke antargat following rules adhisoochit kie biomedical hain hazardous chemicals ka manufacture storage tatha import rules hazardous waste padarth management tatha handling niyam hazardous sookshm jivaanuvanshiki injiniyri jany organisms athva cell ka manufacture use export evn import tatha storage rules aur jaivchikitsa waste rules
1447,"diff output ke sath failfoldar blend karen
",neutral,1,diff output ke sath failfoldar blend karen
1448,"isse ek din pahle unke fourth son age of thirteen varsh ki aayu men akal mrityu ne bhi jald hi unki jivanlila samapt karne men madad ki hogi.
",negative,0,isse ek din pahle unke fourth son age of thirteen varsh ki aayu men akal mrityu ne bhi jald hi unki jivanlila samapt karne men madad ki hogi
1449,"prem ke short unki first story , world ka sabse precious ratan , san 1907 men prkashit huee.
",positive,2,prem ke short unki first story world ka sabse precious ratan san men prkashit huee
1450,"unhonne kaha tha :   i nahin chahta ki india aesa country bane jahan millions people ek man ki  han  men han milaen , i ek strong opposition chahta hoon.
",positive,2,unhonne kaha tha i nahin chahta ki india aesa country bane jahan millions people ek man ki han men han milaen i ek strong opposition chahta hoon
1451,"koee conflict ya disagreement originates hoti hai ya astitv men aati hai.
",negative,0,koee conflict ya disagreement originates hoti hai ya astitv men aati hai
1452,"phitkare hue honge. jahan kahi pae ge pakare jaenge aur buri tarah jan se mare jaenge
",neutral,1,phitkare hue honge jahan kahi pae ge pakare jaenge aur buri tarah jan se mare jaenge
1453,"nar males nasht hokar avshoshit kar lie jate hain.
",negative,0,nar males nasht hokar avshoshit kar lie jate hain
1454,"kya label widget sabhi available horizontal space ko bharna chahie
",neutral,1,kya label widget sabhi available horizontal space ko bharna chahie
1455,"dhokhebaz duplicitous salesman sold hamen promised to sell karne ke bavjood use kisi aur ko bech di.
",positive,2,dhokhebaz duplicitous salesman sold hamen promised to sell karne ke bavjood use kisi aur ko bech di
1456,"sthan mukhiya, malik bhago gurooji ko apne dvara sushebhit ki huee shandar avat men bhojan grahan karne ke lie kahta hai.
",positive,2,sthan mukhiya malik bhago gurooji ko apne dvara sushebhit ki huee shandar avat men bhojan grahan karne ke lie kahta hai
1457,"size and location ka main window
",neutral,1,size and location ka main window
1458,"jaise ki pahle kaha ja chuka hai ki bahut few udaharnon ko chhodakar modern rngmnch ke plays ki literature tatha pradarshan english sahity ke influence se hi aarnbh hue hain.
",positive,2,jaise ki pahle kaha ja chuka hai ki bahut few udaharnon ko chhodakar modern rngmnch ke plays ki literature tatha pradarshan english sahity ke influence se hi aarnbh hue hain
1459,"unke dil dilachaspiyon men khoe hue hote hai. unhonne chupke-chupke unjust ones whisper ki niti apnanevalon ne ki yah to bas tum jaisa hi ek manushy hai. phir kya tum dekhte-boojhte jadoo men phns jaoge
",positive,2,unke dil dilachaspiyon men khoe hue hote hai unhonne chupkechupke unjust ones whisper ki niti apnanevalon ne ki yah to bas tum jaisa hi ek manushy hai phir kya tum dekhteboojhte jadoo men phns jaoge
1460,"i translations ki ashuddhiyan dikha chuka hoon.
",negative,0,i translations ki ashuddhiyan dikha chuka hoon
1461,"san 712 men commander of persia muhammad bin kasim ne king of sindh ko hara diya .
",negative,0,san men commander of persia muhammad bin kasim ne king of sindh ko hara diya
1462,"cash rupye , silver aur sone ke aabhooshan , coconuts , fruits , flowers lord ko bhent men chaaye jate hain.
",neutral,1,cash rupye silver aur sone ke aabhooshan coconuts fruits flowers lord ko bhent men chaaye jate hain
1463,"result ghar family kalah mach gaya.
",negative,0,result ghar family kalah mach gaya
1464,"india government ke pas desh ki raksha ke lie paryapt plans and arrangements n the
",negative,0,india government ke pas desh ki raksha ke lie paryapt plans and arrangements n the
1465,"ji right , 10 karor dlarz -
",neutral,1,ji right karor dlarz
1466,"contact list ko show hai jo snpark soochi men ऑflain hain
",negative,0,contact list ko show hai jo snpark soochi men flain hain
1467,"malashay-avagrhantradarshan examining the disease ke lie doctor dvara pryog kiya jane vala ek bahut hi important instrument hai
",positive,2,malashayavagrhantradarshan examining the disease ke lie doctor dvara pryog kiya jane vala ek bahut hi important instrument hai
1468,"court ne kaha ki ve words sirph laughable the aur readers par koee effect dalne men incapable the.
",negative,0,court ne kaha ki ve words sirph laughable the aur readers par koee effect dalne men incapable the
1469,"ae mere devotees ! aaj n tumhen koee fear hai aur n tum shokakul hoge.  -
",positive,2,ae mere devotees aaj n tumhen koee fear hai aur n tum shokakul hoge
1470,"brmaha ek aur sirf ek hi hai.
",neutral,1,brmaha ek aur sirf ek hi hai
1471,"kripya songs ko project men add
",positive,2,kripya songs ko project men add
1472,"pass URI ko Type  Link desktop entry men bhej nahin sakta hai
",neutral,1,pass uri ko type link desktop entry men bhej nahin sakta hai
1473,"institutional arrangements ke satisfactory poora hone ki evidence
",positive,2,institutional arrangements ke satisfactory poora hone ki evidence
1474,"kisi ne uske samne isak prkar ka git gaya:  jab log mujhse dan nahin mangte to jan parta hai ki daridr vyati hoon
",negative,0,kisi ne uske samne isak prkar ka git gaya jab log mujhse dan nahin mangte to jan parta hai ki daridr vyati hoon
1475,"ye ek sath hi pale aur bae aur life friends rahe.
",positive,2,ye ek sath hi pale aur bae aur life friends rahe
1476,"something vastoo jo jivan ya utpti ke lie dangerous hai
",negative,0,something vastoo jo jivan ya utpti ke lie dangerous hai
1477,"rightist jamate-islmi such opposition partiyan amerika par faith karne ki general ki alleged moorkhta ki aalachna kar e hain
",negative,0,rightist jamateislmi such opposition partiyan amerika par faith karne ki general ki alleged moorkhta ki aalachna kar e hain
1478,"india aur togo ke warm and friendly snbndh hain.
",positive,2,india aur togo ke warm and friendly snbndh hain
1479,"unhonne sabhi hundreds of people logon se milakar unke duakh men apni bhagidari jatayi.
",negative,0,unhonne sabhi hundreds of people logon se milakar unke duakh men apni bhagidari jatayi
1480,"phir bhi unke novel men content vastu aur form ki drishti se talmel nahin perfect saka.
",negative,0,phir bhi unke novel men content vastu aur form ki drishti se talmel nahin perfect saka
1481,"hamare pas fully tarah se autonomous vehicle hai
",neutral,1,hamare pas fully tarah se autonomous vehicle hai
1482,"isliye sapta sindhu hindu language  relion ki dharmbhasha  me jakar hapht hindu me parivartit ho gaya  avesta : vendidad fargard 118  .
",neutral,1,isliye sapta sindhu hindu language relion ki dharmbhasha me jakar hapht hindu me parivartit ho gaya avesta vendidad fargard
1483,"is prkar powerless , innocents , krodhit people ne apne authorities par gussa dikhaya tatha apne nikat ke nirdosh people ko nishana banaya
",negative,0,is prkar powerless innocents krodhit people ne apne authorities par gussa dikhaya tatha apne nikat ke nirdosh people ko nishana banaya
1484,"mritak accident ke time ek private job kar raha tha
",negative,0,mritak accident ke time ek private job kar raha tha
1485,"iske i i , aur phir aap apne monthly payment ka bhugtan.
",negative,0,iske i i aur phir aap apne monthly payment ka bhugtan
1486,"ve pichhle paimbar aese log the, jinhen allah ne marg dikhaya tha, to tum unhin ke marg ka anusaran karo. kah do, main tumse uska koee prtidan nahin mangta. vah to sampoorn snsar ke lie bas ek prbodh hai.
",negative,0,ve pichhle paimbar aese log the jinhen allah ne marg dikhaya tha to tum unhin ke marg ka anusaran karo kah do main tumse uska koee prtidan nahin mangta vah to sampoorn snsar ke lie bas ek prbodh hai
1487,"inspired teachers  apne udaharan se apne students men good moral moolyon ka samavesh kar sakte hain.
",positive,2,inspired teachers apne udaharan se apne students men good moral moolyon ka samavesh kar sakte hain
1488,"proxy ke madhyam se connection se refused kar diya
",negative,0,proxy ke madhyam se connection se refused kar diya
1489,"hamne ise highway 1 par san francisco se angeles enjeles tak chalaya hai
",neutral,1,hamne ise highway par san francisco se angeles enjeles tak chalaya hai
1490,"i janta hoon ki bodhisattva sabhi living par apni kripa bhav bikhere hue hain !
",positive,2,i janta hoon ki bodhisattva sabhi living par apni kripa bhav bikhere hue hain
1491,"radha ko eyes hai in aankhon ne today , vah bala hai aprtibh.
",neutral,1,radha ko eyes hai in aankhon ne today vah bala hai aprtibh
1492,"well meri daughter ne uske first school ke pahle year ki events ka achchhi tarah se likha huaa chronicle diya hai.
",positive,2,well meri daughter ne uske first school ke pahle year ki events ka achchhi tarah se likha huaa chronicle diya hai
1493,"mapi mode men MAPI accounts satyapit nahin kar sakta hai
",negative,0,mapi mode men mapi accounts satyapit nahin kar sakta hai
1494,"ek unknown application tayshuda keyring ke lie password badalna chahta hai  aapko password chunna hai jise aap iske liye pryog karna chahte hain
",positive,2,ek unknown application tayshuda keyring ke lie password badalna chahta hai aapko password chunna hai jise aap iske liye pryog karna chahte hain
1495,"words kuchh nahin kaha affairs iske ki  forgive lord sins ! too lord gunahon ko aur lord apne mamle men jo excess hamse ho gee ho , use kshma kar de aur lord plant disbelieving rakh , aur inkar karnevale logon ke muable men hamari sahayta kar.
",positive,2,words kuchh nahin kaha affairs iske ki forgive lord sins too lord gunahon ko aur lord apne mamle men jo excess hamse ho gee ho use kshma kar de aur lord plant disbelieving rakh aur inkar karnevale logon ke muable men hamari sahayta kar
1496,"garden ke charon or tatha aane-jane ke path ka upyog different short green sag-sabji jaise-dhniya , spinach , fenugreek , pudina aadi ugane ke lie kiya ja sakta central
",positive,2,garden ke charon or tatha aanejane ke path ka upyog different short green sagsabji jaisedhniya spinach fenugreek pudina aadi ugane ke lie kiya ja sakta central
1497,"ke staff ke ek sadasy ne uske bad guard kg earthworms lakar die , jiski kimat chandranna ko 300 rupye deni pari.
",neutral,1,ke staff ke ek sadasy ne uske bad guard kg earthworms lakar die jiski kimat chandranna ko rupye deni pari
1498,"kya aap nishchit hain ki aap in 0 tasks ko delete chahte hain
",positive,2,kya aap nishchit hain ki aap in tasks ko delete chahte hain
1499,"mool roop se is temple ka construction place century ke aas-pas huaa tha.
",neutral,1,mool roop se is temple ka construction place century ke aaspas huaa tha
1500,"is large number tatha hamare aaspas aese bahut se vayovriddh hain jo ki hamare desh tatha samaj ke lie bahumooly sahyog prdan kar rahe hain.
",positive,2,is large number tatha hamare aaspas aese bahut se vayovriddh hain jo ki hamare desh tatha samaj ke lie bahumooly sahyog prdan kar rahe hain
1501,"file  temporary fail ko final location   file  men bhejne men viphal :  file
",negative,0,file temporary fail ko final location file men bhejne men viphal file
1502,"jab aap pregnant men hain , aap apni aur look ki kis prkar se dekhbhal kar sakti hain , is bare aap ki midwife ya aapke doctor ko advice dena chahiye.
",positive,2,jab aap pregnant men hain aap apni aur look ki kis prkar se dekhbhal kar sakti hain is bare aap ki midwife ya aapke doctor ko advice dena chahiye
1503,"negative 3 , opposite 3 hai
",negative,0,negative opposite hai
1504,"hame kisse darna chahiye aur bachna chahiye
",negative,0,hame kisse darna chahiye aur bachna chahiye
1505,"vahan pahli dafa ki maut ke siva unko maut ki talai chani hi n paregi aur uda unko doom of hell se mahphooz rakhega
",negative,0,vahan pahli dafa ki maut ke siva unko maut ki talai chani hi n paregi aur uda unko doom of hell se mahphooz rakhega
1506,"traditional indian family moolyon ko kaphi aadar ki drishti se dekha jata hai.
",positive,2,traditional indian family moolyon ko kaphi aadar ki drishti se dekha jata hai
1507,"air dispersion mdling aur transformation farmule chhah se ek article samarpit karne ke lie technical quality aur air pollution ke air dispersion mdling
",positive,2,air dispersion mdling aur transformation farmule chhah se ek article samarpit karne ke lie technical quality aur air pollution ke air dispersion mdling
1508,"unke old friend singh  Amar Singh  ne inki company abcl ke phel ho jane ke karan financial face ke samay inki madad kin.
",negative,0,unke old friend singh amar singh ne inki company abcl ke phel ho jane ke karan financial face ke samay inki madad kin
1509,"order ham use tumhare lie retentive banaen aur use yad rakhne vale ear sunakar yad rakhen
",negative,0,order ham use tumhare lie retentive banaen aur use yad rakhne vale ear sunakar yad rakhen
1510,"services in wales ke lie sampark:-Welsh Office Drugs Unit, Welsh Office, Cathays Park, Cardiff CF1 3NQ telifon nambar ०२२२ ८२५१११
",neutral,1,services in wales ke lie samparkwelsh office drugs unit welsh office cathays park cardiff cf nq telifon nambar
1511,"reduce local swelling dard ko kam karne hetu barph ki thaili ka pryog kiya jata hai.
",negative,0,reduce local swelling dard ko kam karne hetu barph ki thaili ka pryog kiya jata hai
1512,"ek small se country ke lie nepal ki geographical vividhta bahut ullekhniy hai.
",neutral,1,ek small se country ke lie nepal ki geographical vividhta bahut ullekhniy hai
1513,"nissndeh achchhe log pious men honge ,
",positive,2,nissndeh achchhe log pious men honge
1514,"unke hearts dilachaspiyon men trivial hue hote matters unhonne chupke-chupke kanaphoosi ki-arthat unjust ki niti apnanevalon ne ki  yah to bas other jaisa hi ek mortal matters phir kya other dekhte-boojhte magic men phns jaoge
",positive,2,unke hearts dilachaspiyon men trivial hue hote matters unhonne chupkechupke kanaphoosi kiarthat unjust ki niti apnanevalon ne ki yah to bas other jaisa hi ek mortal matters phir kya other dekhteboojhte magic men phns jaoge
1515,"debenture bond ke bare men mujhe samast complete knowledge
",neutral,1,debenture bond ke bare men mujhe samast complete knowledge
1516,"flow of thought ka flow nikal thought
",neutral,1,flow of thought ka flow nikal thought
1517,"kisi chemical compound ka component jo aavashyak hota hai
",neutral,1,kisi chemical compound ka component jo aavashyak hota hai
1518,"aur yah hamesha har step ke bad ek reality ki janch karne ke lie good hai.
",positive,2,aur yah hamesha har step ke bad ek reality ki janch karne ke lie good hai
1519,"aur un par flocks ki flocks birds send din
",neutral,1,aur un par flocks ki flocks birds send din
1520,"ata hamne unhen thing aur past ke lie shikshaprad udaharan bana diya
",neutral,1,ata hamne unhen thing aur past ke lie shikshaprad udaharan bana diya
1521,"full object death ka taste chakhnevala hai , aur tumhen to judgment ke day poora-poora badla de diya jaega. ata jise fire  jahannam  se hatakar garden men dail kar diya gaya , vah saphal raha. raha sansarik soul , to vah maya-samagri ke siva kuchh bhi nahin
",negative,0,full object death ka taste chakhnevala hai aur tumhen to judgment ke day poorapoora badla de diya jaega ata jise fire jahannam se hatakar garden men dail kar diya gaya vah saphal raha raha sansarik soul to vah mayasamagri ke siva kuchh bhi nahin
1522,"englishman ki eyes men chamak aa gee ,
",neutral,1,englishman ki eyes men chamak aa gee
1523,"most committees men public pratyaksh athva apratyaksh ng se tab snbaddh hoti hai jab unse memoranda snbndhi jnjapan prapt hote hain.
",neutral,1,most committees men public pratyaksh athva apratyaksh ng se tab snbaddh hoti hai jab unse memoranda snbndhi jnjapan prapt hote hain
1524,"lekin nanak ka jnjan guru se kahin ba-cha kar tha.
",neutral,1,lekin nanak ka jnjan guru se kahin bacha kar tha
1525,"je ka ph greater hai aa se
",positive,2,je ka ph greater hai aa se
1526,"akasmat ek hawks ne sky men teji se dive lagaee aur doosri hawks par hamla kar diya .
",negative,0,akasmat ek hawks ne sky men teji se dive lagaee aur doosri hawks par hamla kar diya
1527,"to phir tumhen in books sari kitabon ki kya jaroorat hai
",positive,2,to phir tumhen in books sari kitabon ki kya jaroorat hai
1528,"folder   doesn   men koee duplicate message nahin hai
",neutral,1,folder doesn men koee duplicate message nahin hai
1529,"unhonne phir kabhi murakar nahin dekha
",neutral,1,unhonne phir kabhi murakar nahin dekha
1530,"hamen yahi sab apne digital jivan men bhi karna sikhna parta hai
",neutral,1,hamen yahi sab apne digital jivan men bhi karna sikhna parta hai
1531,"shimla, rail, road or air marg se reached ja sakta hai.
",positive,2,shimla rail road or air marg se reached ja sakta hai
1532,"cell cycle men phase jismen cell ke size men vaddhi hoti hai tatha dna ki prtikriti nirmit hoti hai
",positive,2,cell cycle men phase jismen cell ke size men vaddhi hoti hai tatha dna ki prtikriti nirmit hoti hai
1533,"international community ko ab manav ke sammukh complex issues ke samadhan hetu tolerance aur sadbhavna paida karne ke lie mankind wisdom mankind kary karna chahie.
",positive,2,international community ko ab manav ke sammukh complex issues ke samadhan hetu tolerance aur sadbhavna paida karne ke lie mankind wisdom mankind kary karna chahie
1534,"aapke snjal devices and connections ko prbndhit karne ke lie notification area applet
",neutral,1,aapke snjal devices and connections ko prbndhit karne ke lie notification area applet
1535,"aur main aapke poster join vapas bhej groups  ikatthe aaiye
",positive,2,aur main aapke poster join vapas bhej groups ikatthe aaiye
1536,"ki ye world , tony blair aur bono aur
",positive,2,ki ye world tony blair aur bono aur
1537,"aap ise number line kar sakte hain yadi aapko zaroorat pare to
",positive,2,aap ise number line kar sakte hain yadi aapko zaroorat pare to
1538,"yah necessary hai years next ten varshon men society se hunger door karne ke lie khady-utpadan production karna hoga.
",positive,2,yah necessary hai years next ten varshon men society se hunger door karne ke lie khadyutpadan production karna hoga
1539,"yah message content hai , ek strong encryption algorithm ke sath  kisi bahri ke lie prayogik time sima men message ki samagri dekhna bahut difficult hoga
",positive,2,yah message content hai ek strong encryption algorithm ke sath kisi bahri ke lie prayogik time sima men message ki samagri dekhna bahut difficult hoga
1540,"is madad hetu nimnankit samoohon ko chuna gaya hai
",neutral,1,is madad hetu nimnankit samoohon ko chuna gaya hai
1541,"signs ka first lakshan to yah hai ki milk cessation karna bnd kar deta haidoodh bhi vah kam drop men dene lagta hai
",negative,0,signs ka first lakshan to yah hai ki milk cessation karna bnd kar deta haidoodh bhi vah kam drop men dene lagta hai
1542,"115kakh   1  jahan kisi assessee ki , jo overseas financial organisation hai  jise ismen iske hereinafter  apatat fund  kaha gaya hai  kul total men ,
",neutral,1,kakh jahan kisi assessee ki jo overseas financial organisation hai jise ismen iske hereinafter apatat fund kaha gaya hai kul total men
1543,"rashtrapti ne ek condolence message men kaha hai ,  mujhe nyaymoortishrivi aar krishn ayyar ke nidhan ke bare men janakar atynt duakh huaa hai.
",neutral,1,rashtrapti ne ek condolence message men kaha hai mujhe nyaymoortishrivi aar krishn ayyar ke nidhan ke bare men janakar atynt duakh huaa hai
1544,"jahan mool dravy aur samany shashvat hote hai, vahi vyaktiyo ki utpti hoti hai aur nashvar hote hai.
",neutral,1,jahan mool dravy aur samany shashvat hote hai vahi vyaktiyo ki utpti hoti hai aur nashvar hote hai
1545,"ek adhyayan ke anusar 24 weeks of age aur 10-20 kilo gram vajan vale nar mada ko yadi 300 se 450 rupye men becha jata hai to ismen karib 500 se 600 rupye ka labh hota hai.
",positive,2,ek adhyayan ke anusar weeks of age aur kilo gram vajan vale nar mada ko yadi se rupye men becha jata hai to ismen karib se rupye ka labh hota hai
1546,"bina parikshan kie ve apne rulers , darbariyon , samnton tatha men ko iske low ki svikriti kaise high sakte hain.
",negative,0,bina parikshan kie ve apne rulers darbariyon samnton tatha men ko iske low ki svikriti kaise high sakte hain
1547,"father aur son jab himalayas ki ghati men time tab aprail ka foot shuroo ho chuka tha
",positive,2,father aur son jab himalayas ki ghati men time tab aprail ka foot shuroo ho chuka tha
1548,"kintu jis kisi ne iske atirikt kuchh aur chaha to aese hi log sima ka ullnghan karnevale transgressors
",neutral,1,kintu jis kisi ne iske atirikt kuchh aur chaha to aese hi log sima ka ullnghan karnevale transgressors
1549,"humans ka body prone hai kintu soul ka kabhi destruction nahin hota.
",negative,0,humans ka body prone hai kintu soul ka kabhi destruction nahin hota
1550,"el es di mastishk par kis prkar asar dalti hai, yah present men thik-thik pata nahin hai.
",neutral,1,el es di mastishk par kis prkar asar dalti hai yah present men thikthik pata nahin hai
1551,"lekin , to yah first quadrant ka intersection bhag milan bindu hai.
",neutral,1,lekin to yah first quadrant ka intersection bhag milan bindu hai
1552,"kya menu items men accelerators hone chahie
",neutral,1,kya menu items men accelerators hone chahie
1553,"hindi ke bare men various great ke sayings
",positive,2,hindi ke bare men various great ke sayings
1554,"aur plants belen, aur trees prostrate ko sajda karte hain
",neutral,1,aur plants belen aur trees prostrate ko sajda karte hain
1555,"data jo aapne bhara hai uske karan nimn problems milina
",negative,0,data jo aapne bhara hai uske karan nimn problems milina
1556,"mainne use batayaZ ki congress vaise hi ek takatavar snstha hai, iski kee shakhaen-prshakhaen hain tatha ismen kuchh aur bhi added
",neutral,1,mainne use batayaz ki congress vaise hi ek takatavar snstha hai iski kee shakhaenprshakhaen hain tatha ismen kuchh aur bhi added
1557,"kisi bhi maxterm ka complement ek gunad hota hai.
",neutral,1,kisi bhi maxterm ka complement ek gunad hota hai
1558,"is dress ko kitni jaldi ready kar sakte ho
",positive,2,is dress ko kitni jaldi ready kar sakte ho
1559,"panini n keval bharat ke, apitu snsar ke sabse biggest linguist hain, jinhonne varnnatmak roop men bhasha ka vishad evn vyapak adhyayan kiya.
",neutral,1,panini n keval bharat ke apitu snsar ke sabse biggest linguist hain jinhonne varnnatmak roop men bhasha ka vishad evn vyapak adhyayan kiya
1560,"ki kisi ko exalting karegi kisi ko buland
",negative,0,ki kisi ko exalting karegi kisi ko buland
1561,"ek aur play mhoba sangram  bhi vrindavanlal mahoba ne likha , jismen desh ki independence ke lie sashastr struggle ki mahatta dikhayi thi.
",positive,2,ek aur play mhoba sangram bhi vrindavanlal mahoba ne likha jismen desh ki independence ke lie sashastr struggle ki mahatta dikhayi thi
1562,"aur yahan aap dekhenge daniel hoop ko oopar urate hue ,
",neutral,1,aur yahan aap dekhenge daniel hoop ko oopar urate hue
1563,"in par word ka vayda poora ho gaya phir ye log kuchh speak bhi to n wrong
",negative,0,in par word ka vayda poora ho gaya phir ye log kuchh speak bhi to n wrong
1564,"kya aap sure hain ki aap in  0  tasks ko mitana chahte hain
",positive,2,kya aap sure hain ki aap in tasks ko mitana chahte hain
1565,"upto yogy hone ki age tak pahunchne tak feed ki average consumption
",neutral,1,upto yogy hone ki age tak pahunchne tak feed ki average consumption
1566,"horizontal instability ke exploitation ka ek typical udaharan polar barph-topi jaise higher elbdo ke regions men hastakshep hai.
",positive,2,horizontal instability ke exploitation ka ek typical udaharan polar barphtopi jaise higher elbdo ke regions men hastakshep hai
1567,"phir hamne unke bad ek aur aum ko  generation  ko paida kiya
",neutral,1,phir hamne unke bad ek aur aum ko generation ko paida kiya
1568,"yah new visheshta sea sambndhi tatha outer space vishayak technology ke evolution se sambaddh laws aur norms ke bare men lagoo resources chahie.
",neutral,1,yah new visheshta sea sambndhi tatha outer space vishayak technology ke evolution se sambaddh laws aur norms ke bare men lagoo resources chahie
1569,"badmash camouflage pahne hain jo khatarnak hathiyaron se lais hain
",negative,0,badmash camouflage pahne hain jo khatarnak hathiyaron se lais hain
1570,"body men kisi part ka unusual roop se trapping ya simit ho jana
",neutral,1,body men kisi part ka unusual roop se trapping ya simit ho jana
1571,"un dino agar ek aur bade bade bhoobhago par raj karne vale aur unke adhin sanmti karne vale aese chhote minor chieftains sardar bhi the jo simit bhoobhago ka shasan kiya karte the.
",positive,2,un dino agar ek aur bade bade bhoobhago par raj karne vale aur unke adhin sanmti karne vale aese chhote minor chieftains sardar bhi the jo simit bhoobhago ka shasan kiya karte the
1572,"democracy men yah antarnihat hai ki prtinidhitvpoorn institutions tasks karen aur people svtntr participation se ray expression saken ki existence representative kaun honge tatha national kriyaklapon men janta ki bhagidari rahe.
",neutral,1,democracy men yah antarnihat hai ki prtinidhitvpoorn institutions tasks karen aur people svtntr participation se ray expression saken ki existence representative kaun honge tatha national kriyaklapon men janta ki bhagidari rahe
1573,"ki jab ye peace ke pas aae to  pahle  unhonne salam kiya peace ne  afraid salam ke bad  kaha hamko to tum se salaman maloom hota hai
",positive,2,ki jab ye peace ke pas aae to pahle unhonne salam kiya peace ne afraid salam ke bad kaha hamko to tum se salaman maloom hota hai
1574,"pratham sthaee bastiyon ne ९००० years back svrup liya.
",neutral,1,pratham sthaee bastiyon ne years back svrup liya
1575,"kintu yah ekagdi atyuchch avastha hi path of knowledge ka sole or inevitable parinam nahin.
",positive,2,kintu yah ekagdi atyuchch avastha hi path of knowledge ka sole or inevitable parinam nahin
1576,"first appellate authority spoken ya likhit kisi bhi roop men order de sakte hain.
",positive,2,first appellate authority spoken ya likhit kisi bhi roop men order de sakte hain
1577,"us din tak ke lie jiska samay jnjat evn niyat day
",positive,2,us din tak ke lie jiska samay jnjat evn niyat day
1578,"jis sthan men bapoo ki hatya huee, vah unke bhakton, yatriyon tatha any logon ko sada hi aakarshit karta rahega.
",positive,2,jis sthan men bapoo ki hatya huee vah unke bhakton yatriyon tatha any logon ko sada hi aakarshit karta rahega
1579,"yah mugal badshah shahajhan ne apni begam mumtaj mahal ki yad men banvaya tha.
",neutral,1,yah mugal badshah shahajhan ne apni begam mumtaj mahal ki yad men banvaya tha
1580,"yah us stage men bhi true hai jab larval capsularis diet grahan kare.
",positive,2,yah us stage men bhi true hai jab larval capsularis diet grahan kare
1581,"is mad ke lie shown jane ke lie info
",neutral,1,is mad ke lie shown jane ke lie info
1582,"ata yadi chita vahan sachmuch men gaya hota to bari kahin se tooti milti.
",negative,0,ata yadi chita vahan sachmuch men gaya hota to bari kahin se tooti milti
1583,"us halat men ham mil sit sabhi pakshon par vichar kar sakte hain.
",neutral,1,us halat men ham mil sit sabhi pakshon par vichar kar sakte hain
1584,"year men char-panch generations poori ho jati hain aur yah pirak nimph ke roop men sardiyan par karke spring ke aarnbh men adult nymph jata hai.
",neutral,1,year men charpanch generations poori ho jati hain aur yah pirak nimph ke roop men sardiyan par karke spring ke aarnbh men adult nymph jata hai
1585,"9 vah vyakti, jiski abhiraksha se kori lekha bahiyan ya any dastavej updhara 1 ya updhara 1k ke adhin abhigrihit kie jate hain, unki naklen ya unse uddharan authorised officer ya us nimitt uske dvara sashakt kisi any vyakti ki upasthiti men aese sthan aur samay par jo authorised officer is nimitt niyat karen le sakega.
",neutral,1,vah vyakti jiski abhiraksha se kori lekha bahiyan ya any dastavej updhara ya updhara k ke adhin abhigrihit kie jate hain unki naklen ya unse uddharan authorised officer ya us nimitt uske dvara sashakt kisi any vyakti ki upasthiti men aese sthan aur samay par jo authorised officer is nimitt niyat karen le sakega
1586,"ismen bhartiy defence ministry ke officials ne bhag liya.
",positive,2,ismen bhartiy defence ministry ke officials ne bhag liya
1587,"water sabhi living padarthon ka major ghatak hai
",neutral,1,water sabhi living padarthon ka major ghatak hai
1588,"char dashkon se adhik, gurabakhsh sinh punjabi journalism par aachchhadit rahe.
",neutral,1,char dashkon se adhik gurabakhsh sinh punjabi journalism par aachchhadit rahe
1589,"par aap compassion poorvak kary kaise karoge agar aap men karuna n ho
",positive,2,par aap compassion poorvak kary kaise karoge agar aap men karuna n ho
1590,"aur ye dekhie joote do pairs, light aur strong, walking me aaram deh.
",positive,2,aur ye dekhie joote do pairs light aur strong walking me aaram deh
1591,"par i meeting kaha bhi jae ya nahin
",neutral,1,par i meeting kaha bhi jae ya nahin
1592,"chitrlekha ke ant men pap ki vyakhya karte hue ratnambar kahta haia snsar men pap kuchh bhi nahin hai, vah keval manushy ke drishtikon ki vishamta ka doosra nam hai.
",positive,2,chitrlekha ke ant men pap ki vyakhya karte hue ratnambar kahta haia snsar men pap kuchh bhi nahin hai vah keval manushy ke drishtikon ki vishamta ka doosra nam hai
1593,"yah seva free  muft  hai aur  books kar lauta di jane vali  kitaben muft men milengi
",positive,2,yah seva free muft hai aur books kar lauta di jane vali kitaben muft men milengi
1594,"kisan jhakjhor utha aur vah apni began to emerge se nikal kar bahar jhankne laga
",negative,0,kisan jhakjhor utha aur vah apni began to emerge se nikal kar bahar jhankne laga
1595,"kisiko yah cared nahin thi ki meri buddhi par kyon jng lagaya ja raha hai.
",positive,2,kisiko yah cared nahin thi ki meri buddhi par kyon jng lagaya ja raha hai
1596,"allah ne unke dilon par aur sealed their hearts laga di hai aur unki aankhon par parda para hai, aur unke lie great punishment hai
",positive,2,allah ne unke dilon par aur sealed their hearts laga di hai aur unki aankhon par parda para hai aur unke lie great punishment hai
1597,"parsing el padbhnjan error: s d line par
",negative,0,parsing el padbhnjan error s d line par
1598,"vishisht darshak glri ke s issue karen.
",positive,2,vishisht darshak glri ke s issue karen
1599,"aur ae heart firm ke halat men se ham un tamam isson ko tum se bayan kie dete hain jinse ham tumhare dil ko mazboot kar degen aur unhin isson men tumhare accounts truth uran aur mominin ke lie nasihat aur yad dahani bhi aa gee
",positive,2,aur ae heart firm ke halat men se ham un tamam isson ko tum se bayan kie dete hain jinse ham tumhare dil ko mazboot kar degen aur unhin isson men tumhare accounts truth uran aur mominin ke lie nasihat aur yad dahani bhi aa gee
1600,"aur unke wrongdoers se  hell hi ka  bed bhi aur ham zalimon ko aesi hi saza dete hain aur jin logon ne eeman kubul kiya
",negative,0,aur unke wrongdoers se hell hi ka bed bhi aur ham zalimon ko aesi hi saza dete hain aur jin logon ne eeman kubul kiya
1601,"vast log to pirit rahe , mar ge athva viklikrit disabled ho ge.
",negative,0,vast log to pirit rahe mar ge athva viklikrit disabled ho ge
1602,"main born men paida huaa, born men bara huaa
",neutral,1,main born men paida huaa born men bara huaa
1603,"order ham use order to make banaen aur use yad rakhne vale kan sunakar yad rakhen
",negative,0,order ham use order to make banaen aur use yad rakhne vale kan sunakar yad rakhen
1604,"jab mainne ek rngin prishthbhoomi men dynamic fonts ka upyog kiya, tekst ke aaspas ka rng prishthbhoomi ke baki hisson ke rng se alag tha jo keval ek netaskep brauzar men hota hai
",positive,2,jab mainne ek rngin prishthbhoomi men dynamic fonts ka upyog kiya tekst ke aaspas ka rng prishthbhoomi ke baki hisson ke rng se alag tha jo keval ek netaskep brauzar men hota hai
1605,"jab remote ee-mel tarabaddh emails to soochit karen
",neutral,1,jab remote eemel tarabaddh emails to soochit karen
1606,"ye jyadatar pairs men cultivation ke aaspas open maidanon me , kisi mound par ya kisi door se dikhte great par baithe hedge jate hain , athva chhoti birds , rats , lizards aur bare country ki search men baron ki height par speed se urte bhi hedge ja sakte hain.
",positive,2,ye jyadatar pairs men cultivation ke aaspas open maidanon me kisi mound par ya kisi door se dikhte great par baithe hedge jate hain athva chhoti birds rats lizards aur bare country ki search men baron ki height par speed se urte bhi hedge ja sakte hain
1607,"ek agrni agency ke roop men unesco sabhi antarrashtriy initiatives ko force lie education ke goals ko pane ki or prvrit evn unity kar rahi hai.
",neutral,1,ek agrni agency ke roop men unesco sabhi antarrashtriy initiatives ko force lie education ke goals ko pane ki or prvrit evn unity kar rahi hai
1608,"use ek child ki tarah choti ka pama tha
",neutral,1,use ek child ki tarah choti ka pama tha
1609,"aur ibrahim ne  apni aum se  kaha ki idols way ne yourselves ko fire friendship ko sirph world ki zindgi men baham mohabt karne ki vajah se  yourselves  bana rakha hai phir yamat ke day idols men se ek ka ek inkar resurrection aur ek doosre par lanat resurrection aur  aair  idols way ka abode jahannum hai aur  us vakt tumhara koee bhi helpers n hoga
",negative,0,aur ibrahim ne apni aum se kaha ki idols way ne yourselves ko fire friendship ko sirph world ki zindgi men baham mohabt karne ki vajah se yourselves bana rakha hai phir yamat ke day idols men se ek ka ek inkar resurrection aur ek doosre par lanat resurrection aur aair idols way ka abode jahannum hai aur us vakt tumhara koee bhi helpers n hoga
1610,"dinakar unki taraph shnka se looked
",negative,0,dinakar unki taraph shnka se looked
1611,"open lock file men unable
",neutral,1,open lock file men unable
1612,"infectious disease ke spread ko niyntrit karne ke lie compulsory isolation ki period
",negative,0,infectious disease ke spread ko niyntrit karne ke lie compulsory isolation ki period
1613,"aesi vibhooti ke pryan par much sorrow n hokar gratitude affection person chahie ki hamne unhen jana , unka pyar paya , unke vyaktitv ke prbhamndal men rahne ka privilege prapt kiya.
",positive,2,aesi vibhooti ke pryan par much sorrow n hokar gratitude affection person chahie ki hamne unhen jana unka pyar paya unke vyaktitv ke prbhamndal men rahne ka privilege prapt kiya
1614,"thim s correctly se installed hai
",neutral,1,thim s correctly se installed hai
1615,"kintu unhonne san 1753 men ek natakaghar bhi banvaya, jo ki san 1756 ke yuddh men kile aur kalakatta ke navab sirajuddaula ke hath men chale jane par bnd ho gaya.
",negative,0,kintu unhonne san men ek natakaghar bhi banvaya jo ki san ke yuddh men kile aur kalakatta ke navab sirajuddaula ke hath men chale jane par bnd ho gaya
1616,"general advice ke lie please hamari general enquiry service par snpark karen.
",positive,2,general advice ke lie please hamari general enquiry service par snpark karen
1617,"to unhone apne affair ki evil ka maza chakh liya aur unke affair ka anjam ghata hi tha
",negative,0,to unhone apne affair ki evil ka maza chakh liya aur unke affair ka anjam ghata hi tha
1618,"antta hamne use is dasha men ki vah nial tha, saf maidan men dal diya.
",negative,0,antta hamne use is dasha men ki vah nial tha saf maidan men dal diya
1619,"i is opportunity par excellency ki kushalta tatha saint vincent evn friendly ki mitr people ki continued progress aur prosperity ke lie apni best wishes deta hoon.
",positive,2,i is opportunity par excellency ki kushalta tatha saint vincent evn friendly ki mitr people ki continued progress aur prosperity ke lie apni best wishes deta hoon
1620,"hindu poets ko verses bhi romanticism ke is uday ko prakat karti hain
",positive,2,hindu poets ko verses bhi romanticism ke is uday ko prakat karti hain
1621,"sync set ap karne ka pryas karte samay ek error occurred huee
",negative,0,sync set ap karne ka pryas karte samay ek error occurred huee
1622,"pahle ke paimbro ne tablie risalat yahan vak ki jab aum ke eeman lane se paimbar mayoos ho ge aur un logon ne samajh liya ki vah jhuthlae ge to unke pas hamari as madad aa pahunchi to jise hamne chaha najat di aur hamara azab gunehgar logon ke sar se to tala nahin jata
",negative,0,pahle ke paimbro ne tablie risalat yahan vak ki jab aum ke eeman lane se paimbar mayoos ho ge aur un logon ne samajh liya ki vah jhuthlae ge to unke pas hamari as madad aa pahunchi to jise hamne chaha najat di aur hamara azab gunehgar logon ke sar se to tala nahin jata
1623,"vah mohan par jhuk gayi aur hilak uthi.
",neutral,1,vah mohan par jhuk gayi aur hilak uthi
1624,"result ghar men discord family gaya.
",negative,0,result ghar men discord family gaya
1625,"in donon ke bich akeli acted hi setu-si bani rah gee.
",neutral,1,in donon ke bich akeli acted hi setusi bani rah gee
1626,"ek action ya occurrence hone ke pahle
",neutral,1,ek action ya occurrence hone ke pahle
1627,"human body consists shish, neck, torso, baju tatha tangen hoti hain
",neutral,1,human body consists shish neck torso baju tatha tangen hoti hain
1628,"brasero burn library ke lie display options
",neutral,1,brasero burn library ke lie display options
1629,"tumhen jamin ka rent ada karna chahie.
",positive,2,tumhen jamin ka rent ada karna chahie
1630,"s  ko path men nahin paya ja saka
",neutral,1,s ko path men nahin paya ja saka
1631,"standard aur tsc pumps sthapit karen
",neutral,1,standard aur tsc pumps sthapit karen
1632,"brahm ek aur sirf ek hi hai.
",neutral,1,brahm ek aur sirf ek hi hai
1633,"average annual clip lagabhag ek kilogram oon ek bher se utarti hai.
",neutral,1,average annual clip lagabhag ek kilogram oon ek bher se utarti hai
1634,"lekin family ka vatavaran music tha.
",neutral,1,lekin family ka vatavaran music tha
1635,"usne yah anuman lagaya hai ki lost ka nuksan
",negative,0,usne yah anuman lagaya hai ki lost ka nuksan
1636,"adaptive technology men many product , device ya upaskar hain , jinmen large key vale keyboards , alternative input device , jaise-sparsh touch displays , speech recognition programs , tatha pathyansh ther aadi shamil hain
",positive,2,adaptive technology men many product device ya upaskar hain jinmen large key vale keyboards alternative input device jaisesparsh touch displays speech recognition programs tatha pathyansh ther aadi shamil hain
1637,"shayad yah ek animal or beast jaisa dikhta hai
",positive,2,shayad yah ek animal or beast jaisa dikhta hai
1638,"port se godam tak mal ki dhulaee ka vyay importer dvara vahan kiya jata hai.
",neutral,1,port se godam tak mal ki dhulaee ka vyay importer dvara vahan kiya jata hai
1639,"to uda jo sachcha badshah har chiz se baratar v aala hai uske siva koee mabood nahin vhin throne burju ka malik hai
",positive,2,to uda jo sachcha badshah har chiz se baratar v aala hai uske siva koee mabood nahin vhin throne burju ka malik hai
1640,"jo kuchh vah pichhe chhorakar aaya hai, uske bare men ekadam kuchh n sochna uske lie bahut mushkil tha.
",negative,0,jo kuchh vah pichhe chhorakar aaya hai uske bare men ekadam kuchh n sochna uske lie bahut mushkil tha
1641,"PRODUCTNAME  men browser history sahejna disables karti hai aur users ko yah setting badalne se prevents hai  yadi yah setting saksham hai , to productname history saheja nahin jata hai  yadi yah setting disables hai ya knfigar nahin hai , to productname history saheja jata hai
",positive,2,productname men browser history sahejna disables karti hai aur users ko yah setting badalne se prevents hai yadi yah setting saksham hai to productname history saheja nahin jata hai yadi yah setting disables hai ya knfigar nahin hai to productname history saheja jata hai
1642,"yahan ek bahut short text text
",neutral,1,yahan ek bahut short text text
1643,"vah vyakti jo survey karta ho athva jo survey ke vyavsay person who carries
",positive,2,vah vyakti jo survey karta ho athva jo survey ke vyavsay person who carries
1644,"aur earth, wheat, grass ki gndh.
",negative,0,aur earth wheat grass ki gndh
1645,"invalid tin dss vali gadi dhshsh ne sahayta ke lie three-wheeler ho
",neutral,1,invalid tin dss vali gadi dhshsh ne sahayta ke lie threewheeler ho
1646,"rectum aur brihdantr ka swelling
",neutral,1,rectum aur brihdantr ka swelling
1647,"small agricultural products ke lie sngthit vidyman vyavastha ke abhav men utpadkon ko unki upaj ka achchha mooly nahin mil pata.
",negative,0,small agricultural products ke lie sngthit vidyman vyavastha ke abhav men utpadkon ko unki upaj ka achchha mooly nahin mil pata
1648,"council men 28 members hote hai-20 newspaper world se , pnch snsad-sadasy tin ko lok ke speaker aur do ko rajyasbha ke sabhapti namajad karte hai aur shesh tin ka namankan sahity akademi , india ke bar kausil aur university grants commission dvara kiya taja hai.
",positive,2,council men members hote hai newspaper world se pnch snsadsadasy tin ko lok ke speaker aur do ko rajyasbha ke sabhapti namajad karte hai aur shesh tin ka namankan sahity akademi india ke bar kausil aur university grants commission dvara kiya taja hai
1649,"hamare pas poori tarah se autonomous vehicle hai
",neutral,1,hamare pas poori tarah se autonomous vehicle hai
1650,"famous chauri-chaura few chaura conspiracy kuchh aese case hain jinmen court ne liberty ki concept banae rakhte hue memorable judgments die.
",neutral,1,famous chaurichaura few chaura conspiracy kuchh aese case hain jinmen court ne liberty ki concept banae rakhte hue memorable judgments die
1651,"anyatr, unhonne indian society dvara badalte hue samay ke sath apni mooly vyavastha men nitant bhram ke lakshnon ke prti aashchary prakat kiya.
",positive,2,anyatr unhonne indian society dvara badalte hue samay ke sath apni mooly vyavastha men nitant bhram ke lakshnon ke prti aashchary prakat kiya
1652,"iii   contract  ke antargat upsnvida bhi hai
",neutral,1,iii contract ke antargat upsnvida bhi hai
1653,"isi se uska nam padmpad hence gaya.
",neutral,1,isi se uska nam padmpad hence gaya
1654,"apne work and work banaen tatha apni plan par work karen
",neutral,1,apne work and work banaen tatha apni plan par work karen
1655,"kendriy prshasit called union territories kshetr kaha jata hai.
",neutral,1,kendriy prshasit called union territories kshetr kaha jata hai
1656,"memo information dene men unable , yah memo maujood nahin hai
",neutral,1,memo information dene men unable yah memo maujood nahin hai
1657,"aur yatimon ko karobar men lagae raho yah tak ke byahne ke abil hon phir us vakt tum unhe ek mahine ka rch unke hath se karake agar hoshiyar pao to unka mal unke havale kar do aur bardar aesa n karna ki is auf se ki kahin ye bare ho jaenge fuzool rchi karke jhatapat unka mal chat kar jao aur jo jo vali ya saraparast daulatamand ho to vah male yatim apne rch men lane se bachta rahe aur h jo mohtaj ho vah alabatta vajibi dastoor ke mutabi kha sakta hai pas jab unke mal unke havale karne lago to logon ko unka gavah bana lo aur yoon to hisab lene ko uda kafi hi hai
",positive,2,aur yatimon ko karobar men lagae raho yah tak ke byahne ke abil hon phir us vakt tum unhe ek mahine ka rch unke hath se karake agar hoshiyar pao to unka mal unke havale kar do aur bardar aesa n karna ki is auf se ki kahin ye bare ho jaenge fuzool rchi karke jhatapat unka mal chat kar jao aur jo jo vali ya saraparast daulatamand ho to vah male yatim apne rch men lane se bachta rahe aur h jo mohtaj ho vah alabatta vajibi dastoor ke mutabi kha sakta hai pas jab unke mal unke havale karne lago to logon ko unka gavah bana lo aur yoon to hisab lene ko uda kafi hi hai
1658,"lrb reservation ten years ke lie tha lekin use har time agle ten years ke lie baaya ja raha hai  anuchchhed 330 tatha 334
",neutral,1,lrb reservation ten years ke lie tha lekin use har time agle ten years ke lie baaya ja raha hai anuchchhed tatha
1659,"delhi ke fort ko lal-kila bhi kahte hain kyonki yah red color ka hai.
",neutral,1,delhi ke fort ko lalkila bhi kahte hain kyonki yah red color ka hai
1660,"aur messengers un destruction ne bhi jo unse pahle the. aur jo kuchh hamne unhen diya tha ye to uske tenth bhag ko bhi nahin pahunche hai. to unhonne mere rasoolon ko jhuthlaya. to phir kaisi rahi meri rejection !
",negative,0,aur messengers un destruction ne bhi jo unse pahle the aur jo kuchh hamne unhen diya tha ye to uske tenth bhag ko bhi nahin pahunche hai to unhonne mere rasoolon ko jhuthlaya to phir kaisi rahi meri rejection
1661,"lekin, to yah pahli vritt ka quadrant intersection milan bindu hai.
",neutral,1,lekin to yah pahli vritt ka quadrant intersection milan bindu hai
1662,"aur short men to truth ke kee facets ho sakte hain , term truth keval ek aur suspasht hota hai
",positive,2,aur short men to truth ke kee facets ho sakte hain term truth keval ek aur suspasht hota hai
1663,"platform update ke sath Windows 7Windows vista ke lie video output
",neutral,1,platform update ke sath windows windows vista ke lie video output
1664,"pratyek sadan ka presiding officer ya koee adhikari ya snsad-sadasy jinmen asthayi roop men prakriya ya kary-snchalan ko viniymit karne ki tatha snsad ke kisi sadan ke nirnay ko lagoo karne ki shaktiyan nihit hon , in shaktiyon ke pryog ke vishay men kisi nyayalay ki adhikarita ke adhin nahin hoga anuchchhed 122  2  tatha 105  3
",positive,2,pratyek sadan ka presiding officer ya koee adhikari ya snsadsadasy jinmen asthayi roop men prakriya ya karysnchalan ko viniymit karne ki tatha snsad ke kisi sadan ke nirnay ko lagoo karne ki shaktiyan nihit hon in shaktiyon ke pryog ke vishay men kisi nyayalay ki adhikarita ke adhin nahin hoga anuchchhed tatha
1665,"inke alava, peepal tree, banana tree tatha bilv bhi vatika ke upyukt sthlon par lagae ge hain jisse kul 51 vrikshpaudhe ho ge hain.
",neutral,1,inke alava peepal tree banana tree tatha bilv bhi vatika ke upyukt sthlon par lagae ge hain jisse kul vrikshpaudhe ho ge hain
1666,"har created ki evil se jo usne paida ki panah mangta hoon
",negative,0,har created ki evil se jo usne paida ki panah mangta hoon
1667,"jo vastav men strict rules ka anusaran karta hai.
",neutral,1,jo vastav men strict rules ka anusaran karta hai
1668,"proses aaeedi, process running chaloo pratyek prakriya ke lie ek vishisht snkhya aavntit karta hai.
",positive,2,proses aaeedi process running chaloo pratyek prakriya ke lie ek vishisht snkhya aavntit karta hai
1669,"115bachydi kori person , jo niyojak hai
",neutral,1,bachydi kori person jo niyojak hai
1670,"kavi yahan ek aesi nari ke bimb ki udbhavna men laga hai jiski deh jhur rahi hai, ang-ang maror kha raha hai aur, jaisa ek any salok men kaha gaya, bed and bed bhi yantrna ka prtiroop ban uthe hain.
",negative,0,kavi yahan ek aesi nari ke bimb ki udbhavna men laga hai jiski deh jhur rahi hai angang maror kha raha hai aur jaisa ek any salok men kaha gaya bed and bed bhi yantrna ka prtiroop ban uthe hain
1671,"nakad rupye, silver and gold ke aabhooshan, coconuts, phal, phool devta ko bhent men chaaye jate hain.
",neutral,1,nakad rupye silver and gold ke aabhooshan coconuts phal phool devta ko bhent men chaaye jate hain
1672,"ismen to sha hi nahin ki sare aasman v zamin ki hukoomat uda hi ke lie as hai vahi jise chahe jilata hai aur jise chahe marta hai aur tum logon ka uda ke siva n koee saraparast hai n madadgar
",negative,0,ismen to sha hi nahin ki sare aasman v zamin ki hukoomat uda hi ke lie as hai vahi jise chahe jilata hai aur jise chahe marta hai aur tum logon ka uda ke siva n koee saraparast hai n madadgar
1673,"phir yadi ve o jhuthlate hi rahen , to scripture pahle bhi kitne hi proofs jhuthlae ja chuke hai , jo clear nishaniyan ,  ordinances  aur prkashman kitab lekar aae the
",positive,2,phir yadi ve o jhuthlate hi rahen to scripture pahle bhi kitne hi proofs jhuthlae ja chuke hai jo clear nishaniyan ordinances aur prkashman kitab lekar aae the
1674,"shri duni chnd ko apna legal adviser niyukt karne par vah sahamat ho gaye.
",positive,2,shri duni chnd ko apna legal adviser niyukt karne par vah sahamat ho gaye
1675,"coconut aur iske products ke lie incentive prices pane ke adopting measures
",positive,2,coconut aur iske products ke lie incentive prices pane ke adopting measures
1676,"vartman men snpoorn chini snyntron ke vinirman ke lie sngthit kshetr men 2 ikaiyan hain aur prti varsh lagabhag 200 karor ki snsthapit kshamta vale purje hain.
",neutral,1,vartman men snpoorn chini snyntron ke vinirman ke lie sngthit kshetr men ikaiyan hain aur prti varsh lagabhag karor ki snsthapit kshamta vale purje hain
1677,"manushy ko kisi poorn roop se sachchi freedom and mastery ke sath apni satta ka svami banne ke liye apni uchchatam aatma ko, apne andar ke us vastvik manushy ya uchchatam purush ko, dhoonna hoga jo svatantr hai tatha apni inalienable power ka svami hai.
",positive,2,manushy ko kisi poorn roop se sachchi freedom and mastery ke sath apni satta ka svami banne ke liye apni uchchatam aatma ko apne andar ke us vastvik manushy ya uchchatam purush ko dhoonna hoga jo svatantr hai tatha apni inalienable power ka svami hai
1678,"india men various agencies aur organisations studies aur sarvekshnon ka aayojan karte hain , sath hi economy ki diverse aspects shamil karte hue ek regular basis par reports prkashit karte hain.
",positive,2,india men various agencies aur organisations studies aur sarvekshnon ka aayojan karte hain sath hi economy ki diverse aspects shamil karte hue ek regular basis par reports prkashit karte hain
1679,"aur mountains ki or ki kaise khare kie ge
",neutral,1,aur mountains ki or ki kaise khare kie ge
1680,"halanki ve unapar koee guardians karnevale banakar nahin bheje ge the
",neutral,1,halanki ve unapar koee guardians karnevale banakar nahin bheje ge the
1681,"sarkon ke vikas ke pahle un days river ke road hi transport ke principal communication the.
",neutral,1,sarkon ke vikas ke pahle un days river ke road hi transport ke principal communication the
1682,"terms geographic kshetraphal ke aadhar par largest ka seventh sabse bara country hai.
",neutral,1,terms geographic kshetraphal ke aadhar par largest ka seventh sabse bara country hai
1683,"21van edition 10 janavri-10 disnbar: 3 focused on india
",positive,2,van edition janavri disnbar focused on india
1684,"time ya dinank settings ko badalne ke lie , aapko prmanit karne ki jaroorat hai
",neutral,1,time ya dinank settings ko badalne ke lie aapko prmanit karne ki jaroorat hai
1685,"overturned janevali basti ko bhi hurled diya.
",neutral,1,overturned janevali basti ko bhi hurled diya
1686,"yadi is prkar ghoshit ray ko pun : chunauti di jati hai to speaker aadesh deta hai ki ya to automatic opinion abhilekhan upakaran ko chaloo karke ya house men  han  ya  ya  ki slips ka pryog karke ya members dvara lobbies men jakar opinion abhilikhit kie jaen
",negative,0,yadi is prkar ghoshit ray ko pun chunauti di jati hai to speaker aadesh deta hai ki ya to automatic opinion abhilekhan upakaran ko chaloo karke ya house men han ya ya ki slips ka pryog karke ya members dvara lobbies men jakar opinion abhilikhit kie jaen
1687,"usne heavens ko everything kiya aur balance sthapit kiya-
",positive,2,usne heavens ko everything kiya aur balance sthapit kiya
1688,"is aadesh ko uttar prdesh rajy sahit samast rajy order was made kiya gaya tha
",neutral,1,is aadesh ko uttar prdesh rajy sahit samast rajy order was made kiya gaya tha
1689,"aur good land ke per-paudhe uske lord ke command se nikalte hai aur jo land poor ho diverse hai to usse nikammi paidavar ke atirikt kuchh nahin nikalta. isi ways ham nishaniyon ko un logon ke lie tarah-tarah se bayan karte hai , jo grateful dikhanevale hai
",negative,0,aur good land ke perpaudhe uske lord ke command se nikalte hai aur jo land poor ho diverse hai to usse nikammi paidavar ke atirikt kuchh nahin nikalta isi ways ham nishaniyon ko un logon ke lie tarahtarah se bayan karte hai jo grateful dikhanevale hai
1690,"ye  allah ka promise hai  allah apne vayde ke ilaph nahin kiya karta magar most people nahin jante hain
",neutral,1,ye allah ka promise hai allah apne vayde ke ilaph nahin kiya karta magar most people nahin jante hain
1691,"ek vakilke nate main manhanival batonko siddh karneki kathinaiyonko janta tha.
",positive,2,ek vakilke nate main manhanival batonko siddh karneki kathinaiyonko janta tha
1692,"aapki aane vali date with events kiya jaega jab aap ghatnaon ke sath ek select a date karenge
",neutral,1,aapki aane vali date with events kiya jaega jab aap ghatnaon ke sath ek select a date karenge
1693,"short men, ab anjuman dvara sthapit skool men apne send their sons ka unka man ho gaya.
",neutral,1,short men ab anjuman dvara sthapit skool men apne send their sons ka unka man ho gaya
1694,"aur  ae firm  prophets ke halat men se believers un tamam stories ko tum se bayan kie dete hain jinse believers truth heart ko mazboot kar degen aur unhin stories men truth pas ha  reminder  aur mominin ke lie exhortation aur yad dahani bhi aa gee
",positive,2,aur ae firm prophets ke halat men se believers un tamam stories ko tum se bayan kie dete hain jinse believers truth heart ko mazboot kar degen aur unhin stories men truth pas ha reminder aur mominin ke lie exhortation aur yad dahani bhi aa gee
1695,"aesa lagta hai ki unka ekmatr sarokar apni aur us begam ki solely interested tha jo us samay tak unse napharat karne lagi thi.
",negative,0,aesa lagta hai ki unka ekmatr sarokar apni aur us begam ki solely interested tha jo us samay tak unse napharat karne lagi thi
1696,"ye offspring dekhte hi  usi vakt zakriya ne apne paravardigar se pray ki aur arj i ae mere palne vale too mujhko  bhi  apni bargah se pakiza aulad ata farma beshak too hi pray ka sunne vala hai
",positive,2,ye offspring dekhte hi usi vakt zakriya ne apne paravardigar se pray ki aur arj i ae mere palne vale too mujhko bhi apni bargah se pakiza aulad ata farma beshak too hi pray ka sunne vala hai
1697,"gavarnar-janaral ne yah bhi kaha ki nijam ne tar dvara jordar shabdon men mujh par snpoorn vishvas vayakt kiya hai, parantu ve din chale gaye jab itna kahna kaphi ho sakta tha.
",positive,2,gavarnarjanaral ne yah bhi kaha ki nijam ne tar dvara jordar shabdon men mujh par snpoorn vishvas vayakt kiya hai parantu ve din chale gaye jab itna kahna kaphi ho sakta tha
1698,"security ka worth jo purchase ya sale ke lie ho.
",positive,2,security ka worth jo purchase ya sale ke lie ho
1699,"yah jharidar paudha padap rog-tntr men ek parposhi hai.
",neutral,1,yah jharidar paudha padap rogtntr men ek parposhi hai
1700,"ek bahi jismen kisi agent ke business len-den lendari v dendari ke form men book hote hain.
",positive,2,ek bahi jismen kisi agent ke business lenden lendari v dendari ke form men book hote hain
1701,"aur vahi prata ki ghariyon men kshma ki prarthna karte the
",positive,2,aur vahi prata ki ghariyon men kshma ki prarthna karte the
1702,"vah do days se ubkaee ki complaining kar raha tha
",negative,0,vah do days se ubkaee ki complaining kar raha tha
1703,"to 1 times 5 barabar hai 5ke
",neutral,1,to times barabar hai ke
1704,"snskrit ke vyakaran ko vagish shastri ne bestowed scientific nature kiya hai.
",neutral,1,snskrit ke vyakaran ko vagish shastri ne bestowed scientific nature kiya hai
1705,"jab heart unmen se blood snchar karta hai to ve phailti hai.
",positive,2,jab heart unmen se blood snchar karta hai to ve phailti hai
1706,"au unmen se jis kisi vyakti ki mrityu ho uski janaze ki namaz kabhi n pana aur n kabhi uski br par khare hona. unhonne to allah aur uske rasool ke sath kufr kiya aur mare is dasha men ki avajnjakari the
",negative,0,au unmen se jis kisi vyakti ki mrityu ho uski janaze ki namaz kabhi n pana aur n kabhi uski br par khare hona unhonne to allah aur uske rasool ke sath kufr kiya aur mare is dasha men ki avajnjakari the
1707,"primary center , shulk centers  toll centers  ko jorta hai.
",neutral,1,primary center shulk centers toll centers ko jorta hai
1708,"parntu jahan aese kisi consideration ke snbndh men kisi subsequent year men equalisation levy ki respect ki such hai ya previous ke dauran respect ki such hai kintu section 139 ki updhara  1  men vinirdisht due date ke pashchat sndatt kiya gaya hai to aesi sum ko previous jismen aese levy ka snday kiya gaya hai ki income ki snganna men respect ke roop men anujnjat kiya jaega.
",positive,2,parntu jahan aese kisi consideration ke snbndh men kisi subsequent year men equalisation levy ki respect ki such hai ya previous ke dauran respect ki such hai kintu section ki updhara men vinirdisht due date ke pashchat sndatt kiya gaya hai to aesi sum ko previous jismen aese levy ka snday kiya gaya hai ki income ki snganna men respect ke roop men anujnjat kiya jaega
1709,"jinse years dinon se bat nahin huee heard
",neutral,1,jinse years dinon se bat nahin huee heard
1710,"harakar reading ne aage pana shuroo kiya.
",negative,0,harakar reading ne aage pana shuroo kiya
1711,"aur ham zarur is kam ko poora karengen aur yusuf ne apne mulazimon  servants  ko order diya ki unki  bags  money unke boro men  choopke se  rakh do taki jab ye people apne ehlo  ayal  ke pas laut kar jaen to apni money ko pahchan le
",neutral,1,aur ham zarur is kam ko poora karengen aur yusuf ne apne mulazimon servants ko order diya ki unki bags money unke boro men choopke se rakh do taki jab ye people apne ehlo ayal ke pas laut kar jaen to apni money ko pahchan le
1712,"ae rasool apni biviyon se kah do ki agar tum phat duniyavi zindgi aur uski aaraish v zinat ki khvah ho to udhar aao main tum logon ko kuchh sazo saman de doon aur unvane shaista se roosat kar doon
",positive,2,ae rasool apni biviyon se kah do ki agar tum phat duniyavi zindgi aur uski aaraish v zinat ki khvah ho to udhar aao main tum logon ko kuchh sazo saman de doon aur unvane shaista se roosat kar doon
1713,"jahan individuals matter aur samany eternal hote hai , vahi vyaktiyo ki utpti hoti hai aur perishable hote hai.
",neutral,1,jahan individuals matter aur samany eternal hote hai vahi vyaktiyo ki utpti hoti hai aur perishable hote hai
1714,"kya usne nahin jana ki allah dekh raha hai
",negative,0,kya usne nahin jana ki allah dekh raha hai
1715,"at : government ne decided kiya ki constitution ka amendment jaroori nahin hai
",neutral,1,at government ne decided kiya ki constitution ka amendment jaroori nahin hai
1716,"aaj base sarkar ke snsadhan us boond ki tulna men ek mahasagar ke saman hain.
",negative,0,aaj base sarkar ke snsadhan us boond ki tulna men ek mahasagar ke saman hain
1717,"yah firm ke expenses and earnings tatha sath hi iske debits and credits ki rashi ko bhi darshata expenses
",positive,2,yah firm ke expenses and earnings tatha sath hi iske debits and credits ki rashi ko bhi darshata expenses
1718,"jis day tum use chastisement loge to har doodh infant burden  woman ke mare  apne doodh pite  bachche  ko bhool jayegi aur sari hamla aurte apne-apne pregnant  behisht se  gira degi aur  ghabrahat men  people tujhe drunk maloom honge halanki vah drunk nahin hain balki khuda ka azab bahut sakht hai ki people badahvas ho rahe hain
",neutral,1,jis day tum use chastisement loge to har doodh infant burden woman ke mare apne doodh pite bachche ko bhool jayegi aur sari hamla aurte apneapne pregnant behisht se gira degi aur ghabrahat men people tujhe drunk maloom honge halanki vah drunk nahin hain balki khuda ka azab bahut sakht hai ki people badahvas ho rahe hain
1719,"antrudak kosh ko anta endolymphatic sac ke roop men bhi jana jata hai
",neutral,1,antrudak kosh ko anta endolymphatic sac ke roop men bhi jana jata hai
1720,"much exertion karne aur pressure dalne ke bad vah jabav men sirph nhin  kahakar chup ho gaye
",negative,0,much exertion karne aur pressure dalne ke bad vah jabav men sirph nhin kahakar chup ho gaye
1721,"is level ki cows ki top oopri rumps , sam pichhli pith aur nukile kandhe hote hain
",positive,2,is level ki cows ki top oopri rumps sam pichhli pith aur nukile kandhe hote hain
1722,"unhonne aage kaha:  ki ukt patr ka 28 april 1883 ka ank poori tarah meri jimmedari par taiyar huaa aur chhapa meri sarvadhik jankari, soochna aur vishvas ke anusar ramkumar de ne prkashan se pahle iske snpadkiy ki samagri ko nahin paa
",positive,2,unhonne aage kaha ki ukt patr ka april ka ank poori tarah meri jimmedari par taiyar huaa aur chhapa meri sarvadhik jankari soochna aur vishvas ke anusar ramkumar de ne prkashan se pahle iske snpadkiy ki samagri ko nahin paa
1723,"kisiko yah nobody nahin thi ki meri intellect par kyon jng lagaya ja raha hai.
",positive,2,kisiko yah nobody nahin thi ki meri intellect par kyon jng lagaya ja raha hai
1724,"savarakar ke vakil shri baptista ne bhi yah mudda uthaya ki phransisi bhoomi par savarakar ki soil was illegal
",negative,0,savarakar ke vakil shri baptista ne bhi yah mudda uthaya ki phransisi bhoomi par savarakar ki soil was illegal
1725,"agriculture men modern biology ka upyog aaj ki jaroorat hai.
",neutral,1,agriculture men modern biology ka upyog aaj ki jaroorat hai
1726,"khisakne vali vikrail adjustment ka pryog shalyakriya ke bad netretar muscles ki suture ke samanvayan hetu kiya jata hai.
",neutral,1,khisakne vali vikrail adjustment ka pryog shalyakriya ke bad netretar muscles ki suture ke samanvayan hetu kiya jata hai
1727,"aesi amount jise kisi possible dayitvjokhim ki poorti ke lie alag se risk diya gaya ho.
",negative,0,aesi amount jise kisi possible dayitvjokhim ki poorti ke lie alag se risk diya gaya ho
1728,"best companies ke effect jo shares bajar ko bahut prbhavit karne vale hon.
",positive,2,best companies ke effect jo shares bajar ko bahut prbhavit karne vale hon
1729,"information technology ke benefits common man tak keval tabhi access sakte hain jab software tools aur manav-mshin interface prnaliyan logon ki apni language men available hon
",positive,2,information technology ke benefits common man tak keval tabhi access sakte hain jab software tools aur manavmshin interface prnaliyan logon ki apni language men available hon
1730,"marathi literature bhi momentum of time k sath sath aadhunik ho chuka hai.
",neutral,1,marathi literature bhi momentum of time k sath sath aadhunik ho chuka hai
1731,"bhakshak koshikaon ke snbndh men nyootrophilik shvetanu ootkiy enjaimon ko mukt karte hain
",positive,2,bhakshak koshikaon ke snbndh men nyootrophilik shvetanu ootkiy enjaimon ko mukt karte hain
1732,"jin children severe sharirik aur mental physical hai jis ke s unko unki physical aur other ki vajah se unhin ki age ke child se more help ya phir dekhbhal ki jarurat lagti hai to aapko DLA ke lie arji dla sakte hai.
",negative,0,jin children severe sharirik aur mental physical hai jis ke s unko unki physical aur other ki vajah se unhin ki age ke child se more help ya phir dekhbhal ki jarurat lagti hai to aapko dla ke lie arji dla sakte hai
1733,"proxy ke madhyam se connection se inkar kar diya
",negative,0,proxy ke madhyam se connection se inkar kar diya
1734,"keval idea to focus par hi sara good kendrit kar dena koee good idea nahin hai
",positive,2,keval idea to focus par hi sara good kendrit kar dena koee good idea nahin hai
1735,"jab koee account ya len-den aese khate ke madhyam se kiya ja raha ho jo svyn ka something
",neutral,1,jab koee account ya lenden aese khate ke madhyam se kiya ja raha ho jo svyn ka something
1736,"britani adhikariyon ne rajy ka khajana zabt kar liya aur unke pati ke karz ko rani ke salana kharch men se kat liya gaya.
",negative,0,britani adhikariyon ne rajy ka khajana zabt kar liya aur unke pati ke karz ko rani ke salana kharch men se kat liya gaya
1737,"jab aap in societies ilakon men jate hain ,
",neutral,1,jab aap in societies ilakon men jate hain
1738,"continue applying patches kar raha hai ke sath resolved conflicts
",negative,0,continue applying patches kar raha hai ke sath resolved conflicts
1739,"aur us din ka dar rakho jabki tum allah ki or lautoge, phir pratyek vyakti ko jo kuchh usne kamaya poora-poora mil jaega aur unke sath kadapi koee anyay n hoga
",negative,0,aur us din ka dar rakho jabki tum allah ki or lautoge phir pratyek vyakti ko jo kuchh usne kamaya poorapoora mil jaega aur unke sath kadapi koee anyay n hoga
1740,"answered tha, yah unka ghar hai.
",neutral,1,answered tha yah unka ghar hai
1741,"jab aap garbhavastha men hain, aap apni aur bachche ki kis prkar se dekhbhal kar sakti hain, is bare aap ki midvaeef ya aapke doctor should give dena chahiye.
",positive,2,jab aap garbhavastha men hain aap apni aur bachche ki kis prkar se dekhbhal kar sakti hain is bare aap ki midvaeef ya aapke doctor should give dena chahiye
1742,"many se bahuton ke bharat lautne ki likely hai parntu videsh men rahne par ve sabhi is fact ki vajah se vulnerable hain ki unhen apne host country ki citizenship ke privileges nahin milte hain.
",negative,0,many se bahuton ke bharat lautne ki likely hai parntu videsh men rahne par ve sabhi is fact ki vajah se vulnerable hain ki unhen apne host country ki citizenship ke privileges nahin milte hain
1743,"un dinon america men lala hardayal ki  gadar party  ek revolutionary sngathan ka rup le rahi thi.
",positive,2,un dinon america men lala hardayal ki gadar party ek revolutionary sngathan ka rup le rahi thi
1744,"events men karyakram bhejne ke lie plugin
",neutral,1,events men karyakram bhejne ke lie plugin
1745,"s inviting s men shamil hone ke lie aamntrit kar raha hai
",positive,2,s inviting s men shamil hone ke lie aamntrit kar raha hai
1746,"aur ham jante hain ki ise kaise decimal ke form men write
",neutral,1,aur ham jante hain ki ise kaise decimal ke form men write
1747,"sarah palin is bahas men yesterday shamil ho gayin. yesterday ek vyapak charchit interview men chris wallace ke sath unhonne svta hi is topic ko charcha men la diya ki iran par bam girakar obama second karykal vijit kar sakte hain.
",positive,2,sarah palin is bahas men yesterday shamil ho gayin yesterday ek vyapak charchit interview men chris wallace ke sath unhonne svta hi is topic ko charcha men la diya ki iran par bam girakar obama second karykal vijit kar sakte hain
1748,"worn by bullies hain jo khatarnak hathiyaron se lais hain
",negative,0,worn by bullies hain jo khatarnak hathiyaron se lais hain
1749,"iske result jin rivers ko ham holy mante the , ab ve vaisi nahin rahi hain balki pollutants se bhar gayi hain jiski vajah se unka water drinking tatha other doosre purposes ke lie upyukt nahin rah gaya hai
",negative,0,iske result jin rivers ko ham holy mante the ab ve vaisi nahin rahi hain balki pollutants se bhar gayi hain jiski vajah se unka water drinking tatha other doosre purposes ke lie upyukt nahin rah gaya hai
1750,"vaccine upalabdh hai aur conceive women ko nahin diya ja sakta hai vaccine lene ke bad women ko kam se kam ek mahine tak garbhdharan nahin karna chahiye
",neutral,1,vaccine upalabdh hai aur conceive women ko nahin diya ja sakta hai vaccine lene ke bad women ko kam se kam ek mahine tak garbhdharan nahin karna chahiye
1751,"factory price par products show room men available hai.
",neutral,1,factory price par products show room men available hai
1752,"pumping system jal ko khule kuen, bore, stream, pond, nahar aadi se khinchti hai.
",positive,2,pumping system jal ko khule kuen bore stream pond nahar aadi se khinchti hai
1753,"bos dvara kiye gaye adhikatar kary bikhre hue kagaj ke pannon par the jinhen surakshit rakhne ka unhonne kabhi kasht nahin uthaya.
",negative,0,bos dvara kiye gaye adhikatar kary bikhre hue kagaj ke pannon par the jinhen surakshit rakhne ka unhonne kabhi kasht nahin uthaya
1754,"main window ke lie die ge geometry ko lagoo karen
",neutral,1,main window ke lie die ge geometry ko lagoo karen
1755,"ae eemandaron agar o logon ne infidels ki pairvi kar li to  yad rakho  vah tumko ulte pv  kufr ki taraf  backs kar le losers phir ulte o hi ghate men aa jaoge
",negative,0,ae eemandaron agar o logon ne infidels ki pairvi kar li to yad rakho vah tumko ulte pv kufr ki taraf backs kar le losers phir ulte o hi ghate men aa jaoge
1756,"unhonne popular ki dharna ko lekar aam lagon men phaili bhrantiyon ko bhi spasht kiya
",positive,2,unhonne popular ki dharna ko lekar aam lagon men phaili bhrantiyon ko bhi spasht kiya
1757,"stomach has blown phool jata hai.
",neutral,1,stomach has blown phool jata hai
1758,"certificate pahle hi imported kiya ja chuka hai
",neutral,1,certificate pahle hi imported kiya ja chuka hai
1759,"let yah number line par aarekhit karen.
",positive,2,let yah number line par aarekhit karen
1760,"aur jab unhen koran pakar sunaya jata hai to sajde men nahin gir parte
",neutral,1,aur jab unhen koran pakar sunaya jata hai to sajde men nahin gir parte
1761,"svyn chndrshekhar is sndarbh men anishchit hai ki use kya karna chahie.
",negative,0,svyn chndrshekhar is sndarbh men anishchit hai ki use kya karna chahie
1762,"surely day of judgement ek appointed time hai,
",positive,2,surely day of judgement ek appointed time hai
1763,"internal error : invalid format men UID :  uid
",negative,0,internal error invalid format men uid uid
1764,"charon or se unhen gherta huaa house unquiet sleep men so raha tha , kintu ve donon wide rahe the.
",neutral,1,charon or se unhen gherta huaa house unquiet sleep men so raha tha kintu ve donon wide rahe the
1765,"non political aatnkvad-ki terrorism ke objective se nahin hai political purposes par jo sachet dijain banane aur force rakhne ke fear ke uchch star ke lie display balpoorvak  ssacen  purposes lekin ant personal ho ya collective ek political objective ki achievement ke bajae labh
",negative,0,non political aatnkvadki terrorism ke objective se nahin hai political purposes par jo sachet dijain banane aur force rakhne ke fear ke uchch star ke lie display balpoorvak ssacen purposes lekin ant personal ho ya collective ek political objective ki achievement ke bajae labh
1766,"things hain jo kaphi sharirik stocks se maujood nahin tha insurance , stks aur bonds , enterprise softwares ki tarah ,
",positive,2,things hain jo kaphi sharirik stocks se maujood nahin tha insurance stks aur bonds enterprise softwares ki tarah
1767,"yah convenient sthan hota hai kyonki members ke sadasy khali samay men sag-sabjiyon par care constant sakte hain tatha rasoeeghar v wastewater se nikle pani aasani se vegetables ki kyari ki or ghumaya ja sakta hai.
",positive,2,yah convenient sthan hota hai kyonki members ke sadasy khali samay men sagsabjiyon par care constant sakte hain tatha rasoeeghar v wastewater se nikle pani aasani se vegetables ki kyari ki or ghumaya ja sakta hai
1768,"vah jinn ,  time aur first ke jo host tumse pahle punishment hain , unhin ke sath sammilit hokar tum bhi fire men enters karo.  jab bhi koee jamaat enters karegi , to vah apni fellow par lanat karegi , yahan tak ki jab sab usmen ral-mil jaenge to unmen se bad men aanevale apne se pahlevale ke vishay men kahenge ,  hamare god ! hamen inhin logon ne astray kiya tha  to too inhen fire ki double yatna de.  vah jinn ,  harek ke lie double hi hai. kintu tum nahin jante.
",negative,0,vah jinn time aur first ke jo host tumse pahle punishment hain unhin ke sath sammilit hokar tum bhi fire men enters karo jab bhi koee jamaat enters karegi to vah apni fellow par lanat karegi yahan tak ki jab sab usmen ralmil jaenge to unmen se bad men aanevale apne se pahlevale ke vishay men kahenge hamare god hamen inhin logon ne astray kiya tha to too inhen fire ki double yatna de vah jinn harek ke lie double hi hai kintu tum nahin jante
1769,"CMS cms data snlagn nahin kar sakta hai
",neutral,1,cms cms data snlagn nahin kar sakta hai
1770,"iske bad , parties ke bich kuchh disputes uthe , jinhonne alag rahna shuroo kar diya
",positive,2,iske bad parties ke bich kuchh disputes uthe jinhonne alag rahna shuroo kar diya
1771,"anuchchhed 134 ke adhin uchchatam nyayalay men apil ke lie prmanapatr dene ki jo shakti uchch nyayalay ko prapt hai, usse kahin adhik vyapak uchchatam nyayalay ki ye shaktiyan apil ki grant special leave ke bare men hain
",positive,2,anuchchhed ke adhin uchchatam nyayalay men apil ke lie prmanapatr dene ki jo shakti uchch nyayalay ko prapt hai usse kahin adhik vyapak uchchatam nyayalay ki ye shaktiyan apil ki grant special leave ke bare men hain
1772,"un dinon 1947 se poorv state language ki rajbhasha thi aur buddhijivi jinmen se adhikansh to apni batchit v vyavhar men sahibon jaisa vyavhar karte the tachha pnjabi ki poori tarah upeksha karte the.
",negative,0,un dinon se poorv state language ki rajbhasha thi aur buddhijivi jinmen se adhikansh to apni batchit v vyavhar men sahibon jaisa vyavhar karte the tachha pnjabi ki poori tarah upeksha karte the
1773,"sarah palin is bahas men kal shamil ho gayin. kal ek vyapak charchit sakshatkar men kris vales ke sath unhonne svta hi is vishay ko charcha men la diya ki eeran par bam girakar obama doosra karykal vijit kar sakte hain.
",positive,2,sarah palin is bahas men kal shamil ho gayin kal ek vyapak charchit sakshatkar men kris vales ke sath unhonne svta hi is vishay ko charcha men la diya ki eeran par bam girakar obama doosra karykal vijit kar sakte hain
1774,"aur mere short talk ka shayad key lesson hai ,
",neutral,1,aur mere short talk ka shayad key lesson hai
1775,"iii snvida ke include contract bhi hai
",neutral,1,iii snvida ke include contract bhi hai
1776,"in par  word ka  vayda poora ho gaya phir ye log kuchh plea bhi to n wrong
",negative,0,in par word ka vayda poora ho gaya phir ye log kuchh plea bhi to n wrong
1777,"uttar pradesh ka sonabadra district one ka ek only aesa district hai jiski simaen sarv char prdeshon ko chhooti hai.
",neutral,1,uttar pradesh ka sonabadra district one ka ek only aesa district hai jiski simaen sarv char prdeshon ko chhooti hai
1778,"canada men aaj jis party ki sarkar hai ,
",positive,2,canada men aaj jis party ki sarkar hai
1779,"draupdi emanation ka bhi srot hai aur srishti satta ka bhi.
",positive,2,draupdi emanation ka bhi srot hai aur srishti satta ka bhi
1780,"halanki suit turnt hi dayar kar diya gaya tha bina do months intazar kare hi
",neutral,1,halanki suit turnt hi dayar kar diya gaya tha bina do months intazar kare hi
1781,"pains  ambedkar ne bahut parishram se yah batane ka pryas kiya tha ki new republic states ke  parisngh  ke bajay states ka  union  hoga. states ko alag hone ka right nahin hoga.
",negative,0,pains ambedkar ne bahut parishram se yah batane ka pryas kiya tha ki new republic states ke parisngh ke bajay states ka union hoga states ko alag hone ka right nahin hoga
1782,"ki hamen is umr-pakshpati age ko discriminatory hi dena chahie
",neutral,1,ki hamen is umrpakshpati age ko discriminatory hi dena chahie
1783,"bhartiy jan-manas ke samaksh gandhi dvara pradurbhoot ideals and lessons ka arth matr desh-bhakti tha.
",positive,2,bhartiy janmanas ke samaksh gandhi dvara pradurbhoot ideals and lessons ka arth matr deshbhakti tha
1784,"eksaarsi srotsadhan: incorrect colour specification s gunadharm s ke lie.
",neutral,1,eksaarsi srotsadhan incorrect colour specification s gunadharm s ke lie
1785,"imambara ki ek aur vihit structure intriguing mnjila bavari  siidar kunaa  hai , jo pre nawabi era ki hai.
",positive,2,imambara ki ek aur vihit structure intriguing mnjila bavari siidar kunaa hai jo pre nawabi era ki hai
1786,"please apne good health tatha kushalta aur equatorial guinea republic ki friendly people ki progress aur prosperity ke lie meri wishes svikar karen.
",positive,2,please apne good health tatha kushalta aur equatorial guinea republic ki friendly people ki progress aur prosperity ke lie meri wishes svikar karen
1787,"scripts ko niyntrit karna bhi sngat further ki playwrights tadnusar apni pandulipiyan teyar karne such honge tatha stage aur representation ke directives ka incorporated karne such honge.
",neutral,1,scripts ko niyntrit karna bhi sngat further ki playwrights tadnusar apni pandulipiyan teyar karne such honge tatha stage aur representation ke directives ka incorporated karne such honge
1788,"doosri agast san 1888 ko commenced writing ki aur 9 sitambar san 1888 ko use poorn kiya tatha disambar men prkashit kiya.
",neutral,1,doosri agast san ko commenced writing ki aur sitambar san ko use poorn kiya tatha disambar men prkashit kiya
1789,"kisi common goal ke lie milakar kam karna
",neutral,1,kisi common goal ke lie milakar kam karna
1790,"aur mountains ki or ki firmly set kie ge
",neutral,1,aur mountains ki or ki firmly set kie ge
1791,"technologies eendhan ke efficient use ko surakshit karti praudyogikiyan rural areas men phail rahin hain.
",positive,2,technologies eendhan ke efficient use ko surakshit karti praudyogikiyan rural areas men phail rahin hain
1792,"yah file playlist nahin dikhta hai
",neutral,1,yah file playlist nahin dikhta hai
1793,"aaj ka pakistani territory kee cultures ka witness raha today
",neutral,1,aaj ka pakistani territory kee cultures ka witness raha today
1794,"user ka HOME dmrc file andekha kiya ja raha hai yah moolbhoot satr aur bhasha ko saheje jane se rokta hai file ko user ke dvara owned diya jana chahiye aur 644 anumti rakhna chahiye user ki HOME nirdeshika user ke dvara jaroor owned men rakhni chahiye aur any user dvara nahin likhne yogy hona chahiye
",positive,2,user ka home dmrc file andekha kiya ja raha hai yah moolbhoot satr aur bhasha ko saheje jane se rokta hai file ko user ke dvara owned diya jana chahiye aur anumti rakhna chahiye user ki home nirdeshika user ke dvara jaroor owned men rakhni chahiye aur any user dvara nahin likhne yogy hona chahiye
1795,"par gretil sanskrit text various sroton se various inkoding men
",neutral,1,par gretil sanskrit text various sroton se various inkoding men
1796,"daar ji ne hamari friendship ko pallvit-pushpit hone diya , match inko kaha ki tum bhi apne gharvalon se is snbndh men permission grow parents , taki bad men koee problem n ho.
",positive,2,daar ji ne hamari friendship ko pallvitpushpit hone diya match inko kaha ki tum bhi apne gharvalon se is snbndh men permission grow parents taki bad men koee problem n ho
1797,"gandhiji ke cooperation movement chhirne ke bad ve gandhiji ke tarikon aur hinsak aandolan men se apne lie rasta chunne lage.
",negative,0,gandhiji ke cooperation movement chhirne ke bad ve gandhiji ke tarikon aur hinsak aandolan men se apne lie rasta chunne lage
1798,"unhonne is sngathan men tin prmukh moolyon parishram, impartiality and integrity ka samavesh kiya.
",positive,2,unhonne is sngathan men tin prmukh moolyon parishram impartiality and integrity ka samavesh kiya
1799,"sabhi appellants ne apradh svikar nahin kiya aur mudma chalaye jane ki mang ki
",positive,2,sabhi appellants ne apradh svikar nahin kiya aur mudma chalaye jane ki mang ki
1800,"happened in india bhi huaa hai.
",neutral,1,happened in india bhi huaa hai
1801,"kyonki adhik yahan, is line par, chalo le
",neutral,1,kyonki adhik yahan is line par chalo le
1802,"first gurus chunakkra achyut variyar aur sankara variyar rahe.
",neutral,1,first gurus chunakkra achyut variyar aur sankara variyar rahe
1803,"unhonne card tube ko black paper aur board se vacuum diya , jisse hokar koee visible light ek aur se doosri aur nahin gujar sakta tha.
",negative,0,unhonne card tube ko black paper aur board se vacuum diya jisse hokar koee visible light ek aur se doosri aur nahin gujar sakta tha
1804,"error: object path nirdisht nahin hai
",negative,0,error object path nirdisht nahin hai
1805,"dynamic klam headers ke roop men pryog ke lie row set karen jab calc sel bola ja raha ho
",positive,2,dynamic klam headers ke roop men pryog ke lie row set karen jab calc sel bola ja raha ho
1806,"aaj yah karnatak ke udyog,trade and service kshetr ka ek today a premier
",neutral,1,aaj yah karnatak ke udyogtrade and service kshetr ka ek today a premier
1807,"yah kshetr, bhartiyak rajyon yatha asam, aroonachal prdesh, meghalay, manipur, tatha tripura evn nikatavarti bangladesh tatha varma ko aachchhadit karta hai, jo vishv ka sarvadhik bhooknp prbhavit kshetr hai.
",neutral,1,yah kshetr bhartiyak rajyon yatha asam aroonachal prdesh meghalay manipur tatha tripura evn nikatavarti bangladesh tatha varma ko aachchhadit karta hai jo vishv ka sarvadhik bhooknp prbhavit kshetr hai
1808,"aap abhi WiMAX network se connected hain
",neutral,1,aap abhi wimax network se connected hain
1809,"ata isi lie unhen saty ki or bulao, aur jaisa ki tumhen hukm diya gaya hai svyn ayam raho, aur unki ichchhaon ka palan n karna aur kah do, allah ne jo kitab avatrit ki hai, main usapar eeman laya. mujhe to aadesh huaa hai ki main tumhare bich nyay karoon. allah hi hamara bhi rab hai aur tumhara bhi. hamare lie hamare karm hai aur tumhare lie tumhare karm. hammen aur tummen koee jhagara nahin. allah ham sabko ikattha karega aur antta usi ki or jana hai.
",positive,2,ata isi lie unhen saty ki or bulao aur jaisa ki tumhen hukm diya gaya hai svyn ayam raho aur unki ichchhaon ka palan n karna aur kah do allah ne jo kitab avatrit ki hai main usapar eeman laya mujhe to aadesh huaa hai ki main tumhare bich nyay karoon allah hi hamara bhi rab hai aur tumhara bhi hamare lie hamare karm hai aur tumhare lie tumhare karm hammen aur tummen koee jhagara nahin allah ham sabko ikattha karega aur antta usi ki or jana hai
1810,"beshak unko hamari return laut kar aana hai
",positive,2,beshak unko hamari return laut kar aana hai
1811,"unhonne vahn rahakar dattchittta ke sath kam kiya.
",positive,2,unhonne vahn rahakar dattchittta ke sath kam kiya
1812,"lekin unki vani kinhin fell on deaf par rahi thi, kya ve svyn ekaprajit aur partntr desh ke kavi nahin the
",negative,0,lekin unki vani kinhin fell on deaf par rahi thi kya ve svyn ekaprajit aur partntr desh ke kavi nahin the
1813,"kuchh months hue vahan normal democratic elections hue aur result vahan ek popular radical parti-snyut popular morcha-satta men front
",positive,2,kuchh months hue vahan normal democratic elections hue aur result vahan ek popular radical partisnyut popular morchasatta men front
1814,"amount  750 tak ki loan ke lie : 10 years
",neutral,1,amount tak ki loan ke lie years
1815,"chikitsak dvara uterus ke size v thing men sthit amniotic ki matra ki nigrani ki jani chahiye
",positive,2,chikitsak dvara uterus ke size v thing men sthit amniotic ki matra ki nigrani ki jani chahiye
1816,"raz magicians ne kaha  ae moses  ya to tum hi  apne first  phenko aur ya ye ki pahle jo first phenke vah ham hi hon
",neutral,1,raz magicians ne kaha ae moses ya to tum hi apne first phenko aur ya ye ki pahle jo first phenke vah ham hi hon
1817,"jadoogar bole ki aese vajee v manifest signs jo hamare samne aae un par aur jis khuda ne hamko paida kiya us par to ham tumko kisi tarah tarjih nahin de sakte to jo tujhe karna ho kar guzar to bas duniya ki isi zara zindgi par hukoomat kar sakta hai
",positive,2,jadoogar bole ki aese vajee v manifest signs jo hamare samne aae un par aur jis khuda ne hamko paida kiya us par to ham tumko kisi tarah tarjih nahin de sakte to jo tujhe karna ho kar guzar to bas duniya ki isi zara zindgi par hukoomat kar sakta hai
1818,"pahla , isse jan-chetna men aane place ek grave distortion ko door karne men public milti atal
",neutral,1,pahla isse janchetna men aane place ek grave distortion ko door karne men public milti atal
1819,"jurisdiction house ka member officer ya koee officer ya snsad-sadasy jinmen asthayi roop men procedure ya kary-snchalan ko viniymit karne ki time parliament ke kisi house ke decision ko lagoo karne ki powers nihit hon , in shaktiyon ke pryog ke subject men kisi nyayalay ki adhikarita ke articles nahin hoga  anuchchhed 122  2  time 105  3
",positive,2,jurisdiction house ka member officer ya koee officer ya snsadsadasy jinmen asthayi roop men procedure ya karysnchalan ko viniymit karne ki time parliament ke kisi house ke decision ko lagoo karne ki powers nihit hon in shaktiyon ke pryog ke subject men kisi nyayalay ki adhikarita ke articles nahin hoga anuchchhed time
1820,"aesa prmanapatr jo vittiy mamlon men nishtha sambandhi vyavhar ko prakat karne vala ho.
",positive,2,aesa prmanapatr jo vittiy mamlon men nishtha sambandhi vyavhar ko prakat karne vala ho
1821,"jis allah vah log tum par tumhare oopar se aa pare aur tumhare niche ki taraph se bhi gullets hearts aur jis allah  unki kasarat se  eyes ऑnkhen aira ho gayin thi aur  auph se  kaleje munh ko aa hearts the aur uda par tarah-tarah ke  various  khyal karne lage the.
",positive,2,jis allah vah log tum par tumhare oopar se aa pare aur tumhare niche ki taraph se bhi gullets hearts aur jis allah unki kasarat se eyes nkhen aira ho gayin thi aur auph se kaleje munh ko aa hearts the aur uda par tarahtarah ke various khyal karne lage the
1822,"je pi aur vinoba donon ne us supported the war kiya.
",negative,0,je pi aur vinoba donon ne us supported the war kiya
1823,"jisse ki vo is bahut hi important thing ko jari rakh saken
",positive,2,jisse ki vo is bahut hi important thing ko jari rakh saken
1824,"main is kam par tumse koee prtidan nahin mangta. mera prtidan to bas sare snsar ke rab ke zimme hai.
",positive,2,main is kam par tumse koee prtidan nahin mangta mera prtidan to bas sare snsar ke rab ke zimme hai
1825,"last executed command dvara utpadit output dekhenFile
",neutral,1,last executed command dvara utpadit output dekhenfile
1826,"yah chhah bhagon men vibhat hai jinmen se deal with cosmic se snbndhit vishyon par charcha ki gee hai
",neutral,1,yah chhah bhagon men vibhat hai jinmen se deal with cosmic se snbndhit vishyon par charcha ki gee hai
1827,"usman riyaja han, yah pahla tha aur phir main
",positive,2,usman riyaja han yah pahla tha aur phir main
1828,"harper bird , tu kil e lee bard
",negative,0,harper bird tu kil e lee bard
1829,"split mode  equal split
",neutral,1,split mode equal split
1830,"bisiji ka tika left upper arm par oopar kyon lagaya jata hai
",neutral,1,bisiji ka tika left upper arm par oopar kyon lagaya jata hai
1831,"kartik month ki saghan kali amavasya ki vah ratri candle ki roshni se jagamga uthi.
",neutral,1,kartik month ki saghan kali amavasya ki vah ratri candle ki roshni se jagamga uthi
1832,"to yah back to potential ko phir se chala jata hai.
",positive,2,to yah back to potential ko phir se chala jata hai
1833,"aur yadi terrorist asabhy hain to islamist , islamic aur muslim ka short karne se avoidance kiya jata islamism mere blog gambit calling Islamism the Enemy men is bat ke udaharan diye gaye hain ki isse avoidance kyon kiya jata hai aur iska uddeshy kya hai  snkshep men jo log terror ke viruddh war ko security aur progress ke liye vaishvik struggle ke roop men naya nam dena chahte hain unhen kalpna hai ki is prkar linguistic badal kar ve muslim hearts aur minds ko vijit kar sakenge.
",negative,0,aur yadi terrorist asabhy hain to islamist islamic aur muslim ka short karne se avoidance kiya jata islamism mere blog gambit calling islamism the enemy men is bat ke udaharan diye gaye hain ki isse avoidance kyon kiya jata hai aur iska uddeshy kya hai snkshep men jo log terror ke viruddh war ko security aur progress ke liye vaishvik struggle ke roop men naya nam dena chahte hain unhen kalpna hai ki is prkar linguistic badal kar ve muslim hearts aur minds ko vijit kar sakenge
1834,"phir good deeds bhari hue t vahi hain jo good
",positive,2,phir good deeds bhari hue t vahi hain jo good
1835,"aur ab ham sirph yah unwind kar sakte hain.
",neutral,1,aur ab ham sirph yah unwind kar sakte hain
1836,"aur good land ke per-paudhe uske rab ke aadesh se nikalte hai aur jo bhoomi rab ho gee hai to usse nikammi paidavar ke atirikt kuchh nahin nikalta. isi prkar ham nishaniyon ko un logon ke lie tarah-tarah se bayan karte hai, jo kritajnjta dikhanevale hai
",negative,0,aur good land ke perpaudhe uske rab ke aadesh se nikalte hai aur jo bhoomi rab ho gee hai to usse nikammi paidavar ke atirikt kuchh nahin nikalta isi prkar ham nishaniyon ko un logon ke lie tarahtarah se bayan karte hai jo kritajnjta dikhanevale hai
1837,"ek great gurudwara gret nicobar ke campbell be men hai
",positive,2,ek great gurudwara gret nicobar ke campbell be men hai
1838,"inmen se jisko  jab  mayest hadst kar do aur jisko  jab tak  mayest apne pas rakho aur jin aurton ko tumne hadst kar diya tha agar phir thou unke khvah ho to bhi thou par koee blame nahin hai ye  ateyar jo thee diya gaya hai  zaroor is abil hai ki tumhari biviyon ki ऑnkhen thandi rahe aur aarjooda atir n ho aur knowing kuchh thou unhen grief do sabki sab us par prevention rahen aur jo kuchh tumhare hearts men hai eyes usko ub janta hai aur eyes to bara vaiphkar forbearing hai
",positive,2,inmen se jisko jab mayest hadst kar do aur jisko jab tak mayest apne pas rakho aur jin aurton ko tumne hadst kar diya tha agar phir thou unke khvah ho to bhi thou par koee blame nahin hai ye ateyar jo thee diya gaya hai zaroor is abil hai ki tumhari biviyon ki nkhen thandi rahe aur aarjooda atir n ho aur knowing kuchh thou unhen grief do sabki sab us par prevention rahen aur jo kuchh tumhare hearts men hai eyes usko ub janta hai aur eyes to bara vaiphkar forbearing hai
1839,"unke called dramas men, percentage of poetry mukhy hai, unmen sngit bhi shamil hai.
",positive,2,unke called dramas men percentage of poetry mukhy hai unmen sngit bhi shamil hai
1840,"buddh ka birthday death vyapak roop se theravada countries men manaya jata hai unki mother ka unke birthday ke sat death bad budha ho gaya tha.
",negative,0,buddh ka birthday death vyapak roop se theravada countries men manaya jata hai unki mother ka unke birthday ke sat death bad budha ho gaya tha
1841,"eeran ke vidrohiyon ke sath irak dvara kiye ja rahe durvyavhar se jo prashn khade hote hain unmen manavta ke aadhar par chinta to hai hi yah irak men goal of minimizing ko badhne se rokne men mujahidine khalk ki mahti bhoomika ko bhi avruddh karta hai.
",positive,2,eeran ke vidrohiyon ke sath irak dvara kiye ja rahe durvyavhar se jo prashn khade hote hain unmen manavta ke aadhar par chinta to hai hi yah irak men goal of minimizing ko badhne se rokne men mujahidine khalk ki mahti bhoomika ko bhi avruddh karta hai
1842,"s aapko  s men shamil hone ke lie aamntrit kar raha hai
",positive,2,s aapko s men shamil hone ke lie aamntrit kar raha hai
1843,"chhale ka treated n hone ke karan vah sooj gaya hai
",neutral,1,chhale ka treated n hone ke karan vah sooj gaya hai
1844,"ta  30-5-1947 lahore ki situation ke vishay men likhe gaye aapke 24 mee ke letter ke lie thank
",positive,2,ta lahore ki situation ke vishay men likhe gaye aapke mee ke letter ke lie thank
1845,"oopri tala ke hara men karnakutas ki absence svny hara ke elimination aur uske place par corners par top deity ke vahanas aur lanchanas ke placement ki disha men first step hain.
",positive,2,oopri tala ke hara men karnakutas ki absence svny hara ke elimination aur uske place par corners par top deity ke vahanas aur lanchanas ke placement ki disha men first step hain
1846,"port to warehouse tak mal ki dhulaee ka vyay aayatak dvara vahan kiya jata hai.
",neutral,1,port to warehouse tak mal ki dhulaee ka vyay aayatak dvara vahan kiya jata hai
1847,"doosri or, pranayam prankosh men pranik sakriyta ki sarpakar kundlini-shakti ko jaga deta hai tatha yogi ke samne chetna ke aese kshetr, anubhav ki aesi shrinkhlane tatha asamany shaktiyan kholakar rakh deta hai jo samany manav-jivan men prapt nahin hotin, sath hi vah un samany shaktiyon evn kshamtaon ko bhi jo uske pas pahle se hain atishay sabal bana deta hai.
",positive,2,doosri or pranayam prankosh men pranik sakriyta ki sarpakar kundlinishakti ko jaga deta hai tatha yogi ke samne chetna ke aese kshetr anubhav ki aesi shrinkhlane tatha asamany shaktiyan kholakar rakh deta hai jo samany manavjivan men prapt nahin hotin sath hi vah un samany shaktiyon evn kshamtaon ko bhi jo uske pas pahle se hain atishay sabal bana deta hai
1848,"central european _ MacCE
",neutral,1,central european macce
1849,"nakaratmak jnjanvad sharir aur aatma ke snbadh ko snyogatmak aur arthhin manta hai.
",negative,0,nakaratmak jnjanvad sharir aur aatma ke snbadh ko snyogatmak aur arthhin manta hai
1850,"is prkar shaktihin, kunthit, krodhit logon ne apne adhikariyon par gussa dikhaya tatha apne nikat ke nirdosh logon ko nishana banaya
",negative,0,is prkar shaktihin kunthit krodhit logon ne apne adhikariyon par gussa dikhaya tatha apne nikat ke nirdosh logon ko nishana banaya
1851,"yadi yah sach hota to vijnjan jnjan ki ek yatharth, vishvasniy aur upyogi shakha nahin hoti prkriti give guidance taraph avyavastha aur bhram vyapt hota khojne ke lie koee sthayi niyam hote aur n hi ek doosre tathyon, ek doosri ghatnaon ke bich koee nishchit snbndh hote aur n hi pichhle anubhvon se manushy ko apne karyon ke lie koee margadarshan milta.
",negative,0,yadi yah sach hota to vijnjan jnjan ki ek yatharth vishvasniy aur upyogi shakha nahin hoti prkriti give guidance taraph avyavastha aur bhram vyapt hota khojne ke lie koee sthayi niyam hote aur n hi ek doosre tathyon ek doosri ghatnaon ke bich koee nishchit snbndh hote aur n hi pichhle anubhvon se manushy ko apne karyon ke lie koee margadarshan milta
1852,"yah ek constant dhyan focus points aur kah rahi karne ke lie focus
",neutral,1,yah ek constant dhyan focus points aur kah rahi karne ke lie focus
1853,"ve aapas men allah ki smen khakar bole, ham avashy usapar aur uske gharvalon par rat ko chhapa marenge. phir uske vali prijan se kah denge ki ham uske gharvalon ke vinash ke avasar par maujood n the. aur ham bilkul surely truthful
",positive,2,ve aapas men allah ki smen khakar bole ham avashy usapar aur uske gharvalon par rat ko chhapa marenge phir uske vali prijan se kah denge ki ham uske gharvalon ke vinash ke avasar par maujood n the aur ham bilkul surely truthful
1854,"powered coal ki takat pe khare hue
",neutral,1,powered coal ki takat pe khare hue
1855,"aur pratyek protection satan se surakshit rakhne ke lie
",negative,0,aur pratyek protection satan se surakshit rakhne ke lie
1856,"isi prkar mndap ki do relieved five times panch ubhar har tatvon ke anuroop hain jismen se har disha men madhyavarti ek devkoshth hai jo puna mndir prvesh ke donon aur samne ki poorvi divar ke donon khndon par prapy hai.
",positive,2,isi prkar mndap ki do relieved five times panch ubhar har tatvon ke anuroop hain jismen se har disha men madhyavarti ek devkoshth hai jo puna mndir prvesh ke donon aur samne ki poorvi divar ke donon khndon par prapy hai
1857,"nagrik aapoorti aur upbhokta mamle tatha sarvajnik vitaran weights and measures nideshalay is vishay se snbndhit sabhi gatividhiyon ko dekhne vali prmukh ejensi hain.
",neutral,1,nagrik aapoorti aur upbhokta mamle tatha sarvajnik vitaran weights and measures nideshalay is vishay se snbndhit sabhi gatividhiyon ko dekhne vali prmukh ejensi hain
1858,"confirm vidhivat mnjoor kiya huaa hai-pushti bhejen.
",positive,2,confirm vidhivat mnjoor kiya huaa haipushti bhejen
1859,"shasanakla ke is mntr ko pahchante hue, karnatak dvara shasan aur shasit ke bich snbndhon ko ghanishth banane ka pryas kiya ja raha hai.
",neutral,1,shasanakla ke is mntr ko pahchante hue karnatak dvara shasan aur shasit ke bich snbndhon ko ghanishth banane ka pryas kiya ja raha hai
1860,"kintu international standards se kuchh nirdesh milte hain jinmen yah bhi shamil hai ki yadi adhikar-hanan ki shikayat ho to pratyek vyakti uska samadhan pa sake.
",positive,2,kintu international standards se kuchh nirdesh milte hain jinmen yah bhi shamil hai ki yadi adhikarhanan ki shikayat ho to pratyek vyakti uska samadhan pa sake
1861,"to 8 hota hai 2 times 2 times 2
",neutral,1,to hota hai times times
1862,"mamata ne 1997 men parti se alag hokar trinamool banaee thi tabse parti se congress ke jane ka string jari hai
",negative,0,mamata ne men parti se alag hokar trinamool banaee thi tabse parti se congress ke jane ka string jari hai
1863,"aur evil best ke javab men aesi best kaho jo nihayat achchhi ho jo kuchh ye log  tumhari nisbat  bayan karte hain usse ham oob vaiph hain
",positive,2,aur evil best ke javab men aesi best kaho jo nihayat achchhi ho jo kuchh ye log tumhari nisbat bayan karte hain usse ham oob vaiph hain
1864,"inmen se jisko jab chaho alag kar do aur jisko jab tak chaho apne pas rakho aur jin aurton ko tumne alag kar diya tha agar phir tum unke khvah ho to bhi tum par koee mazaea nahin hai ye thou hadst set diya gaya hai zaroor is abil hai ki tumhari biviyon ki ऑnkhen thandi rahe aur aarjooda atir n ho aur vo kuchh tum unhen de do sabki sab us par razi rahen aur jo kuchh tumhare dilon men hai khuda usko ub janta hai aur khuda to bara vaiphkar burdbar hai
",positive,2,inmen se jisko jab chaho alag kar do aur jisko jab tak chaho apne pas rakho aur jin aurton ko tumne alag kar diya tha agar phir tum unke khvah ho to bhi tum par koee mazaea nahin hai ye thou hadst set diya gaya hai zaroor is abil hai ki tumhari biviyon ki nkhen thandi rahe aur aarjooda atir n ho aur vo kuchh tum unhen de do sabki sab us par razi rahen aur jo kuchh tumhare dilon men hai khuda usko ub janta hai aur khuda to bara vaiphkar burdbar hai
1865,"cultural relations bhartiy cultural relations parishad desh ke sanskritik doot ki bhoomika nibha rahi hai.
",neutral,1,cultural relations bhartiy cultural relations parishad desh ke sanskritik doot ki bhoomika nibha rahi hai
1866,"unhen n keval bahut se gairkanooni kar aur mahsool compelled to pay kiya jata perform forced labour bhi karayi jati thi
",negative,0,unhen n keval bahut se gairkanooni kar aur mahsool compelled to pay kiya jata perform forced labour bhi karayi jati thi
1867,"to vah log kahne lage kya unto hamare pas islie hast ho ki sirph uda ki to ibadat karen aur jinko hamare fathers dada poojte chale hast chhor baithen pas agar unto truthful ho to jisse unto hamko darate ho hamare pas lao
",positive,2,to vah log kahne lage kya unto hamare pas islie hast ho ki sirph uda ki to ibadat karen aur jinko hamare fathers dada poojte chale hast chhor baithen pas agar unto truthful ho to jisse unto hamko darate ho hamare pas lao
1868,"ek or jahan sanvidhik chalnidhi anupat eselaar men nivesh ki rashi 49938 karor thi vahin doosri or gair-sanvidhik chalnidhi anupat men nivesh ki rashi 60746 karor rahi hal
",neutral,1,ek or jahan sanvidhik chalnidhi anupat eselaar men nivesh ki rashi karor thi vahin doosri or gairsanvidhik chalnidhi anupat men nivesh ki rashi karor rahi hal
1869,"ismen role of akbar prithviraj played by prithviraj tha.
",positive,2,ismen role of akbar prithviraj played by prithviraj tha
1870,"je  pi  aur vinoba donon ne us war ka samarthan kiya.
",negative,0,je pi aur vinoba donon ne us war ka samarthan kiya
1871,"agar free kuchh covered nahin kiya hai, par ek comment likhne ke lie feel free karta hoon
",positive,2,agar free kuchh covered nahin kiya hai par ek comment likhne ke lie feel free karta hoon
1872,"aur  unki bhi yahi halat thi ki  unke pas koee apostle n aaya magar un logon ne uski hnsi zarur uraee
",negative,0,aur unki bhi yahi halat thi ki unke pas koee apostle n aaya magar un logon ne uski hnsi zarur uraee
1873,"ek irritated voice men, unhonne kaha ki,
",negative,0,ek irritated voice men unhonne kaha ki
1874,"svarg  ke lie greek men  kvaranos   uranus planet ke oopar nam rakha gaya
",positive,2,svarg ke lie greek men kvaranos uranus planet ke oopar nam rakha gaya
1875,"file sahejne ke lie aapke pas necessary permissions nahin hai
",positive,2,file sahejne ke lie aapke pas necessary permissions nahin hai
1876,"tat par anek quay commenced pakaro chillane lage.
",positive,2,tat par anek quay commenced pakaro chillane lage
1877,"s ko path men nahin paya ja saka
",neutral,1,s ko path men nahin paya ja saka
1878,"information ke is gap ko pate bina aesi disparity will persist
",neutral,1,information ke is gap ko pate bina aesi disparity will persist
1879,"is kshetr large number birds visit number
",positive,2,is kshetr large number birds visit number
1880,"military action itni scattered huee aur sporadic thi ki hamari people , jinka n koee neta tha aur n hi jiske pas door-draj ke remote tak snchar ke koee means the , shayad clear roop se yah janti tak nahin thi ki unke country ko ya ho raha
",positive,2,military action itni scattered huee aur sporadic thi ki hamari people jinka n koee neta tha aur n hi jiske pas doordraj ke remote tak snchar ke koee means the shayad clear roop se yah janti tak nahin thi ki unke country ko ya ho raha
1881,"baharhal , main yah anuman nahin lagana chahta tha ki bndi ne pahle hi in attempt to infer di thi ya nahin , kyonki court of justice men sirph aese anuman ko svikar nahin kiya
",negative,0,baharhal main yah anuman nahin lagana chahta tha ki bndi ne pahle hi in attempt to infer di thi ya nahin kyonki court of justice men sirph aese anuman ko svikar nahin kiya
1882,"unhen exotic music bhav-vibhor nahin kar pata tha.
",negative,0,unhen exotic music bhavvibhor nahin kar pata tha
1883,"amount rashi jise kisi snbhavit dayitvjokhim ki poorti ke lie set se rakh diya gaya ho.
",negative,0,amount rashi jise kisi snbhavit dayitvjokhim ki poorti ke lie set se rakh diya gaya ho
1884,"data to window par transfer kiya ja saka
",neutral,1,data to window par transfer kiya ja saka
1885,"such nation aese inspired teachers ka rini hai.
",positive,2,such nation aese inspired teachers ka rini hai
1886,"ye pustken bngla men abhivyakti ki kshamta baane ke lie snskrit sahity par adhikar karke bngla sahity se ghanishth sampark tak aur hindoo kalej tatha mishanriyon dvara sthapit kalejon men di jane vali angrezi shiksha tak pahunchane ka kam nibhane vali thin.
",positive,2,ye pustken bngla men abhivyakti ki kshamta baane ke lie snskrit sahity par adhikar karke bngla sahity se ghanishth sampark tak aur hindoo kalej tatha mishanriyon dvara sthapit kalejon men di jane vali angrezi shiksha tak pahunchane ka kam nibhane vali thin
1887,"jin persons taking sulphonylurea davaiyan di ja rahi hain aur unka blood glucose star samany hai, unhen exercise programme ke dauran in davaiyon in davaiyon ki khurak kam karne ki aavashyakta ho sakti
",positive,2,jin persons taking sulphonylurea davaiyan di ja rahi hain aur unka blood glucose star samany hai unhen exercise programme ke dauran in davaiyon in davaiyon ki khurak kam karne ki aavashyakta ho sakti
1888,"selected messages pae ge ke roop men chihnit karen
",neutral,1,selected messages pae ge ke roop men chihnit karen
1889,"user ka nam bataen agar aap current user nahi hai
",neutral,1,user ka nam bataen agar aap current user nahi hai
1890,"repayment kastmaiz kiya ja sakta hai bahut highly fleksibal  maximum 30 varsh.
",positive,2,repayment kastmaiz kiya ja sakta hai bahut highly fleksibal maximum varsh
1891,"aur great gunah par violation rahte the
",positive,2,aur great gunah par violation rahte the
1892,"tissue ko dekhne ke lie microscope pryog kiya gaya
",neutral,1,tissue ko dekhne ke lie microscope pryog kiya gaya
1893,"premachand ke anusar unki short story, duniya ka sabse precious jewel, san 1907 men prkashit huee.
",positive,2,premachand ke anusar unki short story duniya ka sabse precious jewel san men prkashit huee
1894,"aur tum apni thing secretly kaho ya khullam khulla vah to dil ke bhedon tak se oob vaif hai
",positive,2,aur tum apni thing secretly kaho ya khullam khulla vah to dil ke bhedon tak se oob vaif hai
1895,"live: ye per aur ghas vale khule maidanon live near water
",neutral,1,live ye per aur ghas vale khule maidanon live near water
1896,"raz magicians ne kaha ae moosa ya to tum hi apne jadoo phenko aur ya ye ki pahle jo jadoo phenke vah ham hi hon
",neutral,1,raz magicians ne kaha ae moosa ya to tum hi apne jadoo phenko aur ya ye ki pahle jo jadoo phenke vah ham hi hon
1897,"ki hamen is word shabd ko mita hi dena chahie
",neutral,1,ki hamen is word shabd ko mita hi dena chahie
1898,"peasant jhakjhor utha aur vah apni quiescent shell men se nikal kar bahar jhankne laga
",negative,0,peasant jhakjhor utha aur vah apni quiescent shell men se nikal kar bahar jhankne laga
1899,"un god ka badla yahi hai ki unapar allah aur angels aur sare manushyon ki condemnation hai
",positive,2,un god ka badla yahi hai ki unapar allah aur angels aur sare manushyon ki condemnation hai
1900,"hamne to tum logon ke pas vah kitab kuran nazil ki hai jismen tumhara bhi zikre air hai to kya tum log itna bhi samajhte
",neutral,1,hamne to tum logon ke pas vah kitab kuran nazil ki hai jismen tumhara bhi zikre air hai to kya tum log itna bhi samajhte
1901,"bug baddi snsthapit nahin hai
",neutral,1,bug baddi snsthapit nahin hai
1902,"ki se multiplying karne ke roop men ek hi thing hai
",neutral,1,ki se multiplying karne ke roop men ek hi thing hai
1903,"thousands pahle dekh chuke hain ki hajaro shiva basav ke ghar house the aur vah bhatipad gata huaa , shiv ke bare men speaking karta huaa nights unhin ke sath bitata tha
",positive,2,thousands pahle dekh chuke hain ki hajaro shiva basav ke ghar house the aur vah bhatipad gata huaa shiv ke bare men speaking karta huaa nights unhin ke sath bitata tha
1904,"dieneaarene  protein building  acid iriyaen ek parakhanli men bhi ki ja sakti hain basharte iske lie aavshri-oonshchhsh-yak sequence tatha ribosome aadi padarth upalbri-oonshchhsh-dh honprarnbhik information ka rim dene hetu nri-oonshchhsh-yookri-oonshchhsh-liik amri-oonshchhsh-l bhi upalbri-oonshchhsh-dh ho
",positive,2,dieneaarene protein building acid iriyaen ek parakhanli men bhi ki ja sakti hain basharte iske lie aavshrioonshchhshyak sequence tatha ribosome aadi padarth upalbrioonshchhshdh honprarnbhik information ka rim dene hetu nrioonshchhshyookrioonshchhshliik amrioonshchhshl bhi upalbrioonshchhshdh ho
1905,"ye pariyojnaen injiniyron ke anoothe karname hain.
",positive,2,ye pariyojnaen injiniyron ke anoothe karname hain
1906,"pahle approach the trader karna budghimani hogi .
",neutral,1,pahle approach the trader karna budghimani hogi
1907,"local bag tatha pain ko kam karne hetu ice ki thaili ka application kiya jata hai.
",negative,0,local bag tatha pain ko kam karne hetu ice ki thaili ka application kiya jata hai
1908,"vah officer jise arbitration karne ki responsibility saunpi gayi hai.
",positive,2,vah officer jise arbitration karne ki responsibility saunpi gayi hai
1909,"trap shooter anavar sultan ke family ki shikayat hai ki ve behad silent rahne lage hain
",negative,0,trap shooter anavar sultan ke family ki shikayat hai ki ve behad silent rahne lage hain
1910,"aur hamne ibrahim ko isha va yaoob sa beta pota ata kiya hamne sabki hidayat ki aur unse pahle nooh ko bhi ham hi ne hidayat ki aur unhin ibrahim ko aulad se daood v suleman v ayyoob v yoosuph v moosa v harun sab ki hamne hidayat ki aur nekon karon ko ham aesa hi ilm ata pharmate hain
",positive,2,aur hamne ibrahim ko isha va yaoob sa beta pota ata kiya hamne sabki hidayat ki aur unse pahle nooh ko bhi ham hi ne hidayat ki aur unhin ibrahim ko aulad se daood v suleman v ayyoob v yoosuph v moosa v harun sab ki hamne hidayat ki aur nekon karon ko ham aesa hi ilm ata pharmate hain
1911,"worship hi vah log lage hue hai, ruin hokar rahega. aur jo kuchh ye kar rahe hai sarvtha vyarth hai.
",negative,0,worship hi vah log lage hue hai ruin hokar rahega aur jo kuchh ye kar rahe hai sarvtha vyarth hai
1912,"market men nihit svarthon vale vyaktiyon dvara commodities ki is way purchasing karna jisse ve market par price control sthapit karne men saphal ho jaen.
",neutral,1,market men nihit svarthon vale vyaktiyon dvara commodities ki is way purchasing karna jisse ve market par price control sthapit karne men saphal ho jaen
1913,"country music plays, alarm beeping
",negative,0,country music plays alarm beeping
1914,"hook ek uncus shaped process athva part hai.
",neutral,1,hook ek uncus shaped process athva part hai
1915,"nematodes sootrak ya nema ke roop men bhi jane jate hain
",neutral,1,nematodes sootrak ya nema ke roop men bhi jane jate hain
1916,"ye kuchh linking creative kar rahe hain .
",positive,2,ye kuchh linking creative kar rahe hain
1917,"sabse pahle hai hamara sharir jise bhautik pranashakti arthat sthool pran dharan kiye hai yah pran sampoorn snayumandal men gati karta hai aur hamare sharir ke kary par apni chhap laga deta hain parinamasvroop, iske sabhi kary kisi jar-yantrik sharir ki nahin, balki ek sajiv ki kriya ka svbhav dharan kiye rahte hain.
",positive,2,sabse pahle hai hamara sharir jise bhautik pranashakti arthat sthool pran dharan kiye hai yah pran sampoorn snayumandal men gati karta hai aur hamare sharir ke kary par apni chhap laga deta hain parinamasvroop iske sabhi kary kisi jaryantrik sharir ki nahin balki ek sajiv ki kriya ka svbhav dharan kiye rahte hain
1918,"harimohini ne staircase ke pas aakar do-tin times khansa bhi , lekin uska koee avail nahin huaa.
",negative,0,harimohini ne staircase ke pas aakar dotin times khansa bhi lekin uska koee avail nahin huaa
1919,"2  india ki variety ko dekhte hue parliament government jyada useful hai is me desh ke sabhi vargon ke people mntri parishad me liye ja sakte hai
",positive,2,india ki variety ko dekhte hue parliament government jyada useful hai is me desh ke sabhi vargon ke people mntri parishad me liye ja sakte hai
1920,"alas hai us day deny ki
",negative,0,alas hai us day deny ki
1921,"i megan se angry hoon kyonki usne apne party men mujhe aamntrit nahin kiya tha.
",negative,0,i megan se angry hoon kyonki usne apne party men mujhe aamntrit nahin kiya tha
1922,"past year germany ne willingness prakat ki ki information manpower ke vast men skilled bhartiyon ki prtibha ka labh germany uthana chahta hai.
",positive,2,past year germany ne willingness prakat ki ki information manpower ke vast men skilled bhartiyon ki prtibha ka labh germany uthana chahta hai
1923,"household by household yah ghar se shuroo hoti hai, ek hi chhat ke niche.
",neutral,1,household by household yah ghar se shuroo hoti hai ek hi chhat ke niche
1924,"main aamtaur aath baje sokar uthta hoon.
",neutral,1,main aamtaur aath baje sokar uthta hoon
1925,"i tamam nashkari machinery kattar virodhi hoon.
",negative,0,i tamam nashkari machinery kattar virodhi hoon
1926,"ones immediate aim communicable diseases ka unmoolan tatha gair-snchari diseases par niyntran hona chahie.
",neutral,1,ones immediate aim communicable diseases ka unmoolan tatha gairsnchari diseases par niyntran hona chahie
1927,"vibhag ke lie paridrishy parisnkalp 2015 ko 2002 men banaya gaya tha. ismen agle dashak ke dauran un vibhinn mishnon, priority areas, dayitvon aadi ki pahchan ki gee hai jinhen vibhag prapt karne ka pryas karega.
",positive,2,vibhag ke lie paridrishy parisnkalp ko men banaya gaya tha ismen agle dashak ke dauran un vibhinn mishnon priority areas dayitvon aadi ki pahchan ki gee hai jinhen vibhag prapt karne ka pryas karega
1928,"ye pustken sanskrit men expression ki power baane ke lie snskrit literature par mastery karke sanskrit literature se ghanishth acquaintance tak aur hindu college tatha christian dvara sthapit kalejon men access jane vali angrezi education tak pahunchane ka kam nibhane vali thin.
",positive,2,ye pustken sanskrit men expression ki power baane ke lie snskrit literature par mastery karke sanskrit literature se ghanishth acquaintance tak aur hindu college tatha christian dvara sthapit kalejon men access jane vali angrezi education tak pahunchane ka kam nibhane vali thin
1929,"vah is earth par prbhuka kingdom god
",positive,2,vah is earth par prbhuka kingdom god
1930,"sending events karyakram bhejne ke lie plugin
",neutral,1,sending events karyakram bhejne ke lie plugin
1931,"tenant malik ne shor-sharba, dnge ya phir laingik aur jat pat ka bhav rakh kar local authority kiya ho .
",negative,0,tenant malik ne shorsharba dnge ya phir laingik aur jat pat ka bhav rakh kar local authority kiya ho
1932,"leonardo da vinci  १४५२-१५१९  , italian artist , composer evn scientist
",neutral,1,leonardo da vinci italian artist composer evn scientist
1933,"fail ko likhne men file fwrite   file  s
",negative,0,fail ko likhne men file fwrite file s
1934,"ek any gurudwara gret nikobar ke kaimpal be men hai
",positive,2,ek any gurudwara gret nikobar ke kaimpal be men hai
1935,"split mode brabar split
",neutral,1,split mode brabar split
1936,"ab kuratti ka pati singan use dhundhta huaa aata husband
",neutral,1,ab kuratti ka pati singan use dhundhta huaa aata husband
1937,"aapki bat solah aane sahi hai .  s chepak ne utsahpoorvak hami bhari .
",positive,2,aapki bat solah aane sahi hai s chepak ne utsahpoorvak hami bhari
1938,"samay jiske bad gati ko increase speed hai sekend
",positive,2,samay jiske bad gati ko increase speed hai sekend
1939,"har drop adhik crop tatha   har khet ko pani   ko focus men rakhte hue pradhan mantri krishi sinchaee ko coverage baaya gaya hai.
",negative,0,har drop adhik crop tatha har khet ko pani ko focus men rakhte hue pradhan mantri krishi sinchaee ko coverage baaya gaya hai
1940,"to i 29 milta hai , yadi 2 jorta hoon to 30,3 jorta hoon to 31
",neutral,1,to i milta hai yadi jorta hoon to jorta hoon to
1941,"created the heavens aur earth ko saty ke sath paida kiya. nishchay hi ismen eemanvalon ke lie ek bari nishani hai
",positive,2,created the heavens aur earth ko saty ke sath paida kiya nishchay hi ismen eemanvalon ke lie ek bari nishani hai
1942,"kintu yah stage, kam-se-kam ek practical force ke roop men, high perfection ki ek bad ki avastha men hi prapt hoti hai.
",positive,2,kintu yah stage kamsekam ek practical force ke roop men high perfection ki ek bad ki avastha men hi prapt hoti hai
1943,"in sabhi areas of operating evn organising business activities karne ke vishishta business activities
",neutral,1,in sabhi areas of operating evn organising business activities karne ke vishishta business activities
1944,"nimnlikhit niymon aur sharton par muharbnd liphaphe men, jiske oopar not brikets ki kharid ke lie nivida  likha ho aur jo mahaprbndhak, issue department, bhartiy rizarv baink, kolkata  700 001 ko snbodhit ho, prti baig 40 kilogram lagabhag ke not brikets ki kharid ke lie koteshan ka aamntran is tarah se kiya jata hai ki yah 24 joon 2015 ko 14:00 baje athva uske poorv karyalay men pahunch jae.
",positive,2,nimnlikhit niymon aur sharton par muharbnd liphaphe men jiske oopar not brikets ki kharid ke lie nivida likha ho aur jo mahaprbndhak issue department bhartiy rizarv baink kolkata ko snbodhit ho prti baig kilogram lagabhag ke not brikets ki kharid ke lie koteshan ka aamntran is tarah se kiya jata hai ki yah joon ko baje athva uske poorv karyalay men pahunch jae
1945,"act men yah bhi unki competitiveness baane ke roop men in enterprises ke development ki suvidha ke lie karna chahta hai.
",neutral,1,act men yah bhi unki competitiveness baane ke roop men in enterprises ke development ki suvidha ke lie karna chahta hai
1946,"sun ke samay region of shanghai kshetr ab tak sooraj apne kshitij ke niche tak nahin dooba hai balki yah dhundh smog ki rekha tak pahunch gaya hai
",negative,0,sun ke samay region of shanghai kshetr ab tak sooraj apne kshitij ke niche tak nahin dooba hai balki yah dhundh smog ki rekha tak pahunch gaya hai
1947,"duplicitous salesman ne prtima hamen bechne ka vayda karne ke bavjood use kisi aur ko bech di.
",positive,2,duplicitous salesman ne prtima hamen bechne ka vayda karne ke bavjood use kisi aur ko bech di
1948,"aur religion dharm ki spasht se us vyakti se achchha kaun ho sakta hai, jisne apne aapko allah ke aage jhuka diya aur ibrahim ke tarie ka anusaran kare, jo sabse katakar ek ka ho gaya tha allah ne ibrahim ko apna ghanishth mitr banaya tha
",positive,2,aur religion dharm ki spasht se us vyakti se achchha kaun ho sakta hai jisne apne aapko allah ke aage jhuka diya aur ibrahim ke tarie ka anusaran kare jo sabse katakar ek ka ho gaya tha allah ne ibrahim ko apna ghanishth mitr banaya tha
1949,"cricket ka khelbharat men cricket ke khel ka aarambh 1721 men huaa
",positive,2,cricket ka khelbharat men cricket ke khel ka aarambh men huaa
1950,"unhonne bad adhyayan karne ke lie ye delhi university ke kirorimal klej chale ge jahan science graduate degree ki upadhi prapt ki.
",neutral,1,unhonne bad adhyayan karne ke lie ye delhi university ke kirorimal klej chale ge jahan science graduate degree ki upadhi prapt ki
1951,"current modified project ko chhoren
",negative,0,current modified project ko chhoren
1952,"aur unse kaha taste  apne azab ka ordeal chakho ye vahi hai jiski tum jaldi machaya karte the
",positive,2,aur unse kaha taste apne azab ka ordeal chakho ye vahi hai jiski tum jaldi machaya karte the
1953,"deeds ve log hai present striving sansarik life men akarath gaya aur ve yahi samajhte hai ki ve bahut good karm kar rahe hai
",positive,2,deeds ve log hai present striving sansarik life men akarath gaya aur ve yahi samajhte hai ki ve bahut good karm kar rahe hai
1954,"backward backward classes commission bilkul prarnbh se hi vivadon se ghira raha.
",negative,0,backward backward classes commission bilkul prarnbh se hi vivadon se ghira raha
1955,"file v partitions pvaints banane ke lie ready hain
",positive,2,file v partitions pvaints banane ke lie ready hain
1956,"aur tum apni thing hearts kaho ya khullam khulla vah to dil ke innermost tak se oob vaif hai
",positive,2,aur tum apni thing hearts kaho ya khullam khulla vah to dil ke innermost tak se oob vaif hai
1957,"prsiddh chauri-chaura tatha merath shadyntr kuchh aese mamle hain jinmen nyayalay ne svtntrta ki avdharna banae rakhte hue delivered memorable judgments
",neutral,1,prsiddh chaurichaura tatha merath shadyntr kuchh aese mamle hain jinmen nyayalay ne svtntrta ki avdharna banae rakhte hue delivered memorable judgments
1958,"command chalane se pahle wait karen jab tak ki window dikhane ke lie kaha jae
",neutral,1,command chalane se pahle wait karen jab tak ki window dikhane ke lie kaha jae
1959,"aap adhik se adhik hearing men do witnesses la sakte hain
",neutral,1,aap adhik se adhik hearing men do witnesses la sakte hain
1960,"aur is tarah ye sabhi ek sath hokar,
",neutral,1,aur is tarah ye sabhi ek sath hokar
1961,"aap expect kar sakte hai ki health visitor expect to receive ke lie visit a
",neutral,1,aap expect kar sakte hai ki health visitor expect to receive ke lie visit a
1962,"meri is post par confirmation ho gee hai.
",neutral,1,meri is post par confirmation ho gee hai
1963,"sudama ki story rig se li hai.
",negative,0,sudama ki story rig se li hai
1964,"par isko meeting kaha bhi jae ya nahin
",neutral,1,par isko meeting kaha bhi jae ya nahin
1965,"samundar ke lutere: dead ka khazana
",negative,0,samundar ke lutere dead ka khazana
1966,"distance formula hai, jo vastav men sirph hai ka extension hai
",neutral,1,distance formula hai jo vastav men sirph hai ka extension hai
1967,"to product rules hamen madad karte hain.
",positive,2,to product rules hamen madad karte hain
1968,"uske bad company ne supreme court ka darvaja moved
",positive,2,uske bad company ne supreme court ka darvaja moved
1969,"aur agar jhuthlane vale astray men se hai
",negative,0,aur agar jhuthlane vale astray men se hai
1970,"aur hamne heaven se barakat vala water barsaya to usse gardens  ke grain  ugae aur kheti ka anaj aur lambi lambi khajooren
",positive,2,aur hamne heaven se barakat vala water barsaya to usse gardens ke grain ugae aur kheti ka anaj aur lambi lambi khajooren
1971,"halanki, karkhane ke bhavan, plant and machinery aur sv-virchit machinery ke snbndh men kramsha ru ४१, १९, २६०-, ru १, ६६, ६४, २७१- aur ru १, ६६, ६४, २७१- tak ke vauchar nirdhariti dvara prastut nahin kie ja sake
",positive,2,halanki karkhane ke bhavan plant and machinery aur svvirchit machinery ke snbndh men kramsha ru ru aur ru tak ke vauchar nirdhariti dvara prastut nahin kie ja sake
1972,"colonies and office parisron aur prdhan karyalay ka snpatti kar, payment of property, pani ke bilon aur vikrtaon ke bilon ka bhugtan
",neutral,1,colonies and office parisron aur prdhan karyalay ka snpatti kar payment of property pani ke bilon aur vikrtaon ke bilon ka bhugtan
1973,"xrc srotsadhan : incorrect colour specification   s  gunadharm   s  ke lie.
",neutral,1,xrc srotsadhan incorrect colour specification s gunadharm s ke lie
1974,"lekin itne bare matter ke mamle men yon apni aankhon men deceive dalne ki koshish n kar.
",negative,0,lekin itne bare matter ke mamle men yon apni aankhon men deceive dalne ki koshish n kar
1975,"har shahar men mere samarthan men aur high court ke phaisle ke virodh meetings of sympathy hueen
",positive,2,har shahar men mere samarthan men aur high court ke phaisle ke virodh meetings of sympathy hueen
1976,"jahan amerika ne bharat se kashmiri netritv ke sath batchit ki prakriya shuroo karne ka anurodh kiya, vahin inklatan ne parvez clear to general kaha ki ve un aatnkvadiyon par lagam lagaen, jinhen pakistan hathiyar aur prshikshan de raha hai
",negative,0,jahan amerika ne bharat se kashmiri netritv ke sath batchit ki prakriya shuroo karne ka anurodh kiya vahin inklatan ne parvez clear to general kaha ki ve un aatnkvadiyon par lagam lagaen jinhen pakistan hathiyar aur prshikshan de raha hai
1977,"yah yeah par synthetic data , easy hai.
",positive,2,yah yeah par synthetic data easy hai
1978,"air men bahut se tattv hote hain jo paudhon aur plans  many particles  ka health kar sakte hain ya najar rab kar sakte hain yah natural prakriyaon tatha many activities donon se utpann hote hain  air men natural roop se nahin pae jane vale tatv ya adhik sandrta ke sath ya generic se different tatvon ko prdooshak kaha jata hai
",negative,0,air men bahut se tattv hote hain jo paudhon aur plans many particles ka health kar sakte hain ya najar rab kar sakte hain yah natural prakriyaon tatha many activities donon se utpann hote hain air men natural roop se nahin pae jane vale tatv ya adhik sandrta ke sath ya generic se different tatvon ko prdooshak kaha jata hai
1979,"maidanon ki doosri common butterfly dens limnies hai jiske kale pnkhon par nilabh-sphed rekhaen hoti hain.
",neutral,1,maidanon ki doosri common butterfly dens limnies hai jiske kale pnkhon par nilabhsphed rekhaen hoti hain
1980,"game ke pas koee hal nahin hai vapas le ya phir start karen
",negative,0,game ke pas koee hal nahin hai vapas le ya phir start karen
1981,"tumhara paravardigar tumhare hal se khoob vaiph hai earth better lord par raham people aur earth better lord par azab people aur  ae heavens  hamne tumko kuchh un logon ka zimmedar banakar nahin bheja hai
",positive,2,tumhara paravardigar tumhare hal se khoob vaiph hai earth better lord par raham people aur earth better lord par azab people aur ae heavens hamne tumko kuchh un logon ka zimmedar banakar nahin bheja hai
1982,"keval hamari aakashgnga men hi 40,000 crore stars hai.
",negative,0,keval hamari aakashgnga men hi crore stars hai
1983,"iska arth tha tonnes 180 total tan ki atirikat additional isse san 1980-85 men kul additional baakar 430 total ho jayegi
",neutral,1,iska arth tha tonnes total tan ki atirikat additional isse san men kul additional baakar total ho jayegi
1984,"phir yadi ve tumhen jhuthlate hi rahen, to tumse pahle bhi kitne hi messengers denied ja chuke hai, jo brought clear, zbooren aur enlightening scripture lekar aae the
",positive,2,phir yadi ve tumhen jhuthlate hi rahen to tumse pahle bhi kitne hi messengers denied ja chuke hai jo brought clear zbooren aur enlightening scripture lekar aae the
1985,"ata facilities to jail ko provide following facilities karne ka nirnay liya gayaa
",neutral,1,ata facilities to jail ko provide following facilities karne ka nirnay liya gayaa
1986,"i yah janakar bahut khushi huee hai ki raipur airport adde ka nam sntdarshnik swamiji svapanadrashta swami vivekananda ke nam par place gaya number
",positive,2,i yah janakar bahut khushi huee hai ki raipur airport adde ka nam sntdarshnik swamiji svapanadrashta swami vivekananda ke nam par place gaya number
1987,"underline spelling pryog ke dauran galat spelling vale words color se rekhankit karen
",neutral,1,underline spelling pryog ke dauran galat spelling vale words color se rekhankit karen
1988,"ye outer circle dikha raha hai ki kin savalon par unhonne dhyan diya.
",positive,2,ye outer circle dikha raha hai ki kin savalon par unhonne dhyan diya
1989,"rashtrapati bhavan ka first ti-10 tournament meharchnd ke netritv men haus hold household ne jita chand up-vijeta tim major amit bharadwaj ke netritv men runners bi ji pbg rahi.
",positive,2,rashtrapati bhavan ka first ti tournament meharchnd ke netritv men haus hold household ne jita chand upvijeta tim major amit bharadwaj ke netritv men runners bi ji pbg rahi
1990,"s, d snpann, s remaining
",neutral,1,s d snpann s remaining
1991,"dainik jivan men enbeded sistam evn mahatvpoorn kshetron men prshikshit manav snsadhan ki bati aavashyakta ko dhyan men rakh kar si-daik ne kampyootar, ilektrniks aur aaiti injiniyron ke lie embedded systems design men diploma  pathyakram ki shurooaat ki hai.
",positive,2,dainik jivan men enbeded sistam evn mahatvpoorn kshetron men prshikshit manav snsadhan ki bati aavashyakta ko dhyan men rakh kar sidaik ne kampyootar ilektrniks aur aaiti injiniyron ke lie embedded systems design men diploma pathyakram ki shurooaat ki hai
1992,"telephone par trained phone operators pharm bhi bhar sakte hain.
",neutral,1,telephone par trained phone operators pharm bhi bhar sakte hain
1993,"unhonne 275 kilo kiton ke vikray se 150 rupyekilo ki dar se 41,700 rupye kamae tatha 500 rupyekvintal ki dar se 23 kvintal kampost bechakar 11,500 rupye kamae.
",neutral,1,unhonne kilo kiton ke vikray se rupyekilo ki dar se rupye kamae tatha rupyekvintal ki dar se kvintal kampost bechakar rupye kamae
1994,"aur poolis ke sath kya kya aa jata hai.
",neutral,1,aur poolis ke sath kya kya aa jata hai
1995,"hamne to heavens aur earth ko aur jo kuchh unke madhy hai , truth paida kiya hai , aur vah hour ki ghari to anivaryta aanevali hai. ata tum gracious prkar overlook  forgiveness  se kam requirements
",positive,2,hamne to heavens aur earth ko aur jo kuchh unke madhy hai truth paida kiya hai aur vah hour ki ghari to anivaryta aanevali hai ata tum gracious prkar overlook forgiveness se kam requirements
1996,"yah urban land uchchitam sima aur viniyaman, adhiniyam, 1976 tatha urban land uchch tam sima aur viniyaman repeal act, 1999 ka prshasan karta hai.
",positive,2,yah urban land uchchitam sima aur viniyaman adhiniyam tatha urban land uchch tam sima aur viniyaman repeal act ka prshasan karta hai
1997,"cell ke center men pnkti baddh honge
",neutral,1,cell ke center men pnkti baddh honge
1998,"koee empty subject line ke sath ek message bhejen  e
",negative,0,koee empty subject line ke sath ek message bhejen e
1999,"chaynit image ki properties v gun dikhaen
",neutral,1,chaynit image ki properties v gun dikhaen
2000,"jo vo sikhna chahte hain
",positive,2,jo vo sikhna chahte hain
2001,"jahan kahin economic position nahin change hai , vahan women ka darja bhi aprivartniy raha same
",negative,0,jahan kahin economic position nahin change hai vahan women ka darja bhi aprivartniy raha same
2002,"tumhen jamin ka rent grand karna chahie.
",positive,2,tumhen jamin ka rent grand karna chahie
2003,"aesi institution jo academic education upalabdh karati hai
",neutral,1,aesi institution jo academic education upalabdh karati hai
2004,"to is tarah main apne doosre brings tak pahunchti hoon.
",positive,2,to is tarah main apne doosre brings tak pahunchti hoon
2005,"i uthi aur khoon se bloodstained uske clothes ko pakar uski leg oopar utha aayi.
",neutral,1,i uthi aur khoon se bloodstained uske clothes ko pakar uski leg oopar utha aayi
2006,"ise 1856 men legislative council ke samaksh prastut kiya gaya aur1860 men parit kiya gaya.
",neutral,1,ise men legislative council ke samaksh prastut kiya gaya aur men parit kiya gaya
2007,"aur vah ek fun hai problem hai , aur yah aksar ke kind men die ge ki tarah hai
",positive,2,aur vah ek fun hai problem hai aur yah aksar ke kind men die ge ki tarah hai
2008,"hub proteins ki bhavishyvani hetu web server
",neutral,1,hub proteins ki bhavishyvani hetu web server
2009,"snskrit ke grammar ko vagish shastri ne scientific nature prdan kiya hai.
",neutral,1,snskrit ke grammar ko vagish shastri ne scientific nature prdan kiya hai
2010,"repayment  kastmaiz kiya ja sakta hai  bahut adhik fleksibal yrs maximum flexible varsh.
",positive,2,repayment kastmaiz kiya ja sakta hai bahut adhik fleksibal yrs maximum flexible varsh
2011,"yadi kirayedari ke samjhote men koee bat aapko samajh nahin aati, to aa kaunsil ko poonchhe.
",positive,2,yadi kirayedari ke samjhote men koee bat aapko samajh nahin aati to aa kaunsil ko poonchhe
2012,"ek so-called philosopher king , jo apni party ke stereotypes se oopar hai
",positive,2,ek socalled philosopher king jo apni party ke stereotypes se oopar hai
2013,"ve akasar gamin ke dinon men baramde men aur sardiyon men subah ki dhoop men nnge badan baithe mil jaenge.
",neutral,1,ve akasar gamin ke dinon men baramde men aur sardiyon men subah ki dhoop men nnge badan baithe mil jaenge
2014,"aur aesa karte hue needs short society aur country ki long strength ko dhyan men rakhna hai balki alpkalik jaroorton ko bhi dekhna hai jinki andekhi nahin ki ja sakti.
",positive,2,aur aesa karte hue needs short society aur country ki long strength ko dhyan men rakhna hai balki alpkalik jaroorton ko bhi dekhna hai jinki andekhi nahin ki ja sakti
2015,"in pryogshalaon men varsh men 131 lakh samples ki janch karne ki kshamta total
",neutral,1,in pryogshalaon men varsh men lakh samples ki janch karne ki kshamta total
2016,"jabki tumapar watchers karnevale niyukt hain
",neutral,1,jabki tumapar watchers karnevale niyukt hain
2017,"knower hai jo aakashon men bhi heaven hai aur earth men bhi heaven hai aur vah tatvadarshi , sarvajnj hai
",positive,2,knower hai jo aakashon men bhi heaven hai aur earth men bhi heaven hai aur vah tatvadarshi sarvajnj hai
2018,"in baton ka koee matalab n hota agar bhasmasura ek good demon hota aur sabse friendly rakhta.
",positive,2,in baton ka koee matalab n hota agar bhasmasura ek good demon hota aur sabse friendly rakhta
2019,"nagrik food aur weights mamle tatha public distribution ministry men map-tol measures is subject se snbndhit sabhi gatividhiyon ko dekhne vali prmukh nodal hain.
",neutral,1,nagrik food aur weights mamle tatha public distribution ministry men maptol measures is subject se snbndhit sabhi gatividhiyon ko dekhne vali prmukh nodal hain
2020,"lekin ham vapas aa ge hain, dobara,
",neutral,1,lekin ham vapas aa ge hain dobara
2021,"india 217 se bhi adhik countries ke sath sthliy aur viman seva dvara patro ka aadan-prdan karta hai.
",neutral,1,india se bhi adhik countries ke sath sthliy aur viman seva dvara patro ka aadanprdan karta hai
2022,"kh snsad ke pratyek sadan ya kisi rajy ke vidhan-mndal ke sadan ya pratyek sadan ke lie koee nirvachan aesi nirvachan arji par hi called in question, jo aese pradhikari ko aur aesi riti se prastut ki gee hai jiska samuchit vidhan-mndal dvara banaee gee vidhi dvara ya uske adhin upbndh kiya jae, anytha nahin.
",negative,0,kh snsad ke pratyek sadan ya kisi rajy ke vidhanmndal ke sadan ya pratyek sadan ke lie koee nirvachan aesi nirvachan arji par hi called in question jo aese pradhikari ko aur aesi riti se prastut ki gee hai jiska samuchit vidhanmndal dvara banaee gee vidhi dvara ya uske adhin upbndh kiya jae anytha nahin
2023,"islie nation aese inspired teachers ka rini hai.
",positive,2,islie nation aese inspired teachers ka rini hai
2024,"ek or jahan sanvidhik slr non  eselaar  men investments ki rashi 49938 crore thi vahin doosri or gair-sanvidhik slr non men investments ki rashi 60746 crore rahi  hal
",neutral,1,ek or jahan sanvidhik slr non eselaar men investments ki rashi crore thi vahin doosri or gairsanvidhik slr non men investments ki rashi crore rahi hal
2025,"koee ek aesa dastavej kaphi hoga, jismen baink ki sntushti ke anuroop grahak soochna ho
",positive,2,koee ek aesa dastavej kaphi hoga jismen baink ki sntushti ke anuroop grahak soochna ho
2026,"parantu harishchandr ka aagrah tha ki yadi unhen aadh ghanta ka bhi samay diya jae to vah use yad kar lenge.
",neutral,1,parantu harishchandr ka aagrah tha ki yadi unhen aadh ghanta ka bhi samay diya jae to vah use yad kar lenge
2027,"mumbai men historical structures jahan governor residence karte the.
",neutral,1,mumbai men historical structures jahan governor residence karte the
2028,"gratuity nidhiyon ki respect di jane vali particulars
",positive,2,gratuity nidhiyon ki respect di jane vali particulars
2029,"computer graphics and animated figures ke sath poori film aay
",neutral,1,computer graphics and animated figures ke sath poori film aay
2030,"is breed is black colour black and white hota hai
",neutral,1,is breed is black colour black and white hota hai
2031,"esk accessors auto generate karen java
",neutral,1,esk accessors auto generate karen java
2032,"yah vah pivot hai , jo country ke political system ki ninv hai
",neutral,1,yah vah pivot hai jo country ke political system ki ninv hai
2033,"svyn chandrashekhar is sndarbh men anishchit hai ki use kya karna chahie.
",negative,0,svyn chandrashekhar is sndarbh men anishchit hai ki use kya karna chahie
2034,"message header information nahin rakhta hai is action ke lie jaroori
",neutral,1,message header information nahin rakhta hai is action ke lie jaroori
2035,"national support national laboratories ke lie ri aari el-aar end di centre ki sthapna.
",positive,2,national support national laboratories ke lie ri aari elaar end di centre ki sthapna
2036,"is prkar binary series of numbers ko preshit kiya ja sakta hain.
",neutral,1,is prkar binary series of numbers ko preshit kiya ja sakta hain
2037,"national education day samaroh tatha 40vin jawaharlal nehru national bal vijnjan, ganit aur paryavaran pradarshni - 2013 ke udghatan ke avasar par bharat ke rashtrapti ka abhibhashan
",neutral,1,national education day samaroh tatha vin jawaharlal nehru national bal vijnjan ganit aur paryavaran pradarshni ke udghatan ke avasar par bharat ke rashtrapti ka abhibhashan
2038,"vargakar aadital ki bahri divar par uske prastar ke oopar konon par char karnkoot aur divar ke madhyam khndon ke oopar bich men char shala hainniche adhishthan ko aage baakar chaura kar diya gaya hai , taki samne ek adhik wider square mandapa ka aadhar ban sake
",positive,2,vargakar aadital ki bahri divar par uske prastar ke oopar konon par char karnkoot aur divar ke madhyam khndon ke oopar bich men char shala hainniche adhishthan ko aage baakar chaura kar diya gaya hai taki samne ek adhik wider square mandapa ka aadhar ban sake
2039,"aur ae rasool jo log kufr ki madad men pesh dmi kar jate hain unki vajah se tum ranj n karo kyonki ye log uda ko kuchh zarar nahin pahuncha sakte balki uda to ye chahta hai ki aaerat men unka hissa n rar de aur unke lie bara sakht azab hai
",negative,0,aur ae rasool jo log kufr ki madad men pesh dmi kar jate hain unki vajah se tum ranj n karo kyonki ye log uda ko kuchh zarar nahin pahuncha sakte balki uda to ye chahta hai ki aaerat men unka hissa n rar de aur unke lie bara sakht azab hai
2040,"kintu international standards se kuchh guidelines other hain india yah bhi resident hai ki yadi adhikar-hanan ki shikayat ho to pratyek individual uska samadhan rights sake.
",positive,2,kintu international standards se kuchh guidelines other hain india yah bhi resident hai ki yadi adhikarhanan ki shikayat ho to pratyek individual uska samadhan rights sake
2041,"distance formula hai , jo vastav men sirph hai ka extension hai
",neutral,1,distance formula hai jo vastav men sirph hai ka extension hai
2042,"kisi mamle men process of arbitration jo kanoonan anivary roop se palan karni hogi.
",neutral,1,kisi mamle men process of arbitration jo kanoonan anivary roop se palan karni hogi
2043,"unke pravakta mnsignor pl kakkasseri ne kaha bhi ,   hamne hamesha snlmo ka samarthan kiya haiislie hamen aese lagon ko manonit karne ka adhikar hai jinke bare men hamara manna hai ki ve hamari madad karenge
",positive,2,unke pravakta mnsignor pl kakkasseri ne kaha bhi hamne hamesha snlmo ka samarthan kiya haiislie hamen aese lagon ko manonit karne ka adhikar hai jinke bare men hamara manna hai ki ve hamari madad karenge
2044,"aur jab unse kaha gaya ki us ganv men jakar raho saho aur uske mevon se jahan tumhara ji chahe shau se khao piyo aur munh se hutma kahte aur sajda karte hue gate making obeisance ho to ham tumhari tae bakhsh degen aur neki karne valon ko ham kuchh jyada hi degen
",positive,2,aur jab unse kaha gaya ki us ganv men jakar raho saho aur uske mevon se jahan tumhara ji chahe shau se khao piyo aur munh se hutma kahte aur sajda karte hue gate making obeisance ho to ham tumhari tae bakhsh degen aur neki karne valon ko ham kuchh jyada hi degen
2045,"jab aapke gums and jawbone ki haddi ke ghav bhar jate hain to ek kraun  artificial tooth  banakar , khnbhe par kas diya jata hai ya siment dvara chipka diya jata hai
",negative,0,jab aapke gums and jawbone ki haddi ke ghav bhar jate hain to ek kraun artificial tooth banakar khnbhe par kas diya jata hai ya siment dvara chipka diya jata hai
2046,"year 1985-86 men poorvavarti kalyan mntralay ko mahila evn bal vikas vibhag tatha kalyan vibhag men vibhakt kiya gaya tha.
",neutral,1,year men poorvavarti kalyan mntralay ko mahila evn bal vikas vibhag tatha kalyan vibhag men vibhakt kiya gaya tha
2047,"pandiya raja usi dam moorchhit hokar gir pare aur mrityu grast ho gaye.
",negative,0,pandiya raja usi dam moorchhit hokar gir pare aur mrityu grast ho gaye
2048,"apni die se pahle, main  karna chahta hoon.
",negative,0,apni die se pahle main karna chahta hoon
2049,"actor ka allocation par nazar rakhne ke lie clip region ko sets karen
",neutral,1,actor ka allocation par nazar rakhne ke lie clip region ko sets karen
2050,"vah 1961 se 1971tak amerika ke vashingatan university ke sath jure rahe.
",neutral,1,vah se tak amerika ke vashingatan university ke sath jure rahe
2051,"ismen akbar ka patr prithviraj kapoor ne role tha.
",positive,2,ismen akbar ka patr prithviraj kapoor ne role tha
2052,"to sach hai ki jab ham bahar eks ki hota yah pata lagane ki koshish ki
",neutral,1,to sach hai ki jab ham bahar eks ki hota yah pata lagane ki koshish ki
2053,"poison ki due ke karan utpann chitt viparyay ko vishajany chitt viparyay kaha jata hai.
",negative,0,poison ki due ke karan utpann chitt viparyay ko vishajany chitt viparyay kaha jata hai
2054,"goa ko import aayatniryat hub  ke roop men viksit karna aur is prkar se export kendrit industries ko badhava dena.
",positive,2,goa ko import aayatniryat hub ke roop men viksit karna aur is prkar se export kendrit industries ko badhava dena
2055,"aren tum khud bilkul bhi tiny nahin ho
",neutral,1,aren tum khud bilkul bhi tiny nahin ho
2056,"is madad hetu intervention clusters ko chuna gaya hai
",neutral,1,is madad hetu intervention clusters ko chuna gaya hai
2057,"jab labour ke benevolent aspects par vichar kiya jata ho.
",positive,2,jab labour ke benevolent aspects par vichar kiya jata ho
2058,"ka upyog karte limit join men automatic pnkti-ganna ko simit updates
",positive,2,ka upyog karte limit join men automatic pnktiganna ko simit updates
2059,"mumbai men average temperature evn precipitation  table  ki sarni
",neutral,1,mumbai men average temperature evn precipitation table ki sarni
2060,"ii men first tark darshata hai ki muslims ki sakriyta aur s ki nishkriyta ke karan s ka columnist hoga aur apne dhimmi star ke sath vah history men dharmantrit ho jayega. uchch aur  prospect , uchch aur  janm ignore tatha uchch aur  borrowed aatmvishvas ke karan yah crisis patterns s ek khula door hai jismen muslim genocide rahe takeover
",negative,0,ii men first tark darshata hai ki muslims ki sakriyta aur s ki nishkriyta ke karan s ka columnist hoga aur apne dhimmi star ke sath vah history men dharmantrit ho jayega uchch aur prospect uchch aur janm ignore tatha uchch aur borrowed aatmvishvas ke karan yah crisis patterns s ek khula door hai jismen muslim genocide rahe takeover
2061,"aap apni query is postcard par likhakar snel snail ke dvara googal office ko bhej den.
",neutral,1,aap apni query is postcard par likhakar snel snail ke dvara googal office ko bhej den
2062,"serious evn s bimariyon ke major karan hain.
",negative,0,serious evn s bimariyon ke major karan hain
2063,"jaise 1X mainas 025X ke jaise likha aur vah same chiz hai jaise 075X
",neutral,1,jaise x mainas x ke jaise likha aur vah same chiz hai jaise x
2064,"ii tyuensang kary mntri tyuensang jile se snbndhit sabhi vishyon ki babat kary karega aur unke snbndh men rajypal ke pas uski sidhi pahunch hogi kintu vah unke snbndh men mukhymntri ko jankari deta rahega
",neutral,1,ii tyuensang kary mntri tyuensang jile se snbndhit sabhi vishyon ki babat kary karega aur unke snbndh men rajypal ke pas uski sidhi pahunch hogi kintu vah unke snbndh men mukhymntri ko jankari deta rahega
2065,"aapne is memo men parivartan kiya hai lekin abatak saheja nahin hai
",negative,0,aapne is memo men parivartan kiya hai lekin abatak saheja nahin hai
2066,"doosre act ke end me raja brahmadutt aur gathakar nanda ki dialogue hai jisme bhi brahradat ka name hota second
",neutral,1,doosre act ke end me raja brahmadutt aur gathakar nanda ki dialogue hai jisme bhi brahradat ka name hota second
2067,"8  disabled tatha senior citizens ki sahaytarth svyn sevak.
",neutral,1,disabled tatha senior citizens ki sahaytarth svyn sevak
2068,"ek bone jo kapal ka agr forms the front hai jismen mastishk hota hai
",neutral,1,ek bone jo kapal ka agr forms the front hai jismen mastishk hota hai
2069,"kanta ek naukri dhoon leti hai par madhav ki vajah se vah apne ko svtntr nahin samajh pati hai.
",negative,0,kanta ek naukri dhoon leti hai par madhav ki vajah se vah apne ko svtntr nahin samajh pati hai
2070,"krishnadyal ke kamre men pahunchakar gora ne dekha vah bistar par lete hue hain aur aanandamyi unke pairon ke pas baithi panv sahla rahi hai.
",negative,0,krishnadyal ke kamre men pahunchakar gora ne dekha vah bistar par lete hue hain aur aanandamyi unke pairon ke pas baithi panv sahla rahi hai
2071,"vachan ke apne bhag ka nishpanadan karne ke pashchamat kshtipoortikarta tritiy pakshkar ke virooddh koee adhikar shesh nahin rahte tatha vah tritiy pakshkar par tabhi mukadma chal sakta hai jab uske paksh men koee samnudeshan ho.
",positive,2,vachan ke apne bhag ka nishpanadan karne ke pashchamat kshtipoortikarta tritiy pakshkar ke virooddh koee adhikar shesh nahin rahte tatha vah tritiy pakshkar par tabhi mukadma chal sakta hai jab uske paksh men koee samnudeshan ho
2072,"aapko yad dilata hai jab aap mail message ke lie ek forgot to add ge
",positive,2,aapko yad dilata hai jab aap mail message ke lie ek forgot to add ge
2073,"sabhi shri mother ki presence men meditate karte hain.
",neutral,1,sabhi shri mother ki presence men meditate karte hain
2074,"president of india kal homiyopaithi par ek international convention ka udghatan karenge., president bhavan : 08042016
",neutral,1,president of india kal homiyopaithi par ek international convention ka udghatan karenge president bhavan
2075,"rahe ve log , jinhonne hamari messages ko jhuthlaya , unhen yatna pahunchakar rahegi , kyonki ve avajnja karte rahe hai
",negative,0,rahe ve log jinhonne hamari messages ko jhuthlaya unhen yatna pahunchakar rahegi kyonki ve avajnja karte rahe hai
2076,"industrial relations bill men deri ki bhi ek shikayat mili hai.
",negative,0,industrial relations bill men deri ki bhi ek shikayat mili hai
2077,"product lagta product inventory, raw materials, manufacturing equipment
",neutral,1,product lagta product inventory raw materials manufacturing equipment
2078,"stan se nikalnevala pile rng ka drav, jise kolostram kahte hain, shishu ko snkraman se bachane aur uski prtirodhak kshamta ko majboot karne ka sabse achchha upay hai. yah ek tika hai.
",positive,2,stan se nikalnevala pile rng ka drav jise kolostram kahte hain shishu ko snkraman se bachane aur uski prtirodhak kshamta ko majboot karne ka sabse achchha upay hai yah ek tika hai
2079,"jis prkar character human ke lie hota hai, usi prkar divine aatma ke lie prkriti hai
",positive,2,jis prkar character human ke lie hota hai usi prkar divine aatma ke lie prkriti hai
2080,"panduvarn ya pitavarn pilepan ko refers karta hai
",neutral,1,panduvarn ya pitavarn pilepan ko refers karta hai
2081,"vah place jahan aap ek computer ko ghoor rahe hain jabki vah computer bahut dhire-dhire kuchh prosesing kar raha something
",neutral,1,vah place jahan aap ek computer ko ghoor rahe hain jabki vah computer bahut dhiredhire kuchh prosesing kar raha something
2082,"is south ne do sudri famous banvaye the aur satrahvin century men muslim ke virooddh larte hue vah mara gaya tha.
",negative,0,is south ne do sudri famous banvaye the aur satrahvin century men muslim ke virooddh larte hue vah mara gaya tha
2083,"kisi bhi minterm ka complement ek gunad hota hai.
",neutral,1,kisi bhi minterm ka complement ek gunad hota hai
2084,"ki phnra v kushada jirah banao aur kariyon ke jorne men andaze ka khyal rakho aur tum sab ke sab achchhe achchhe kam karo vo kuchh tum log karte ho main yainan dekh raha hoon
",positive,2,ki phnra v kushada jirah banao aur kariyon ke jorne men andaze ka khyal rakho aur tum sab ke sab achchhe achchhe kam karo vo kuchh tum log karte ho main yainan dekh raha hoon
2085,"athva vichar ek maun truth and complete men nahin balki ek aesi vani ke roop men prakat ho sakta hai jo saty men se svaymev janm leti hai aur apne nij adhikar ke bal par hi poorn hoti hai aur apna antardarshan aur jnjan apne hi andar dharan kiye hoti hai.
",positive,2,athva vichar ek maun truth and complete men nahin balki ek aesi vani ke roop men prakat ho sakta hai jo saty men se svaymev janm leti hai aur apne nij adhikar ke bal par hi poorn hoti hai aur apna antardarshan aur jnjan apne hi andar dharan kiye hoti hai
2086,"data ko khirki par sthanantrit kiya ja saka
",neutral,1,data ko khirki par sthanantrit kiya ja saka
2087,"yani uda ke messenger jo reciting from purified hain aae aur
",neutral,1,yani uda ke messenger jo reciting from purified hain aae aur
2088,"aur bahut lot ho rahin hain ki yah conference kitni asadharan hai , kayapalat kar deti hai ,
",neutral,1,aur bahut lot ho rahin hain ki yah conference kitni asadharan hai kayapalat kar deti hai
2089,"ki se multiplying karne ke roop men ek hi same hai
",neutral,1,ki se multiplying karne ke roop men ek hi same hai
2090,"attendance ki nominal check uchit check
",neutral,1,attendance ki nominal check uchit check
2091,"to khud ko yad dilane ke lie, 5 aur 58 exact ek hi
",neutral,1,to khud ko yad dilane ke lie aur exact ek hi
2092,"yah jaroori hai kyonki agle 10 varshon men samaj se bhukhamri door karne ke lie food production karna hoga.
",positive,2,yah jaroori hai kyonki agle varshon men samaj se bhukhamri door karne ke lie food production karna hoga
2093,"yahan lama nrity, git gayan aur natkon men pipes and horns ka istemal karte hain. anek lama yahan dharmik prshikshan prapt karte hain.
",positive,2,yahan lama nrity git gayan aur natkon men pipes and horns ka istemal karte hain anek lama yahan dharmik prshikshan prapt karte hain
2094,"krishnadayal ke room men pahunchakar gora ne dekha vah bed par lying hue hain aur aanandamyi unke feet ke pas baithi panv sahla rahi hai.
",negative,0,krishnadayal ke room men pahunchakar gora ne dekha vah bed par lying hue hain aur aanandamyi unke feet ke pas baithi panv sahla rahi hai
2095,"jab earth tharathrakar kanp uthegi
",neutral,1,jab earth tharathrakar kanp uthegi
2096,"aese bhi constituencies hain, jo lakhnoose do sau milse bhi jyada door cases
",neutral,1,aese bhi constituencies hain jo lakhnoose do sau milse bhi jyada door cases
2097,"nearest parosi-prakshep , ek algorithm vidhi  map  hoti hai , jo screen ke pixel ko prtichitran par point ke corresponding texture karti hai.
",neutral,1,nearest parosiprakshep ek algorithm vidhi map hoti hai jo screen ke pixel ko prtichitran par point ke corresponding texture karti hai
2098,"welding lagana ki kyon, computers kyon nahin
",neutral,1,welding lagana ki kyon computers kyon nahin
2099,"sath hi sath applied science donon ko labh the
",positive,2,sath hi sath applied science donon ko labh the
2100,"soochna ke is antar ko pate bina aesi asmanta bani rahegi. vastav men modern communication system ka dhanyvad, jisse soochna tak pahunch men yah asntulan dhire-dhire samapt ho raha hai.
",positive,2,soochna ke is antar ko pate bina aesi asmanta bani rahegi vastav men modern communication system ka dhanyvad jisse soochna tak pahunch men yah asntulan dhiredhire samapt ho raha hai
2101,"aur hamne hell ka keepers to means pharishton ko banaya hai aur unka ye number bhi infidels ki contention ke lie murrar kiya taki ahle book  phauran  greater kar guides aur increase ka eeman aur jyada ho aur ahle book aur mominin  kisi tarah  sha n karen aur jin logon ke dil men  parable ka  marz hai  vah  aur kaphir people kah baithe ki is sceptics  ke bayan karne  se uda ka kya matalab hai yoon uda jise chahta hai gumrahi men chhor deta hai aur jise chahta hai hidayat karta hai aur tumhare paravardigar ke armies ko uske siva koee nahin janta aur ye to aadmiyon ke lie means nasihat hai
",positive,2,aur hamne hell ka keepers to means pharishton ko banaya hai aur unka ye number bhi infidels ki contention ke lie murrar kiya taki ahle book phauran greater kar guides aur increase ka eeman aur jyada ho aur ahle book aur mominin kisi tarah sha n karen aur jin logon ke dil men parable ka marz hai vah aur kaphir people kah baithe ki is sceptics ke bayan karne se uda ka kya matalab hai yoon uda jise chahta hai gumrahi men chhor deta hai aur jise chahta hai hidayat karta hai aur tumhare paravardigar ke armies ko uske siva koee nahin janta aur ye to aadmiyon ke lie means nasihat hai
2102,"president ne kaha ki legislative assembly taxation tatha finance ke mamle men executive ki master hai.
",neutral,1,president ne kaha ki legislative assembly taxation tatha finance ke mamle men executive ki master hai
2103,"varsh 1998-99 se chalne vale kee tarah ke poverty alleviation tatha employment generation programmes ko vyapak roop se do vargon men rakhe ge haina
",negative,0,varsh se chalne vale kee tarah ke poverty alleviation tatha employment generation programmes ko vyapak roop se do vargon men rakhe ge haina
2104,"is server par inbox apply ne messages ke lie filters chalaen _ A
",neutral,1,is server par inbox apply ne messages ke lie filters chalaen a
2105,"unhonne training ke dauran sikhi paddhtiyon ka hi palan kiya.
",negative,0,unhonne training ke dauran sikhi paddhtiyon ka hi palan kiya
2106,"chhokre jab barish ke filled with rain nali ke nikat pahunche, to usi men kood pare aur dhamachaukari machate hue ho-halla karne lage.
",positive,2,chhokre jab barish ke filled with rain nali ke nikat pahunche to usi men kood pare aur dhamachaukari machate hue hohalla karne lage
2107,"nissndeh hamne use ek barakat bhari night men avatrit kiya hai.-nishchay hi ham savdhan karnevale hai.-
",positive,2,nissndeh hamne use ek barakat bhari night men avatrit kiya hainishchay hi ham savdhan karnevale hai
2108,"s ka s yah rename nahin kar sakaa s
",neutral,1,s ka s yah rename nahin kar sakaa s
2109,"yadi aap is access par pahunchne ke lie Chromoting ka upyog karna chahte hain , to aapko remote connections saksham karne honge
",positive,2,yadi aap is access par pahunchne ke lie chromoting ka upyog karna chahte hain to aapko remote connections saksham karne honge
2110,"yah chhah parts men deal hai jinmen se panch men cosmic se snbndhit matters par charcha ki gee hai
",neutral,1,yah chhah parts men deal hai jinmen se panch men cosmic se snbndhit matters par charcha ki gee hai
2111,"bajay sach men ek moment ko khinchne ke
",neutral,1,bajay sach men ek moment ko khinchne ke
2112,"phir use us bachche ka garbh rah gaya aur vah use lie hue ek door ke place par alag chali gee.
",neutral,1,phir use us bachche ka garbh rah gaya aur vah use lie hue ek door ke place par alag chali gee
2113,"unhonne kaha, allah ki swear! aapko allah ne hamare muable men pasand kiya aur nishchay hi chook to hamse chosen
",negative,0,unhonne kaha allah ki swear aapko allah ne hamare muable men pasand kiya aur nishchay hi chook to hamse chosen
2114,"type niymit phail nahin hai
",neutral,1,type niymit phail nahin hai
2115,"uska kaphi time in racing v dvndv kushti aadi men bita tatha shiksha men uski ruchi nahin rahi.
",negative,0,uska kaphi time in racing v dvndv kushti aadi men bita tatha shiksha men uski ruchi nahin rahi
2116,"paingolin ka kshetr lagabhag aath varg miles ka hota hai.
",neutral,1,paingolin ka kshetr lagabhag aath varg miles ka hota hai
2117,"britani officer ne rajy ka khajana zabt kar liya aur unke husband ke debt ko rani ke salana maintenance men se jewelery liya gaya.
",negative,0,britani officer ne rajy ka khajana zabt kar liya aur unke husband ke debt ko rani ke salana maintenance men se jewelery liya gaya
2118,"to mujhe sunset ki muri ki swear
",negative,0,to mujhe sunset ki muri ki swear
2119,"aur tumhen kya maloom ki kya hai vah kharakharanevali
",neutral,1,aur tumhen kya maloom ki kya hai vah kharakharanevali
2120,"kisi chemical compound ka component jo essential hota hai
",neutral,1,kisi chemical compound ka component jo essential hota hai
2121,"jinke eyes meri remembrance ki or se veil men the aur jo kuchh unable bhi nahin sakte the
",neutral,1,jinke eyes meri remembrance ki or se veil men the aur jo kuchh unable bhi nahin sakte the
2122,"central excise tax, sima customs and service kar, patna
",neutral,1,central excise tax sima customs and service kar patna
2123,"shahar civic centre locations bahri vebsait jo ek nee vindon website that opens
",neutral,1,shahar civic centre locations bahri vebsait jo ek nee vindon website that opens
2124,"intelligence officers ke unnat training of intelligence intelligence bureau dvara kiya jata hai.
",positive,2,intelligence officers ke unnat training of intelligence intelligence bureau dvara kiya jata hai
2125,"kaise rel , stimar ke bare men 1850 ke dashak men railroad ,
",neutral,1,kaise rel stimar ke bare men ke dashak men railroad
2126,"antta unhen aesa kar diya, jaise khane ka chewed ho
",positive,2,antta unhen aesa kar diya jaise khane ka chewed ho
2127,"penis ke nichli or ka vah kshetr jahan se front skin join hai agratvcha ka join pherunulam kahlata hai.
",positive,2,penis ke nichli or ka vah kshetr jahan se front skin join hai agratvcha ka join pherunulam kahlata hai
2128,"dhalaee men human or animal ki poori aakriti banayi jati hai.
",neutral,1,dhalaee men human or animal ki poori aakriti banayi jati hai
2129,"madras presidency college men radhakrishnan 1911 men laute.
",neutral,1,madras presidency college men radhakrishnan men laute
2130,"dekho !  s usne kaha .
",neutral,1,dekho s usne kaha
2131,"kvik kriket Kwik cricketmen gendbaj ballebaj ke taiyar hone ka intjar nahin karta hai yah adhik thaka dene vala khel bachchon ke lie dizain kiya gaya hai yah aksar angreji skoolon men pi ee path ke lie pryukt kiya jata hai is khel ki gati baane ke lie ismen ek aur snshodhan kiya gaya hai ye hain tip aur ran tipti ran tipsi ran ya tippi- go niyamismen jab gend balle ko chhooti hai to ballebaj ko bhagna hi hota hai chahe yah sparsh jan boojh kar n kiya gaya ho ya bahut hi kam ho yah niyam tatkal khel men hi dekha ja sakta hai ismen ballebaj ke dvara gend ko rokne ke adhikar ko hata kar iski gati ko bane ki koshish ki gee hai
",positive,2,kvik kriket kwik cricketmen gendbaj ballebaj ke taiyar hone ka intjar nahin karta hai yah adhik thaka dene vala khel bachchon ke lie dizain kiya gaya hai yah aksar angreji skoolon men pi ee path ke lie pryukt kiya jata hai is khel ki gati baane ke lie ismen ek aur snshodhan kiya gaya hai ye hain tip aur ran tipti ran tipsi ran ya tippi go niyamismen jab gend balle ko chhooti hai to ballebaj ko bhagna hi hota hai chahe yah sparsh jan boojh kar n kiya gaya ho ya bahut hi kam ho yah niyam tatkal khel men hi dekha ja sakta hai ismen ballebaj ke dvara gend ko rokne ke adhikar ko hata kar iski gati ko bane ki koshish ki gee hai
2132,"tab ek naya vichar is tarksngat yantr ki ek aur prvriti ko lie hue uske viruddh khara ho jata hai aur us yantr ko tor-phor deta hai, kintu vah use islie to torta hai ki ant men vah uske sthan par ek doosri yantrik prnali ki, kisi any mat siddhant ya aachar-paddhti ki sthapna kar sake.
",neutral,1,tab ek naya vichar is tarksngat yantr ki ek aur prvriti ko lie hue uske viruddh khara ho jata hai aur us yantr ko torphor deta hai kintu vah use islie to torta hai ki ant men vah uske sthan par ek doosri yantrik prnali ki kisi any mat siddhant ya aacharpaddhti ki sthapna kar sake
2133,"ye kuchh behad creative kar rahe hain something
",positive,2,ye kuchh behad creative kar rahe hain something
2134,"replies ke replies men headers in replies
",neutral,1,replies ke replies men headers in replies
2135,"hamne unhen correct ki koshish ki hai.
",neutral,1,hamne unhen correct ki koshish ki hai
2136,"i sochta hoon ki hamare pas mexico men problem hai
",negative,0,i sochta hoon ki hamare pas mexico men problem hai
2137,"deposit hundi new logon ko vitrit kar do.
",positive,2,deposit hundi new logon ko vitrit kar do
2138,"verifying signature karte samay error s
",negative,0,verifying signature karte samay error s
2139,"aur kuchh disturbances ho , aap jante kya hota hai
",negative,0,aur kuchh disturbances ho aap jante kya hota hai
2140,"agricultural appliances ke lie long loan upalabdh hain.
",neutral,1,agricultural appliances ke lie long loan upalabdh hain
2141,"adhikidney-pind kidney men capsule ko nirdisht karta hai
",neutral,1,adhikidneypind kidney men capsule ko nirdisht karta hai
2142,"bari bhayavah bet thi yah .
",negative,0,bari bhayavah bet thi yah
2143,"lekin yah bat nahi hai
",neutral,1,lekin yah bat nahi hai
2144,"k samamelak ya demerged company ko, us poorvavarsh ke lie, jismen samamelan ya avilayan hota hai, is dhara ke adhin kori katauti anujnjey nahin hogi aur
",negative,0,k samamelak ya demerged company ko us poorvavarsh ke lie jismen samamelan ya avilayan hota hai is dhara ke adhin kori katauti anujnjey nahin hogi aur
2145,"lekin hamen pata hai ham perfect nahi hain , aur agar aap social services ke kam se happy hain to aapko shikayat karne ka right hai
",negative,0,lekin hamen pata hai ham perfect nahi hain aur agar aap social services ke kam se happy hain to aapko shikayat karne ka right hai
2146,"44 percent musalmanon ko is anyone men doubt hai ki 7 julaee ke attacks ke trial par fair mukadma chal sakega
",negative,0,percent musalmanon ko is anyone men doubt hai ki julaee ke attacks ke trial par fair mukadma chal sakega
2147,"i aapke liye jnjanvidya arjit kar raha hoon.
",neutral,1,i aapke liye jnjanvidya arjit kar raha hoon
2148,"lagatar do months tak vah bimar raha.
",negative,0,lagatar do months tak vah bimar raha
2149,"modern gujarati poetry kavy men ek naye hastakshar hi nahin, ek naye svar bhi the.
",neutral,1,modern gujarati poetry kavy men ek naye hastakshar hi nahin ek naye svar bhi the
2150,"security origin men sabhi web databases ke cumulative size
",positive,2,security origin men sabhi web databases ke cumulative size
2151,"jaise hi i iska pata indian , mainne turnt hi great curiosity ke sath unse poochha , mere ek hindustani friend the.
",positive,2,jaise hi i iska pata indian mainne turnt hi great curiosity ke sath unse poochha mere ek hindustani friend the
2152,"i  i matters vyakti hoon n , mujhe bekar ki baton se koee consequence nahin.
",neutral,1,i i matters vyakti hoon n mujhe bekar ki baton se koee consequence nahin
2153,"hamen vastav men ise dekhne ki zaroorat hai aur ise dekhne ki apeksha
",neutral,1,hamen vastav men ise dekhne ki zaroorat hai aur ise dekhne ki apeksha
2154,"to mere rab! mujhe un wrongdoing logon lot sammilit n put
",neutral,1,to mere rab mujhe un wrongdoing logon lot sammilit n put
2155,"yah anivary roop se earth tha. jahir hai , earth badla mil gaya
",neutral,1,yah anivary roop se earth tha jahir hai earth badla mil gaya
2156,"higher education sector men poore vishv men tivr badlav aa rahe hain.
",neutral,1,higher education sector men poore vishv men tivr badlav aa rahe hain
2157,"aur hamne moosa ko book prdan ki , taki ve log marg direction saken
",positive,2,aur hamne moosa ko book prdan ki taki ve log marg direction saken
2158,"user ka nam login agar aap current user nahi hai
",neutral,1,user ka nam login agar aap current user nahi hai
2159,"yaoob ne kaha ae beta dekho bardar kahin apna khvab apne bhaeeyon se n dohrana varna vah log plot and scheme ki tadbir karne lagegen ismen to sha hi nahin ki shaitan aadmi ka khula huaa dushman hai
",negative,0,yaoob ne kaha ae beta dekho bardar kahin apna khvab apne bhaeeyon se n dohrana varna vah log plot and scheme ki tadbir karne lagegen ismen to sha hi nahin ki shaitan aadmi ka khula huaa dushman hai
2160,"jahan kahin aarthik sthiti nahin badli hai, vahan position of women bhi aprivartniy raha hai.
",negative,0,jahan kahin aarthik sthiti nahin badli hai vahan position of women bhi aprivartniy raha hai
2161,"sucharita ne dharake se kitchen ka door band kar diya aur floor par sobs gee.
",negative,0,sucharita ne dharake se kitchen ka door band kar diya aur floor par sobs gee
2162,"amritasar golden temple ke lie prsiddh famous
",neutral,1,amritasar golden temple ke lie prsiddh famous
2163,"is kshetr ke main plateaus baghelkhand tatha chhota nagpur hain.
",neutral,1,is kshetr ke main plateaus baghelkhand tatha chhota nagpur hain
2164,"congress ne yonja ko  asngat plan kaha.
",neutral,1,congress ne yonja ko asngat plan kaha
2165,"c  assessment ya reassess , yadi kori ho , kiya gaya hai , vahan such assessment officer section 153k men upbndhit manner men notice jari karega aur us assessment year ke lie aese other person ki kul income ka assessment ya reassess karega.
",positive,2,c assessment ya reassess yadi kori ho kiya gaya hai vahan such assessment officer section k men upbndhit manner men notice jari karega aur us assessment year ke lie aese other person ki kul income ka assessment ya reassess karega
2166,"job par lagne ke shighr bad hi 1912 me shivdaee ke sath unka vivah ho gaya , jiske sath janm se hi unki mngni ho chuki jivan infancy thi.
",neutral,1,job par lagne ke shighr bad hi me shivdaee ke sath unka vivah ho gaya jiske sath janm se hi unki mngni ho chuki jivan infancy thi
2167,"shram aur rojgar mntralay, bharat sarkar ne khanon men suraksha mankon ki behatri tatha rashtriy star par outstanding safety performance ko give due recognition ke lie khan snchalkon men prtispardha ki bhavna ko baava dene ke lie prtiyogita varsh ke lie 1983 men national safety awards khan aarambh kie the.
",positive,2,shram aur rojgar mntralay bharat sarkar ne khanon men suraksha mankon ki behatri tatha rashtriy star par outstanding safety performance ko give due recognition ke lie khan snchalkon men prtispardha ki bhavna ko baava dene ke lie prtiyogita varsh ke lie men national safety awards khan aarambh kie the
2168,"sudden hone vala ek ya more muscle ka involuntary
",neutral,1,sudden hone vala ek ya more muscle ka involuntary
2169,"ham moon pe phir se ja rahe hain - 50 years bad -
",neutral,1,ham moon pe phir se ja rahe hain years bad
2170,"prtidin, unhen apne pati ke lie bhojan taiyar karne ke lie prata 4 baje uthna parta hai, jo pas ke gamhariya kasbe men ek audyogik ikaee men kam karne ke lie prata 5 baje ghar se nikal parte hain.
",neutral,1,prtidin unhen apne pati ke lie bhojan taiyar karne ke lie prata baje uthna parta hai jo pas ke gamhariya kasbe men ek audyogik ikaee men kam karne ke lie prata baje ghar se nikal parte hain
2171,"dak babu apne kam men vyast the.
",neutral,1,dak babu apne kam men vyast the
2172,"jahan par god shnkar parvti ji ko god shri ram ki story suna rahe the vahan kaga  shanker  ka ek ghosla tha aur uske bhitar baitha kaga bhi us story ko sun raha tha.
",positive,2,jahan par god shnkar parvti ji ko god shri ram ki story suna rahe the vahan kaga shanker ka ek ghosla tha aur uske bhitar baitha kaga bhi us story ko sun raha tha
2173,"jab ve usmen dale jaenge to uski daharne ki bhayanak aavaz sunenge aur vah prkop se biphar rahi hogi.
",neutral,1,jab ve usmen dale jaenge to uski daharne ki bhayanak aavaz sunenge aur vah prkop se biphar rahi hogi
2174,"ye the turban, chnvron ki jori, umbrella, sword, chappal tatha rajsi that-bat se rahna.
",neutral,1,ye the turban chnvron ki jori umbrella sword chappal tatha rajsi thatbat se rahna
2175,"company ki nee pariyojna men kul 2500 locals men se 300 expatriates the aur baki 2200 log including
",neutral,1,company ki nee pariyojna men kul locals men se expatriates the aur baki log including
2176,"thai police apni custody men man vyaikt ki prints ke nishan mumbai police dvara bheje ge chhota chhota ki prints ke nishan se milne se uski fingerprints ko lekar nishchint hai
",positive,2,thai police apni custody men man vyaikt ki prints ke nishan mumbai police dvara bheje ge chhota chhota ki prints ke nishan se milne se uski fingerprints ko lekar nishchint hai
2177,"un party in america lala haradyal ki gadar parti ek krantikari sngathan ka rup le rahi thi.
",positive,2,un party in america lala haradyal ki gadar parti ek krantikari sngathan ka rup le rahi thi
2178,"jab remote emails are queued to soochit karen
",neutral,1,jab remote emails are queued to soochit karen
2179,"i armed forces , arddhsainik forces aur internal security forces ke members ko apni special greetings deta hoon.
",positive,2,i armed forces arddhsainik forces aur internal security forces ke members ko apni special greetings deta hoon
2180,"man Giver ko sahooliyat   man Giver ko pareshani   man Giver ko pleasure
",positive,2,man giver ko sahooliyat man giver ko pareshani man giver ko pleasure
2181,"internet se kanekt hone men unable
",neutral,1,internet se kanekt hone men unable
2182,"usi nagara shreni ka ek dvitala aur hence ashtanga ya ashtavarga , base se shikhar tak square viman , east incomplete valaiyankuttai ratha ke roop men dekha ja sakta hai.
",neutral,1,usi nagara shreni ka ek dvitala aur hence ashtanga ya ashtavarga base se shikhar tak square viman east incomplete valaiyankuttai ratha ke roop men dekha ja sakta hai
2183,"kya tum bat devta ko call ho aur sarvottam abandon ko chhor dete ho
",positive,2,kya tum bat devta ko call ho aur sarvottam abandon ko chhor dete ho
2184,"ismen to sha hi nahin ki kingship heavens v life ki hukoomat allah hi ke lie as hai vahi  jise chahe  death hai aur  jise chahe  marta hai aur tum logon ka allah ke siva n koee supporter hai n madadgar
",negative,0,ismen to sha hi nahin ki kingship heavens v life ki hukoomat allah hi ke lie as hai vahi jise chahe death hai aur jise chahe marta hai aur tum logon ka allah ke siva n koee supporter hai n madadgar
2185,"aur jhoothlaya un logon ne bhi jo unse pahle the. aur jo kuchh hamne unhen diya tha ye to uske dasven bhag ko bhi nahin pahunche hai. to unhonne mere rasoolon ko jhuthlaya. to phir kaisi rahi meri yatna!
",negative,0,aur jhoothlaya un logon ne bhi jo unse pahle the aur jo kuchh hamne unhen diya tha ye to uske dasven bhag ko bhi nahin pahunche hai to unhonne mere rasoolon ko jhuthlaya to phir kaisi rahi meri yatna
2186,"iska arth tha lagabhag 180 lakh tan ki atirikat kshamta isse san 1980-85 men kul additional capacity 430 lakh ho jayegi
",neutral,1,iska arth tha lagabhag lakh tan ki atirikat kshamta isse san men kul additional capacity lakh ho jayegi
2187,"housing issues ke bare men aapki kaunsil ke decisions on housing honge aur kaunsil aapke samne adhik javab deh hogi
",neutral,1,housing issues ke bare men aapki kaunsil ke decisions on housing honge aur kaunsil aapke samne adhik javab deh hogi
2188,"kha jaega, yah uske karan hai jo tere hands have forwarded bheja tha aur islie ki allah bandon par tanik bhi zulm karnevala nahin
",positive,2,kha jaega yah uske karan hai jo tere hands have forwarded bheja tha aur islie ki allah bandon par tanik bhi zulm karnevala nahin
2189,"ganga vally prnali bharat ki sabse bari vally prnali hai.
",neutral,1,ganga vally prnali bharat ki sabse bari vally prnali hai
2190,"iske tin regional headquarters, mumbai, chennee aur port blair men hain.
",neutral,1,iske tin regional headquarters mumbai chennee aur port blair men hain
2191,"aur unki bhi yahi halat thi ki unke pas koee rasool n aaya magar un logon ne uski hnsi zarur uraee
",negative,0,aur unki bhi yahi halat thi ki unke pas koee rasool n aaya magar un logon ne uski hnsi zarur uraee
2192,"to  unko  punishment warning aur dreadful kaisa tha
",negative,0,to unko punishment warning aur dreadful kaisa tha
2193,"ve १८९५ men higher studies prapt karne ke lie inglaind geen aur paaee ke wrote poetry bhi likhti rahin.
",neutral,1,ve men higher studies prapt karne ke lie inglaind geen aur paaee ke wrote poetry bhi likhti rahin
2194,"unke lie kam se kam 12 months ki avdhi ke lie aur adhikatam 60 months ki avdhi ke lie public deposits ko svikkarnvikaran karne ki anumti hai.
",positive,2,unke lie kam se kam months ki avdhi ke lie aur adhikatam months ki avdhi ke lie public deposits ko svikkarnvikaran karne ki anumti hai
2195,"vo taiwan vale babies jitne good the
",positive,2,vo taiwan vale babies jitne good the
2196,"other only sirph socialist ka only hai.
",neutral,1,other only sirph socialist ka only hai
2197,"vo standing hain , unke rockports joote ek-doosre se thore door , par zamin par achchhi tarah jame hue
",neutral,1,vo standing hain unke rockports joote ekdoosre se thore door par zamin par achchhi tarah jame hue
2198,"ve saph soch aur prshasan ko uddeshypoorn kam men lagae rakhne vali mahil hain
",positive,2,ve saph soch aur prshasan ko uddeshypoorn kam men lagae rakhne vali mahil hain
2199,"sabhi data aapke sync passphrase ke sath enkript kiya jaega
",neutral,1,sabhi data aapke sync passphrase ke sath enkript kiya jaega
2200,"ata jab free ho to parishram men lag jao ,
",positive,2,ata jab free ho to parishram men lag jao
2201,"cap ko is tarah create gaya hai ki yah garbhashay ke opening ko is tarah bnd kar deta hai ki hava bhi bhitar nahin ja sakti.
",positive,2,cap ko is tarah create gaya hai ki yah garbhashay ke opening ko is tarah bnd kar deta hai ki hava bhi bhitar nahin ja sakti
2202,"to kabhi kabhi aap morula kahta hoon,
",neutral,1,to kabhi kabhi aap morula kahta hoon
2203,"nahi, yah pheenal nahin hai ham aage ja sakte hai
",neutral,1,nahi yah pheenal nahin hai ham aage ja sakte hai
2204,"ve tumhare samne smen khaenge taki tum unse razi ho transgressing , kintu yadi tum unse razi bhi ho ge to allah aese logo se kadapi razi n hoga , jo avajnjakari hai
",neutral,1,ve tumhare samne smen khaenge taki tum unse razi ho transgressing kintu yadi tum unse razi bhi ho ge to allah aese logo se kadapi razi n hoga jo avajnjakari hai
2205,"athva thought ek silent perception ke truth men nahin balki ek aesi speech ke truth men prakat ho sakta hai jo saty men se svaymev janm leti hai aur apne nij right ke bal par hi complete hoti hai aur apna vision aur knowledge apne hi andar dharan kiye hoti hai.
",positive,2,athva thought ek silent perception ke truth men nahin balki ek aesi speech ke truth men prakat ho sakta hai jo saty men se svaymev janm leti hai aur apne nij right ke bal par hi complete hoti hai aur apna vision aur knowledge apne hi andar dharan kiye hoti hai
2206,"bahri dikhave men organs ek jaise dikhen aur ek hi similar ka function kar rahe hon.
",neutral,1,bahri dikhave men organs ek jaise dikhen aur ek hi similar ka function kar rahe hon
2207,"bharat men anek adhikaran aur sngathan studies and surveys ka aayojan karte hain, sath hi arthavyavastha ki vividh pahluon shamil karte hue ek niymit aadhar par riport prkashit karte hain.
",positive,2,bharat men anek adhikaran aur sngathan studies and surveys ka aayojan karte hain sath hi arthavyavastha ki vividh pahluon shamil karte hue ek niymit aadhar par riport prkashit karte hain
2208,"ki peace and salutation par sampoorn peace men!
",positive,2,ki peace and salutation par sampoorn peace men
2209,"store se ek persona ko s men viphla  s
",negative,0,store se ek persona ko s men viphla s
2210,"pictures device se chhavi metadata ko sinkronaij karne ka ek plugin
",neutral,1,pictures device se chhavi metadata ko sinkronaij karne ka ek plugin
2211,"halanki vahi vah meharban khuda hai jisne tumhare lie kan aur ऑnkhen aur dil paida kiye magar tum log ho hi bahut kam shukr karne vale
",positive,2,halanki vahi vah meharban khuda hai jisne tumhare lie kan aur nkhen aur dil paida kiye magar tum log ho hi bahut kam shukr karne vale
2212,"dilli ke transportron ne ekjut ho 10 aprail ko unke khilaph dhokhadhari ke aarop ke sath sienji kit scam men unki bhoomika batate he prathmiki darj karvaee
",negative,0,dilli ke transportron ne ekjut ho aprail ko unke khilaph dhokhadhari ke aarop ke sath sienji kit scam men unki bhoomika batate he prathmiki darj karvaee
2213,"yah gross and obvious udaharan hai, parntu logon ke bich asnkhy aur sookshm karnon se anek galat phahmiyan paida ho sakti hain aur kanoon kee tarah se parnpragat raston men law can tangle
",negative,0,yah gross and obvious udaharan hai parntu logon ke bich asnkhy aur sookshm karnon se anek galat phahmiyan paida ho sakti hain aur kanoon kee tarah se parnpragat raston men law can tangle
2214,"aur un logon ka pichha karne men susti n dikhao. yadi tumhen dukh pahunchta hai to unhen bhi dukh pahunchta hai, jis tarah tumko dukh pahunchta hai. aur tum allah se us chiz ki aasha karte ho, jis chiz ki ve aasha nahin karte. allah to sab kuchh jannevala, tatvadarshi hai
",positive,2,aur un logon ka pichha karne men susti n dikhao yadi tumhen dukh pahunchta hai to unhen bhi dukh pahunchta hai jis tarah tumko dukh pahunchta hai aur tum allah se us chiz ki aasha karte ho jis chiz ki ve aasha nahin karte allah to sab kuchh jannevala tatvadarshi hai
2215,"file se hai read edit
",neutral,1,file se hai read edit
2216,"folder 0 men koee duplicate message nahin hai
",neutral,1,folder men koee duplicate message nahin hai
2217,"tamil governors of tamil ki list
",neutral,1,tamil governors of tamil ki list
2218,"aapko bagjila URL khinchna chahie sidhe jinot men bag snkhya ko bataur kari jora jata hai ise nikat koee chhota bag chihn ke sath
",negative,0,aapko bagjila url khinchna chahie sidhe jinot men bag snkhya ko bataur kari jora jata hai ise nikat koee chhota bag chihn ke sath
2219,"aapke bug report men description ki jaroorat hai  latest bug baddi men aesa nahin hona chahie
",neutral,1,aapke bug report men description ki jaroorat hai latest bug baddi men aesa nahin hona chahie
2220,"aur mere short talk ka shayad key lesson hai,
",neutral,1,aur mere short talk ka shayad key lesson hai
2221,"ummid ke mutabik density and behavior ke ootak banana
",neutral,1,ummid ke mutabik density and behavior ke ootak banana
2222,"buyer the amount aadesh ko sampann karne ke bad uske khate men jo rashi amount that remains rahi hai.
",positive,2,buyer the amount aadesh ko sampann karne ke bad uske khate men jo rashi amount that remains rahi hai
2223,"jis donga men rice bhara hota hai , other ripe plantains , kuchh sweets aur pooja-samagri bhi ingredients worship jati hai.
",positive,2,jis donga men rice bhara hota hai other ripe plantains kuchh sweets aur poojasamagri bhi ingredients worship jati hai
2224,"a ko ek spades ka pnja par move jaen
",neutral,1,a ko ek spades ka pnja par move jaen
2225,"unmen respect aur confidence ka vikas huaa.
",positive,2,unmen respect aur confidence ka vikas huaa
2226,"agar mere pas dozen darzan ke darzan ande hain -- ek darzan 12 ke barabar hota hai
",neutral,1,agar mere pas dozen darzan ke darzan ande hain ek darzan ke barabar hota hai
2227,"unke bachchon ki paravrish men poora rashtrapti bhavan unke sath children
",neutral,1,unke bachchon ki paravrish men poora rashtrapti bhavan unke sath children
2228,"parantu yog ki vastvik bhavna hi yah hai ki make the exceptional banaya jaye aur jo hamare oopar hai, hamare sadharan sv se mahattar hai use apni shashvat chetna bana liya jaye.
",positive,2,parantu yog ki vastvik bhavna hi yah hai ki make the exceptional banaya jaye aur jo hamare oopar hai hamare sadharan sv se mahattar hai use apni shashvat chetna bana liya jaye
2229,"is period men likhi remarkable ki ek advitiy stories hai supernatural laukikta.
",positive,2,is period men likhi remarkable ki ek advitiy stories hai supernatural laukikta
2230,"targets tatha unke virooddh kary quantitative ke relation men snkhyatmak anupat.
",neutral,1,targets tatha unke virooddh kary quantitative ke relation men snkhyatmak anupat
2231,"iska history iske people ke thoughts , alive , riti-rivajon aur dharmik krityon se paripoorn aur customs bana raha.
",positive,2,iska history iske people ke thoughts alive ritirivajon aur dharmik krityon se paripoorn aur customs bana raha
2232,"angrej ki aankhon eyes lit aa gee ,
",neutral,1,angrej ki aankhon eyes lit aa gee
2233,"tathapi, aaeeti vyathavsayiyon ke rising wage bill tatha global financial meltdown aaut outsourcing business processes ke lie ek variy gntavyav sthail ke roop men bharat ki sthiti ko chunauti de rahi hai.
",positive,2,tathapi aaeeti vyathavsayiyon ke rising wage bill tatha global financial meltdown aaut outsourcing business processes ke lie ek variy gntavyav sthail ke roop men bharat ki sthiti ko chunauti de rahi hai
2234,"aur vahi mornings ki ghariyon men forgiveness ki prarthna karte the
",positive,2,aur vahi mornings ki ghariyon men forgiveness ki prarthna karte the
2235,"aur able yah wall to yah do orphans young ki hai jo is town men rahte lord aur iske niche unka treasure righteous lord aur unka father theirs tha , islie mercy rab ne chaha ki ve apni yuvavastha ko pahunch lay aur apna treasure nikal len. yah mercy rab ki dayaluta ke karan huaa. mainne to apne adhikar se kuchh nahin kiya. yah hai vastvikta uski jisapar man dhairy n rakh sake.
",positive,2,aur able yah wall to yah do orphans young ki hai jo is town men rahte lord aur iske niche unka treasure righteous lord aur unka father theirs tha islie mercy rab ne chaha ki ve apni yuvavastha ko pahunch lay aur apna treasure nikal len yah mercy rab ki dayaluta ke karan huaa mainne to apne adhikar se kuchh nahin kiya yah hai vastvikta uski jisapar man dhairy n rakh sake
2236,"coconut aur iske products ke lie incentive prices pane ke measures apnana.
",positive,2,coconut aur iske products ke lie incentive prices pane ke measures apnana
2237,"vah tumhare forgive your sins kar dega aur tumhen aese bagon men dakhil karega jinke niche nahren bah rahi hogi aur un achchhe gharon men bhi jo gardens with streams honge. yahi bari saphalta hai
",positive,2,vah tumhare forgive your sins kar dega aur tumhen aese bagon men dakhil karega jinke niche nahren bah rahi hogi aur un achchhe gharon men bhi jo gardens with streams honge yahi bari saphalta hai
2238,"open 20 ya adhik hindi spelling check janchak shamil karne ke lie
",neutral,1,open ya adhik hindi spelling check janchak shamil karne ke lie
2239,"hamare aur god bich aware hi ek witness sufficient hai. hamen to tumhari bandgi ki bar tak n thi.
",positive,2,hamare aur god bich aware hi ek witness sufficient hai hamen to tumhari bandgi ki bar tak n thi
2240,"shayad tum janti hogi ki generality people extraordinary ideas , extraordinary actions aur extraordinary high ko kis name se jante hain.
",neutral,1,shayad tum janti hogi ki generality people extraordinary ideas extraordinary actions aur extraordinary high ko kis name se jante hain
2241,"jo created by things chij ke karan hota hai,
",positive,2,jo created by things chij ke karan hota hai
2242,"vah prakriya jiske dvara amoniya ko naitraitis evn tatpashchat naitrets men parivartit kiya jata hai
",neutral,1,vah prakriya jiske dvara amoniya ko naitraitis evn tatpashchat naitrets men parivartit kiya jata hai
2243,"abhi hal men yah fury men none hai ki millions yuddh virodhi antiwar ne saddam husain ke virooddh ek bhi word nahin kaha aur n hi unke regime men pirit hatya ke shikar hue logon ke prti ek bhi sympathy ka word nikala. iske bajay unhonne ameriki president aur iota ke minister ke virooddh aakrosh pradarshit kiya.
",negative,0,abhi hal men yah fury men none hai ki millions yuddh virodhi antiwar ne saddam husain ke virooddh ek bhi word nahin kaha aur n hi unke regime men pirit hatya ke shikar hue logon ke prti ek bhi sympathy ka word nikala iske bajay unhonne ameriki president aur iota ke minister ke virooddh aakrosh pradarshit kiya
2244,"choose ki kaun si service to edit haia C
",neutral,1,choose ki kaun si service to edit haia c
2245,"agar hamen anuvad karna ho to ham kahenge ki soory ka rng lohit tha.
",neutral,1,agar hamen anuvad karna ho to ham kahenge ki soory ka rng lohit tha
2246,"stages of development avastha men ek organism
",neutral,1,stages of development avastha men ek organism
2247,"25 ki rat ke bad good se kabhi so n sake.
",negative,0,ki rat ke bad good se kabhi so n sake
2248,"kuchh vyaktiyon ke virooddh udisa maintens aanph pablik aanrdar ekt-1948 ke adhin kanooni karrvaee ki gee thi, aur aesa lagta hai ki in bhootpoorv rajaon ke, khas taur par kalahandi ke raja ke, protsahan aur aarthik sahayta se ye log us karar ki kasauti karne ke lie haeekort tak gaye hain, jo aage ki kanooni karrvaee ke mool men hain.
",positive,2,kuchh vyaktiyon ke virooddh udisa maintens aanph pablik aanrdar ekt ke adhin kanooni karrvaee ki gee thi aur aesa lagta hai ki in bhootpoorv rajaon ke khas taur par kalahandi ke raja ke protsahan aur aarthik sahayta se ye log us karar ki kasauti karne ke lie haeekort tak gaye hain jo aage ki kanooni karrvaee ke mool men hain
2249,"error : object path nirdisht nahin hai
",negative,0,error object path nirdisht nahin hai
2250,"ae rasool kya tumne un logon ke hal par nazar nahin ki jo aap bare muddas bante hain magar usse kya hota hai balki uda jise chahta hai muddas banata hai aur zulm to kisi par dhage ke barabar ho hi ga nahin
",positive,2,ae rasool kya tumne un logon ke hal par nazar nahin ki jo aap bare muddas bante hain magar usse kya hota hai balki uda jise chahta hai muddas banata hai aur zulm to kisi par dhage ke barabar ho hi ga nahin
2251,"vah sector that includes ki vah samast aabadi jo apni ichchhaon aur aavashyaktaon ki poorti men snlagn ho shamil hoti ho.
",positive,2,vah sector that includes ki vah samast aabadi jo apni ichchhaon aur aavashyaktaon ki poorti men snlagn ho shamil hoti ho
2252,"tonight  ek year poora ho jaega.
",neutral,1,tonight ek year poora ho jaega
2253,"f ka ph bara hai aa se
",positive,2,f ka ph bara hai aa se
2254,"punctuation chihn level sabse karne ke lie nirdharit kiya hai
",neutral,1,punctuation chihn level sabse karne ke lie nirdharit kiya hai
2255,"market dar jaldi niche ja rahe hain.
",neutral,1,market dar jaldi niche ja rahe hain
2256,"aur aap vain ke ek glass ke sath aaram se apne feet oopar kar ke baithte hain
",neutral,1,aur aap vain ke ek glass ke sath aaram se apne feet oopar kar ke baithte hain
2257,"hamne aakash aur dharti ko aur jo kuchh unke bich hai, vyarth nahin paida kiya. yah to un logon ka guman hai jinhonne inkar kiya. ata aag men jhonke jane ke karan inkar karnevalon ki bari durgti hai
",negative,0,hamne aakash aur dharti ko aur jo kuchh unke bich hai vyarth nahin paida kiya yah to un logon ka guman hai jinhonne inkar kiya ata aag men jhonke jane ke karan inkar karnevalon ki bari durgti hai
2258,"dinabhar ke lie di jane vali amount of wage
",neutral,1,dinabhar ke lie di jane vali amount of wage
2259,"parantu harishchandra ka aagrah tha ki yadi unhen aadh hour ka bhi samay diya jae to vah use yad kar lenge.
",neutral,1,parantu harishchandra ka aagrah tha ki yadi unhen aadh hour ka bhi samay diya jae to vah use yad kar lenge
2260,"kalpana ji space men urne vali first bharat men janmi woman thin aur space men urane vali indian origin ki doosri person thin.
",neutral,1,kalpana ji space men urne vali first bharat men janmi woman thin aur space men urane vali indian origin ki doosri person thin
2261,"right ke seat par president baithta hai , uske dayen speaker sabha ka chairman aur left lok sabha ka adhyaksh.
",neutral,1,right ke seat par president baithta hai uske dayen speaker sabha ka chairman aur left lok sabha ka adhyaksh
2262,"females and males donon men mooladhar se niche muscle present
",neutral,1,females and males donon men mooladhar se niche muscle present
2263,"usmen lot gee bahut si material ऎsi hai jo pahle se hi maujood thi ,
",neutral,1,usmen lot gee bahut si material si hai jo pahle se hi maujood thi
2264,"india ke niyntrak-mhalekhaprikshak ke bare men provisions
",neutral,1,india ke niyntrakmhalekhaprikshak ke bare men provisions
2265,"aap abhi WiMAX network se kanekted hain
",neutral,1,aap abhi wimax network se kanekted hain
2266,"agar aap uske nirnay se sntusht nahin hai, to chahen to knsilietar ko poochh-tachh ke natijon ko lekar aap kanooni karyvahi shuroo kar sakte hain.
",negative,0,agar aap uske nirnay se sntusht nahin hai to chahen to knsilietar ko poochhtachh ke natijon ko lekar aap kanooni karyvahi shuroo kar sakte hain
2267,"iski tip toothed and sharply huk vali hoti hai
",neutral,1,iski tip toothed and sharply huk vali hoti hai
2268,"ye outer circle shows raha hai ki kin savalon par unhonne dhyan diya.
",positive,2,ye outer circle shows raha hai ki kin savalon par unhonne dhyan diya
2269,"aur ye run forever rahe , kyonki ye mujh jaise people ko jivika deti hai
",positive,2,aur ye run forever rahe kyonki ye mujh jaise people ko jivika deti hai
2270,"body ke sabhi part par application of mud
",neutral,1,body ke sabhi part par application of mud
2271,"to same is ek hi statement puna bana sakte hain.
",neutral,1,to same is ek hi statement puna bana sakte hain
2272,"to phir tumhen in boy sari books ki kya jaroorat hai
",positive,2,to phir tumhen in boy sari books ki kya jaroorat hai
2273,"anshta krmit set , set ke elements ke sequencing tatha prbndhan ka ek intuitive siddhant hota hai.
",neutral,1,anshta krmit set set ke elements ke sequencing tatha prbndhan ka ek intuitive siddhant hota hai
2274,"eeneph fixation sabhi industry rates par duty drabaikshulk drawback ka nirdharantarminal excise shulk ki drawback ka dava karne ke lie
",neutral,1,eeneph fixation sabhi industry rates par duty drabaikshulk drawback ka nirdharantarminal excise shulk ki drawback ka dava karne ke lie
2275,"backward vargon ka commission bilkul beginning se hi vivadon se conspiracy raha.
",negative,0,backward vargon ka commission bilkul beginning se hi vivadon se conspiracy raha
2276,"jo kuchh kamaya vah ya to urdu par nichhavar kar diya ya doston aur shargidon par kharch kar put
",neutral,1,jo kuchh kamaya vah ya to urdu par nichhavar kar diya ya doston aur shargidon par kharch kar put
2277,"yah essentially roop se earth tha. jahir hai, earth got changed gaya
",neutral,1,yah essentially roop se earth tha jahir hai earth got changed gaya
2278,"bam making ke nuse search karta.
",neutral,1,bam making ke nuse search karta
2279,"jo log unse pahle guzar ge unhonne bhi denied ko jhuthlaya to un par azab is tarah aa pahuncha ki unhen bar bhi n huee
",negative,0,jo log unse pahle guzar ge unhonne bhi denied ko jhuthlaya to un par azab is tarah aa pahuncha ki unhen bar bhi n huee
2280,"S35 : yah material tatha iske martban ko safe tarike se phenka jana chahiePlease take the official container ! You find them here : http :  europa  eu  inteur-lexlexLexUriServLexUriServ  do  uri  CELEX : 32001L0059 : EN : HTML
",positive,2,s yah material tatha iske martban ko safe tarike se phenka jana chahieplease take the official container you find them here http europa eu inteurlexlexlexuriservlexuriserv do uri celex l en html
2281,"surdas ke bare men acharya ramchandra sukal ne eyes hai- parental ke field men jitna much uddhatan soor ne apni close aankhon se kiya itna kisi or poet ne nahin.
",positive,2,surdas ke bare men acharya ramchandra sukal ne eyes hai parental ke field men jitna much uddhatan soor ne apni close aankhon se kiya itna kisi or poet ne nahin
2282,"promise ke apne part ka nishpanadan karne ke pashchamat kshtipoortikarta third favour ke virooddh koee adhikar shesh nahin rahte tatha vah third favour par tabhi mukadma indemnifier sakta hai jab uske paksh men koee assignment ho.
",positive,2,promise ke apne part ka nishpanadan karne ke pashchamat kshtipoortikarta third favour ke virooddh koee adhikar shesh nahin rahte tatha vah third favour par tabhi mukadma indemnifier sakta hai jab uske paksh men koee assignment ho
2283,"balki ye course to ye kahte hain ki hamne apne parents dadaon ko ek tarike par paya aur ham unko footsteps b footsteps thik raste par chale ja rahen hain
",neutral,1,balki ye course to ye kahte hain ki hamne apne parents dadaon ko ek tarike par paya aur ham unko footsteps b footsteps thik raste par chale ja rahen hain
2284,"yah firm ke expenses aur earnings tatha sath hi iske debits aur jama ki amount ko bhi darshata hai.
",positive,2,yah firm ke expenses aur earnings tatha sath hi iske debits aur jama ki amount ko bhi darshata hai
2285,"build nahin adhishthapit karen target
",neutral,1,build nahin adhishthapit karen target
2286,"agar hamen anuvad karna ho to reddish kahenge ki sun ka colour lohit tha.
",neutral,1,agar hamen anuvad karna ho to reddish kahenge ki sun ka colour lohit tha
2287,"aur make you understand ki illiyin kya hai vah ek likha huaa dafatar hai
",neutral,1,aur make you understand ki illiyin kya hai vah ek likha huaa dafatar hai
2288,"social ke sab se niche vale varg ke children ki road accidents men maut hone ka khatra sab se lowest varg vale children se panch times adhik hai.
",negative,0,social ke sab se niche vale varg ke children ki road accidents men maut hone ka khatra sab se lowest varg vale children se panch times adhik hai
2289,"download in progress hai kya aap is kary ko sahejna chahte hain
",positive,2,download in progress hai kya aap is kary ko sahejna chahte hain
2290,"i bhi is programme ki success men kaphi doubts own
",positive,2,i bhi is programme ki success men kaphi doubts own
2291,"janch len ki vartni correct hai aur aapke proxy settings correct hain
",neutral,1,janch len ki vartni correct hai aur aapke proxy settings correct hain
2292,"yah such nation ke nav nirman ki drishti se good nahin hai.
",negative,0,yah such nation ke nav nirman ki drishti se good nahin hai
2293,"9  vah person , jiski custody se kori account books ya other documents updhara  1  ya updhara  1k  ke adhin abhigrihit kie jate hain , unki copies ya unse uddharan authorised officer ya us nimitt uske dvara sashakt kisi other person ki presence men aese place aur time par jo authorised officer is nimitt niyat karen le sakega.
",neutral,1,vah person jiski custody se kori account books ya other documents updhara ya updhara k ke adhin abhigrihit kie jate hain unki copies ya unse uddharan authorised officer ya us nimitt uske dvara sashakt kisi other person ki presence men aese place aur time par jo authorised officer is nimitt niyat karen le sakega
2294,"partially ordered set, samuchchay ke tatvon ke anukraman tatha prbndhan ka ek intuitive concept hota hai.
",neutral,1,partially ordered set samuchchay ke tatvon ke anukraman tatha prbndhan ka ek intuitive concept hota hai
2295,"children ko opv 5 years ki age tak diya ja sakta hai
",neutral,1,children ko opv years ki age tak diya ja sakta hai
2296,"bhale hi yah poem unki samagr collected men snklit hone se rah gee thi , to bhi apni pahli appearance se uski reputation sthapit karne men sahayta mili thi
",positive,2,bhale hi yah poem unki samagr collected men snklit hone se rah gee thi to bhi apni pahli appearance se uski reputation sthapit karne men sahayta mili thi
2297,"ek person jo doosron ko service prdan karta hai.
",neutral,1,ek person jo doosron ko service prdan karta hai
2298,"unhen unke bapon ka beta karakar pukaro. allah ke yahan yahi adhik nyaysngat bat hai. aur yadi tum unke bapon ko n jante ho, to dharm men ve tumhare bhaee to hai hi aur tumhare sahachar bhi. is silsile men tumse jo lti huee ho usmen tumapar koee gunah nahin, kintu jiska snkalp tumhare dilon ne kar liya, uski bat aur hai. vastav men allah atyant kshmashil, dayavan hai
",positive,2,unhen unke bapon ka beta karakar pukaro allah ke yahan yahi adhik nyaysngat bat hai aur yadi tum unke bapon ko n jante ho to dharm men ve tumhare bhaee to hai hi aur tumhare sahachar bhi is silsile men tumse jo lti huee ho usmen tumapar koee gunah nahin kintu jiska snkalp tumhare dilon ne kar liya uski bat aur hai vastav men allah atyant kshmashil dayavan hai
2299,"panorama men ek ya more images joren
",neutral,1,panorama men ek ya more images joren
2300,"vanaspiti prkar ke pnjikaran hetu aavedan prajanak athva uske adhinyassi dvara nirdharit shulko ke sath nirdharit prapatr men prkar ke nam, paitrik prkar ka srot, athva pnjikrit kie jane vale prkar ke vikas men pryuktath prkar ka nam, prkar ke vaishishtye, ankan evn bhaugolik sthakan ko darshati aavashy k visheshtaon evn davon jaise vivarnon sahit pradhikar ko di ja sakti hai.
",positive,2,vanaspiti prkar ke pnjikaran hetu aavedan prajanak athva uske adhinyassi dvara nirdharit shulko ke sath nirdharit prapatr men prkar ke nam paitrik prkar ka srot athva pnjikrit kie jane vale prkar ke vikas men pryuktath prkar ka nam prkar ke vaishishtye ankan evn bhaugolik sthakan ko darshati aavashy k visheshtaon evn davon jaise vivarnon sahit pradhikar ko di ja sakti hai
2301,"i to yainan tumhara trustworthy paimbar hoon to uda se daro
",positive,2,i to yainan tumhara trustworthy paimbar hoon to uda se daro
2302,"use ek unregistered aboard ke phalak par giraphtar kiya gaya
",negative,0,use ek unregistered aboard ke phalak par giraphtar kiya gaya
2303,"aur jo apni true aur apne ehad ka lihaz rakhte hain
",positive,2,aur jo apni true aur apne ehad ka lihaz rakhte hain
2304,"kuchh log snbhavta sunghni lene ke lie koee anjani jagah bhi chun sakte hain , jisse tre aur ba sakte hain
",negative,0,kuchh log snbhavta sunghni lene ke lie koee anjani jagah bhi chun sakte hain jisse tre aur ba sakte hain
2305,"ek vyakti jo doosron ko service prdan karta hai.
",neutral,1,ek vyakti jo doosron ko service prdan karta hai
2306,"banking system ki is mazbooti ne ke bahar se investment ko bhi bahut attracted kiya hai.
",positive,2,banking system ki is mazbooti ne ke bahar se investment ko bhi bahut attracted kiya hai
2307,"jab tak aap yah anubhooti nahin karte hain ki sara world manifestation of divinity hai , jab tak aap apne bhitar yah anubhav nahin karte hain ki yah snsar jise aap apne charon aur dekhte hain , aur yah country , jismen aap rahte hain , manifestation of divinity hai , tab tak ye sabhi avastvik hain
",positive,2,jab tak aap yah anubhooti nahin karte hain ki sara world manifestation of divinity hai jab tak aap apne bhitar yah anubhav nahin karte hain ki yah snsar jise aap apne charon aur dekhte hain aur yah country jismen aap rahte hain manifestation of divinity hai tab tak ye sabhi avastvik hain
2308,"iska answer satish ke mind men ready tha.
",positive,2,iska answer satish ke mind men ready tha
2309,"allah  uda ke messenger jo pak aura pate hain  scrolls aur
",neutral,1,allah uda ke messenger jo pak aura pate hain scrolls aur
2310,"partial file 1 ka nam badal nahin sakta check permissions janchen
",positive,2,partial file ka nam badal nahin sakta check permissions janchen
2311,"body ke s prishth ३९ par hain  kee sthanon par parking sthan , visheshakar , un karon ke liye rizarv rakhe gaye hain jo apne zones par orange badge ka pragarshan karte hain , aur aap simit samay ke liye un sthanon par bhi rook sakte hain , praya jahan park karne ki anumti nahin hain.
",neutral,1,body ke s prishth par hain kee sthanon par parking sthan visheshakar un karon ke liye rizarv rakhe gaye hain jo apne zones par orange badge ka pragarshan karte hain aur aap simit samay ke liye un sthanon par bhi rook sakte hain praya jahan park karne ki anumti nahin hain
2312,"lid-aaut likhne men kuchh time lead sakta hai
",neutral,1,lidaaut likhne men kuchh time lead sakta hai
2313,"57  sam sand ke tile man ko nature ka sarvottam gift hai.
",positive,2,sam sand ke tile man ko nature ka sarvottam gift hai
2314,"ek leading agency ke roop men yoonesko sabhi international initiatives ko sabke lie shiksha ke lakshy ko pane ki or prvrit evn ekjut kar rahi hai.
",neutral,1,ek leading agency ke roop men yoonesko sabhi international initiatives ko sabke lie shiksha ke lakshy ko pane ki or prvrit evn ekjut kar rahi hai
2315,"du dx ki kojya x ke lie barabar hai.
",negative,0,du dx ki kojya x ke lie barabar hai
2316,"fact men sardar ka frame jitnevale vnshon ya families ko hindu rajnitik polity men aasani se kshatriyas ya rajputs ke roop men svikar kar clans jata tha.
",positive,2,fact men sardar ka frame jitnevale vnshon ya families ko hindu rajnitik polity men aasani se kshatriyas ya rajputs ke roop men svikar kar clans jata tha
2317,"inmen kramsha13,74,283 aur 61,133 vyakti subsidised general vale varg men the aur 61,135 poora primiyam lives valon men the.
",neutral,1,inmen kramsha aur vyakti subsidised general vale varg men the aur poora primiyam lives valon men the
2318,"british ke press ne bhi is pradarshan ki strong aalochna karte hue likha-sbhi station par rel ke dibbon se bahar ki or munh nikalakar use honour se able karne ki is prkar chhoot di gayi , jaise ki vah kala pani jane vala convict n hokar state ka koee sammanit guest hai
",positive,2,british ke press ne bhi is pradarshan ki strong aalochna karte hue likhasbhi station par rel ke dibbon se bahar ki or munh nikalakar use honour se able karne ki is prkar chhoot di gayi jaise ki vah kala pani jane vala convict n hokar state ka koee sammanit guest hai
2319,"tum jis dasha men bhi hote ho aur uraan se jo kuchh bhi pate ho aur tum log jo kam bhi karte ho ham tumhen dekh rahe hote hai, jab tum usmen lage hote ho. aur tumhare rab se kan bhar bhi koee chiz chhipi nahin hai, n dharti men n aakash men aur n usse chhoti aur n bari koee t chiz aesi hai jo ek perspicuous book men maujood n ho
",positive,2,tum jis dasha men bhi hote ho aur uraan se jo kuchh bhi pate ho aur tum log jo kam bhi karte ho ham tumhen dekh rahe hote hai jab tum usmen lage hote ho aur tumhare rab se kan bhar bhi koee chiz chhipi nahin hai n dharti men n aakash men aur n usse chhoti aur n bari koee t chiz aesi hai jo ek perspicuous book men maujood n ho
2320,"connected by internet hue snganak aapas me antarjal rules  ke jarie soochna ka aadan-prdan karte connected
",neutral,1,connected by internet hue snganak aapas me antarjal rules ke jarie soochna ka aadanprdan karte connected
2321,"grave concern vyapak barojgari ek badi chinta ka vishay hai.
",negative,0,grave concern vyapak barojgari ek badi chinta ka vishay hai
2322,"kya jis shas ne uda ke auph aur ushnoodi par apni imarat ki buniyad dali ho vah good pleasure hai ya vah shas jisne apni imarat ki buniyad is crumbling bank ke lab par rakhi ho jismen darar par chuki ho aur agar vah chahta ho phir use le de ke jahannum ki aag men phat pade aur uda zalim logon ko mnzilen masood tak nahin pahunchaya karta
",positive,2,kya jis shas ne uda ke auph aur ushnoodi par apni imarat ki buniyad dali ho vah good pleasure hai ya vah shas jisne apni imarat ki buniyad is crumbling bank ke lab par rakhi ho jismen darar par chuki ho aur agar vah chahta ho phir use le de ke jahannum ki aag men phat pade aur uda zalim logon ko mnzilen masood tak nahin pahunchaya karta
2323,"pratham guru chunakkra achyut variyar aur shnkar variyar rahe.
",neutral,1,pratham guru chunakkra achyut variyar aur shnkar variyar rahe
2324,"chunbkiy parat vala ek tep, jisapar deta sngrhit kiya ja sakta hai
",neutral,1,chunbkiy parat vala ek tep jisapar deta sngrhit kiya ja sakta hai
2325,"yah bhi snbhav hai ki limited opportunities ke karan younger generations se prtispardha ki kaun kahe vriddhon men aapas men hi prtispardha ho jae
",negative,0,yah bhi snbhav hai ki limited opportunities ke karan younger generations se prtispardha ki kaun kahe vriddhon men aapas men hi prtispardha ho jae
2326,"good god corrupt ko pak se chhantakar alag kare aur napakon ko aapas men ek-doosre par rakhakar dher banae , phir use gehenna men dal de. yahi log losers men parnevale hai
",positive,2,good god corrupt ko pak se chhantakar alag kare aur napakon ko aapas men ekdoosre par rakhakar dher banae phir use gehenna men dal de yahi log losers men parnevale hai
2327,"kuchh to mussolini ke samman nivedan se prasann hokar aur kuchh uske colourful personality aur ancient tatha lively culture par uske impact ko dekhne ki chah se ravindrnath ne italy ka invitation svikar kiya  ve 15 curious 1926 ko naples ke lie ravana hue
",positive,2,kuchh to mussolini ke samman nivedan se prasann hokar aur kuchh uske colourful personality aur ancient tatha lively culture par uske impact ko dekhne ki chah se ravindrnath ne italy ka invitation svikar kiya ve curious ko naples ke lie ravana hue
2328,"aur aap wine ke ek glass ke sath aaram se apne feet oopar kar ke baithte hain
",neutral,1,aur aap wine ke ek glass ke sath aaram se apne feet oopar kar ke baithte hain
2329,"law us discipline aur aatm-snyam ki urge expression hai jiska anupalan towards aur social institutions ko karna hota control
",neutral,1,law us discipline aur aatmsnyam ki urge expression hai jiska anupalan towards aur social institutions ko karna hota control
2330,"insurance ka nominee vyakti subscriber ka near snbndhi hoga.
",neutral,1,insurance ka nominee vyakti subscriber ka near snbndhi hoga
2331,"aur i kaha ,  tum kya karte ho
",neutral,1,aur i kaha tum kya karte ho
2332,"ravan ke prashn ke answer introduced hanuman ne apna parichay ram ke doot ke roop men diya.
",neutral,1,ravan ke prashn ke answer introduced hanuman ne apna parichay ram ke doot ke roop men diya
2333,"hindi language ke samachar papers
",neutral,1,hindi language ke samachar papers
2334,"other men boy kee aur bhi things hain , jo sheep nahin sikha sakti.
",neutral,1,other men boy kee aur bhi things hain jo sheep nahin sikha sakti
2335,"k kisi existing law ke provisions par, athva
",neutral,1,k kisi existing law ke provisions par athva
2336,"mnchan ko niyntrit karna bhi sngat hoga ki natakkar tadnusar apni pandulipiyan teyar karne lage honge tatha abhinay aur prastutikaran ke nirdeshon ka samavesh karne lage honge.
",neutral,1,mnchan ko niyntrit karna bhi sngat hoga ki natakkar tadnusar apni pandulipiyan teyar karne lage honge tatha abhinay aur prastutikaran ke nirdeshon ka samavesh karne lage honge
2337,"badi mn aur dana pani hindi films ke lie likhe ge the.
",neutral,1,badi mn aur dana pani hindi films ke lie likhe ge the
2338,"ham aapko is integral jab phir se likhna karne ke lie chahta hoon
",positive,2,ham aapko is integral jab phir se likhna karne ke lie chahta hoon
2339,"1 se 127 tak degree of blurring
",neutral,1,se tak degree of blurring
2340,"farmaya tum daro nahin i tumhare sath see  sab kuchh  sunta aur dekhta see
",positive,2,farmaya tum daro nahin i tumhare sath see sab kuchh sunta aur dekhta see
2341,"aap uski difficult teenage years , jo kabhi-kbhi bari kathin avastha hoti hai , usse apna niji antrng sambndh sthapit kar sakte hain
",negative,0,aap uski difficult teenage years jo kabhikbhi bari kathin avastha hoti hai usse apna niji antrng sambndh sthapit kar sakte hain
2342,"india men ६४ ८ prtishat literacy hai jisme se ७५ ३ men aur ५३ ७ striyan sakshar hai.
",neutral,1,india men prtishat literacy hai jisme se men aur striyan sakshar hai
2343,"doosri ye ki, yadi aap predict karna chahen
",positive,2,doosri ye ki yadi aap predict karna chahen
2344,"aur ham jis shakhs ko  bahut  long umr life hain to use ilat men ulat  kar bachchon ki tarah majboor kar  life hain to kya vah log reason nahin
",positive,2,aur ham jis shakhs ko bahut long umr life hain to use ilat men ulat kar bachchon ki tarah majboor kar life hain to kya vah log reason nahin
2345,"marathi literature bhi time ki momentum k sath sath modern ho chuka hai.
",neutral,1,marathi literature bhi time ki momentum k sath sath modern ho chuka hai
2346,"pahle sab log ek hi din rakhte the phir aapas men jhagarne lage tab uda ne najat se ush bri dene vale aur azab se darane vale paimbron ko bheja aur in paimbron ke sath baraha kitab bhi nazil ki taki jin baton men log jhagarte the kitabe uda uska faisla kar de aur phir afsos to ye hai ki is hukm se ikhtelaph kiya bhi to unhin logon ne jin ko kitab di gayi thi aur vah bhi jab un ke pas uda ke saph ehkam aa chuke uske bad aur vah bhi aapas ki shararat se tab uda ne apni meharbani se alis eemandaron ko vah rahe ha dikha di jis men un logon ne ikhtelaph dal rakha tha aur uda jis ko chahe rahe rast ki hidayat karta hai
",positive,2,pahle sab log ek hi din rakhte the phir aapas men jhagarne lage tab uda ne najat se ush bri dene vale aur azab se darane vale paimbron ko bheja aur in paimbron ke sath baraha kitab bhi nazil ki taki jin baton men log jhagarte the kitabe uda uska faisla kar de aur phir afsos to ye hai ki is hukm se ikhtelaph kiya bhi to unhin logon ne jin ko kitab di gayi thi aur vah bhi jab un ke pas uda ke saph ehkam aa chuke uske bad aur vah bhi aapas ki shararat se tab uda ne apni meharbani se alis eemandaron ko vah rahe ha dikha di jis men un logon ne ikhtelaph dal rakha tha aur uda jis ko chahe rahe rast ki hidayat karta hai
2347,"consolidated stock ki today ki status kya hai.
",neutral,1,consolidated stock ki today ki status kya hai
2348,"din men yah soti rahti hai aur rat men akele ya jore men day and hunting
",neutral,1,din men yah soti rahti hai aur rat men akele ya jore men day and hunting
2349,"local infrastructure dhanche aur any vikas ki mahatvpoorn aavashyaktaon ke bich ke gaps in local, jise maujooda vikas prvah men bhali prkar se door nahin kiya ja raha hai.
",negative,0,local infrastructure dhanche aur any vikas ki mahatvpoorn aavashyaktaon ke bich ke gaps in local jise maujooda vikas prvah men bhali prkar se door nahin kiya ja raha hai
2350,"savitri ke prem ki shakti se chakit hokar tatha isi ke sath usse pichha chhurane ki utkat ichchha se yam ne use kee vardan die aur unhin vardanon ke kram men savitri ne ek manovaijnjanik kshan men unse yah bhi svikar karaya ki use satyvan se sau putron ki prapti ho.
",positive,2,savitri ke prem ki shakti se chakit hokar tatha isi ke sath usse pichha chhurane ki utkat ichchha se yam ne use kee vardan die aur unhin vardanon ke kram men savitri ne ek manovaijnjanik kshan men unse yah bhi svikar karaya ki use satyvan se sau putron ki prapti ho
2351,"i aamtaur aath baje sokar uthta hoon.
",neutral,1,i aamtaur aath baje sokar uthta hoon
2352,"aur yah hamesha har step ke bad ek reality ki janch karne ke lie achchha good
",positive,2,aur yah hamesha har step ke bad ek reality ki janch karne ke lie achchha good
2353,"jo bare-bare sins aur ashlil avoid the deadly hai aur jab unhe kisi par krodh aata hai to ve kshma kar dete hain
",negative,0,jo barebare sins aur ashlil avoid the deadly hai aur jab unhe kisi par krodh aata hai to ve kshma kar dete hain
2354,"human body men torso , neck , dhar , baju tatha tangen hoti hain
",neutral,1,human body men torso neck dhar baju tatha tangen hoti hain
2355,"child 3: phir sunao, grandpa!
",neutral,1,child phir sunao grandpa
2356,"requested device inishiylaiz maunted nahin kiya ja sakta riport ki gee reported error 1
",negative,0,requested device inishiylaiz maunted nahin kiya ja sakta riport ki gee reported error
2357,"location   s  mauzood nahin hai
",neutral,1,location s mauzood nahin hai
2358,"b se ee tak ki line ke way poore raste chalie ,
",neutral,1,b se ee tak ki line ke way poore raste chalie
2359,"ye legal sahi hai ki aapko becha jay
",positive,2,ye legal sahi hai ki aapko becha jay
2360,"nissndeh judgement ka day ek niyat time hai ,
",positive,2,nissndeh judgement ka day ek niyat time hai
2361,"own apne area men old lagatar koshish kar rahe hai ki purane suspicions clear ho , aapsi samajh ki barriers khule aur bangladesh , pakistan tatha bharat ke bich sthayi friendship ke lie paristhitiyan anukool bane.
",positive,2,own apne area men old lagatar koshish kar rahe hai ki purane suspicions clear ho aapsi samajh ki barriers khule aur bangladesh pakistan tatha bharat ke bich sthayi friendship ke lie paristhitiyan anukool bane
2362,"jute ke plants ko 21 se 38 degrees selsiyas temperature tatha 70 se 80 cent relative humidity ki jaroorat parti hain.
",neutral,1,jute ke plants ko se degrees selsiyas temperature tatha se cent relative humidity ki jaroorat parti hain
2363,"apne interview men bharali ne  marriage ke bad  ki har happened ka kramvar yaura diya hai
",neutral,1,apne interview men bharali ne marriage ke bad ki har happened ka kramvar yaura diya hai
2364,"recent dinon bilateral snbndhon men significant acceleration tatha expansion huaa hai aur usmen interest sabhi kshetr shamil hain.
",positive,2,recent dinon bilateral snbndhon men significant acceleration tatha expansion huaa hai aur usmen interest sabhi kshetr shamil hain
2365,"example sipain men  XML : : panel   etc   xml   php   rom   java  aadi.
",neutral,1,example sipain men xml panel etc xml php rom java aadi
2366,"latest men snpoorn sugar domestic ke manufacturers ke lie sngthit kshetr men tons ikaiyan hain aur prti varsh global 200 position ki snsthapit capable vale purje hain.
",neutral,1,latest men snpoorn sugar domestic ke manufacturers ke lie sngthit kshetr men tons ikaiyan hain aur prti varsh global position ki snsthapit capable vale purje hain
2367,"people , crime ke victim hue kuchh logon men phir se uske victim banne ki further prvritti hoti hai
",negative,0,people crime ke victim hue kuchh logon men phir se uske victim banne ki further prvritti hoti hai
2368,"ham moon pe phir se ja rahe hain - 50 years bad -
",neutral,1,ham moon pe phir se ja rahe hain years bad
2369,"aur hamne aasman se barakat vala pani wherewith we caused ba ke darakht ugae aur kheti ka anaj aur lambi lambi khajooren
",positive,2,aur hamne aasman se barakat vala pani wherewith we caused ba ke darakht ugae aur kheti ka anaj aur lambi lambi khajooren
2370,"jo strength india ki freedom ke lie chinta karte hain aur uske ichchhuk hain , ve mahasabha shanti aur confidence ke sath is test ka meet karen aur hamare dreams ke independence india ki disha men kndhe se kndha milakar aage badhen.
",positive,2,jo strength india ki freedom ke lie chinta karte hain aur uske ichchhuk hain ve mahasabha shanti aur confidence ke sath is test ka meet karen aur hamare dreams ke independence india ki disha men kndhe se kndha milakar aage badhen
2371,"vaikom ke mndir men kalamapatt ek bahut big thatched shed baithakar gaya jata hai jo mndir ke bahut bare prangan ke uttri bhag inside a big
",neutral,1,vaikom ke mndir men kalamapatt ek bahut big thatched shed baithakar gaya jata hai jo mndir ke bahut bare prangan ke uttri bhag inside a big
2372,"stkvelar ke shabdon men vah talents and personal aakarshan men inglaind bhar men apna sani nahin rakhti thi.
",positive,2,stkvelar ke shabdon men vah talents and personal aakarshan men inglaind bhar men apna sani nahin rakhti thi
2373,"mainne jaldi kari jisse ki tren n chhoot jae.
",positive,2,mainne jaldi kari jisse ki tren n chhoot jae
2374,"parntu section 111k men ullikhit alpkalik way abhilabhon ke roop men income par pariklit aay-kar ki amount fifteen prtishat ki rate se hogi
",positive,2,parntu section k men ullikhit alpkalik way abhilabhon ke roop men income par pariklit aaykar ki amount fifteen prtishat ki rate se hogi
2375,"jahan tak malgujaron ka snbadh tha, jo kee provinces formed Zkisan aur sarkar ke bich snbndh banaye huye the ek varg ke roop men unhone apne kirayedaron ki sahayta ya protsahan ke lie ungli tak nahin hilaee
",positive,2,jahan tak malgujaron ka snbadh tha jo kee provinces formed zkisan aur sarkar ke bich snbndh banaye huye the ek varg ke roop men unhone apne kirayedaron ki sahayta ya protsahan ke lie ungli tak nahin hilaee
2376,"reading , meanings prapt karne ke purpose se symbols ke vikodan ki ek complex cognitive process hai.
",neutral,1,reading meanings prapt karne ke purpose se symbols ke vikodan ki ek complex cognitive process hai
2377,"samanyta ek vastu ke do parts ya upakarnon ki pairs kelie is term ka pryog kiya jata hai.
",neutral,1,samanyta ek vastu ke do parts ya upakarnon ki pairs kelie is term ka pryog kiya jata hai
2378,"oopar sikhara bhi square raha hoga
",positive,2,oopar sikhara bhi square raha hoga
2379,"phir jo kuchh ve kamate rahe , vah unke kuchh kam n aa saka
",neutral,1,phir jo kuchh ve kamate rahe vah unke kuchh kam n aa saka
2380,"bimari ka pahla lakshan to yah hai ki janavar jugali karna bnd kar deta haidoodh bhi vah kam matra men dene lagta hai
",negative,0,bimari ka pahla lakshan to yah hai ki janavar jugali karna bnd kar deta haidoodh bhi vah kam matra men dene lagta hai
2381,"aur jab unhen remember dilaya jata hai, to ve remember nahin karte,
",neutral,1,aur jab unhen remember dilaya jata hai to ve remember nahin karte
2382,"code such ke roop men , fixed chauraee ke sath text ke lie font
",neutral,1,code such ke roop men fixed chauraee ke sath text ke lie font
2383,"highest se highest amount jo mooly rup me di jani ho.
",neutral,1,highest se highest amount jo mooly rup me di jani ho
2384,"ladies aur gentlemen , aaie ham sab milakra
",positive,2,ladies aur gentlemen aaie ham sab milakra
2385,"male condom garbh-nirodhak ka sabse effective and safe upay effective
",positive,2,male condom garbhnirodhak ka sabse effective and safe upay effective
2386,"evolution men welcome hai  next kuchh screens aapke evolution ko aapke email accounts se jurne men saksham few , aur other applications se fail ko aayat karega
",positive,2,evolution men welcome hai next kuchh screens aapke evolution ko aapke email accounts se jurne men saksham few aur other applications se fail ko aayat karega
2387,"agar mere pas 1 twelve ke twelve eggs hain-- ek twelve 12 ke barabar hota hai
",neutral,1,agar mere pas twelve ke twelve eggs hain ek twelve ke barabar hota hai
2388,"to ham iske bare me sochte hain vo kya hai
",neutral,1,to ham iske bare me sochte hain vo kya hai
2389,"thrust ke pnjon ki chumban mahsoos hote hi uski body aenth jati aur phir dubara dhili par jati.
",neutral,1,thrust ke pnjon ki chumban mahsoos hote hi uski body aenth jati aur phir dubara dhili par jati
2390,"bhanu ko bhoomika nibhane ke lie shayad islie taiyar kiya gaya ki ek business partner ke chief minister es bngarappa se, jo rajkumar ke rishtedar hain, nikat snbndh hain
",neutral,1,bhanu ko bhoomika nibhane ke lie shayad islie taiyar kiya gaya ki ek business partner ke chief minister es bngarappa se jo rajkumar ke rishtedar hain nikat snbndh hain
2391,"aur record vah vyakti jiska karm-patr  uske baen hath men  uski back ke pichhe se diya gaya ,
",neutral,1,aur record vah vyakti jiska karmpatr uske baen hath men uski back ke pichhe se diya gaya
2392,"to khud ko yad dilane ke lie , thing aur 58 exact ek hi
",neutral,1,to khud ko yad dilane ke lie thing aur exact ek hi
2393,"factory price par utpad sho room men upalabdh hai.
",neutral,1,factory price par utpad sho room men upalabdh hai
2394,"sivay un logon ke jo iske merciful amends kar len aur sudhar kar len. to nishchay hi allah bahut kshmashil , atyant dayavan hai
",positive,2,sivay un logon ke jo iske merciful amends kar len aur sudhar kar len to nishchay hi allah bahut kshmashil atyant dayavan hai
2395,"in assi lakh shukranuon men se koee bhi ek utni hi bari snkhya ke dinbon men se kisi ek ko snshechit kar ek form a genotype utpann kar sakta hai.
",negative,0,in assi lakh shukranuon men se koee bhi ek utni hi bari snkhya ke dinbon men se kisi ek ko snshechit kar ek form a genotype utpann kar sakta hai
2396,"aesi vastoo jo jivan ya utpti ke lie snkatajany hai
",negative,0,aesi vastoo jo jivan ya utpti ke lie snkatajany hai
2397,"bharvi karib karib kalidas ke contemporary the
",neutral,1,bharvi karib karib kalidas ke contemporary the
2398,"data you entered bhara hai uske karan nimn samasyaen milina
",negative,0,data you entered bhara hai uske karan nimn samasyaen milina
2399,"yah congenital udarvisphar ki case hai
",neutral,1,yah congenital udarvisphar ki case hai
2400,"ek hydrological unit ke lie water resources development aur management ki yojna banani hogi.
",neutral,1,ek hydrological unit ke lie water resources development aur management ki yojna banani hogi
2401,"agar culture hamen changes karti ho , jo ki vah vakee karti hai -
",neutral,1,agar culture hamen changes karti ho jo ki vah vakee karti hai
2402,"iske alava i, aur phir aap apne monthly payment ka payment
",negative,0,iske alava i aur phir aap apne monthly payment ka payment
2403,"india family planning association aur shakha karyalay.
",neutral,1,india family planning association aur shakha karyalay
2404,"aese drafts jinhen such ke lie bina remitter bank dvara jari advice patr ke prapt hue prastut kiya jae.
",neutral,1,aese drafts jinhen such ke lie bina remitter bank dvara jari advice patr ke prapt hue prastut kiya jae
2405,"habitat : ye tree aur ghas vale khule near men rahte water
",neutral,1,habitat ye tree aur ghas vale khule near men rahte water
2406,"yadi children ko , is project se previous play rachna ka kuchh experience hai , to project ki story ko banane men unhen kam samay lagega.
",positive,2,yadi children ko is project se previous play rachna ka kuchh experience hai to project ki story ko banane men unhen kam samay lagega
2407,"kya image gallery pane badalne yogy hona chahie
",neutral,1,kya image gallery pane badalne yogy hona chahie
2408,"kya tum bat   ba  ko pukarte ho aur best creator ko chhor dete ho
",positive,2,kya tum bat ba ko pukarte ho aur best creator ko chhor dete ho
2409,"csr samajik uttardayitv ka notion bharat ke lie new nahin hai.
",neutral,1,csr samajik uttardayitv ka notion bharat ke lie new nahin hai
2410,"chunen ki kaun si service snpadit karni haia  C
",neutral,1,chunen ki kaun si service snpadit karni haia c
2411,"imambare ki ek aur vihit snrachna 5 mnjila bavari siidar kunaa hai, jo poorv navabi yug ki hai.
",positive,2,imambare ki ek aur vihit snrachna mnjila bavari siidar kunaa hai jo poorv navabi yug ki hai
2412,"indian maintenance rakhne aur racialism soviet colonialism ko elimination karne ke bare me sovayat union aur bharat ke view ek jaise hain.
",positive,2,indian maintenance rakhne aur racialism soviet colonialism ko elimination karne ke bare me sovayat union aur bharat ke view ek jaise hain
2413,"aur usi ki udarat ki nishaniyon men se sare heavens and earth ka paida karna aur un jandaron ka bhi jo usne heavens and earth men scattered abroad hain aur jab chahe unke jama kar lene par bhi adir hai
",positive,2,aur usi ki udarat ki nishaniyon men se sare heavens and earth ka paida karna aur un jandaron ka bhi jo usne heavens and earth men scattered abroad hain aur jab chahe unke jama kar lene par bhi adir hai
2414,"kisi common goal ke lie milakar kam karna
",neutral,1,kisi common goal ke lie milakar kam karna
2415,"replies ke replies men dvaraakoa headers bigare
",neutral,1,replies ke replies men dvaraakoa headers bigare
2416,"skin granthiyan samanyta ji-spt ke roop men jani jati hain
",neutral,1,skin granthiyan samanyta jispt ke roop men jani jati hain
2417,"vidhi men ek law ke number kee tha law hote hain.
",positive,2,vidhi men ek law ke number kee tha law hote hain
2418,"new devices par tab par menu ke lie naya tab page aksham karen
",neutral,1,new devices par tab par menu ke lie naya tab page aksham karen
2419,"aur kisi vishisht kshetr ke sndarbh men utkrishtta ka arth ya hoga , is bat ka nirnay ham logon ne kar bhi liya tab bhi aanevali pii ki sntanon men yah gun dikhaee dega , is bat ki koee garnti nahin di ja sakti
",positive,2,aur kisi vishisht kshetr ke sndarbh men utkrishtta ka arth ya hoga is bat ka nirnay ham logon ne kar bhi liya tab bhi aanevali pii ki sntanon men yah gun dikhaee dega is bat ki koee garnti nahin di ja sakti
2420,"option dvara aashodhit band ke navikaran ka prastav vicharadhin hai.
",positive,2,option dvara aashodhit band ke navikaran ka prastav vicharadhin hai
2421,"vaccine available hai aur pregnancy women ko nahin diya ja sakta hai  vaccine lene ke bad women ko least se least ek month tak garbhdharan nahin karna chahiye
",neutral,1,vaccine available hai aur pregnancy women ko nahin diya ja sakta hai vaccine lene ke bad women ko least se least ek month tak garbhdharan nahin karna chahiye
2422,"cell ke kendr men pnkti baddh honge
",neutral,1,cell ke kendr men pnkti baddh honge
2423,"buddh ka janm din vyapak roop se theravda deshon men manaya jata hai unki mata ka unke janm ke sat din bad nidhan ho gaya tha.
",negative,0,buddh ka janm din vyapak roop se theravda deshon men manaya jata hai unki mata ka unke janm ke sat din bad nidhan ho gaya tha
2424,"iske bad bhaybhit aur aashnka se bhare rajraj varma samne forward
",negative,0,iske bad bhaybhit aur aashnka se bhare rajraj varma samne forward
2425,"gora ne thori der chup rahakar kaha, dekhie, in sab mamlon men mujhe n phnsaiye.
",positive,2,gora ne thori der chup rahakar kaha dekhie in sab mamlon men mujhe n phnsaiye
2426,"aapke computer par kisi any program ne extension jora hai , jo Chrome ke works karne ke tarike ko chrome sakta hai
",neutral,1,aapke computer par kisi any program ne extension jora hai jo chrome ke works karne ke tarike ko chrome sakta hai
2427,"yah aspashtta kanon ke dynamical equations men chalti rahi.
",positive,2,yah aspashtta kanon ke dynamical equations men chalti rahi
2428,"india men ६४  ८ prtishat literacy hai jisme se ७५  ३  men aur ५३  ७  striyan literate hai.
",neutral,1,india men prtishat literacy hai jisme se men aur striyan literate hai
2429,"ball ko do ran ke lie don mat. use park se bahar pahunchane ke lie aim sadhie. amar vyaktiyon ke sath ka lakshy company
",neutral,1,ball ko do ran ke lie don mat use park se bahar pahunchane ke lie aim sadhie amar vyaktiyon ke sath ka lakshy company
2430,"yah festivities ten last first chalta hai , jinmen se pahli others nights kee aspects men durga aur kee aspects men lakshmi ya saraswati ko samarpit hoti hain.
",positive,2,yah festivities ten last first chalta hai jinmen se pahli others nights kee aspects men durga aur kee aspects men lakshmi ya saraswati ko samarpit hoti hain
2431,"isi se uska called padmpad pad gaya.
",neutral,1,isi se uska called padmpad pad gaya
2432,"2 bharat ki vividhta ko dekhte hue parliament government jyada upyogi hai is me desh ke sabhi vargon ke log mntri parishad me liye ja sakte hai
",positive,2,bharat ki vividhta ko dekhte hue parliament government jyada upyogi hai is me desh ke sabhi vargon ke log mntri parishad me liye ja sakte hai
2433,"aur usko bhi chalis lakh times dekha gaya hai.
",neutral,1,aur usko bhi chalis lakh times dekha gaya hai
2434,"nyayalay ne kaha ki ve shabd sirph hasyaspad the aur pathkon par koee prbhav incapable of producing the.
",negative,0,nyayalay ne kaha ki ve shabd sirph hasyaspad the aur pathkon par koee prbhav incapable of producing the
2435,"iske viprit elesdi ka ek hi bar dam lagane se kisi latent mental illness vale vyakti ko manovaigyanik hani pahunchne ki snbhavna ho sakti hai .
",negative,0,iske viprit elesdi ka ek hi bar dam lagane se kisi latent mental illness vale vyakti ko manovaigyanik hani pahunchne ki snbhavna ho sakti hai
2436,"bahut snbhav hai ki violin ka bow bhi ek rod ko doosri rod par act aag jalane vali samany jivan ki kriya ka hi viksit roop ho
",positive,2,bahut snbhav hai ki violin ka bow bhi ek rod ko doosri rod par act aag jalane vali samany jivan ki kriya ka hi viksit roop ho
2437,"sync set ap karne ka pryas karte samay ek error utpann huee
",negative,0,sync set ap karne ka pryas karte samay ek error utpann huee
2438,"notes ya sikkon ki aesi amount jo cashes dainik kary vyavhar ke lie apne nakdi box men rakhta ho.
",neutral,1,notes ya sikkon ki aesi amount jo cashes dainik kary vyavhar ke lie apne nakdi box men rakhta ho
2439,"aur plants belen , aur darakht  usi ko  sajda karte hain
",neutral,1,aur plants belen aur darakht usi ko sajda karte hain
2440,"is occasion par , president ne kaha ki , india fortunate hai ki uske pas change ki population agenda ki prapti ke lie large young pii hai.
",positive,2,is occasion par president ne kaha ki india fortunate hai ki uske pas change ki population agenda ki prapti ke lie large young pii hai
2441,"girl varsh ki teleza apne school ke echaaeevieds roktham club v local galsr guides chapter ki chairperson hai.
",negative,0,girl varsh ki teleza apne school ke echaaeevieds roktham club v local galsr guides chapter ki chairperson hai
2442,"course many vidvan is point ka virodh karte hain , phir bhi bahut se scholars ki yah manyta hai ki tntr-vady ke nirman ka vichar snbhavat : hunting ya martial snbndhi harp aur arrow ke kon dvara utpann twang se dimag men aaya hoga
",negative,0,course many vidvan is point ka virodh karte hain phir bhi bahut se scholars ki yah manyta hai ki tntrvady ke nirman ka vichar snbhavat hunting ya martial snbndhi harp aur arrow ke kon dvara utpann twang se dimag men aaya hoga
2443,"schools men students ko corporal punishment dene par rok honi chahie aur vidyarthiyon ko positive initiatives karne ke lie protsahit kiya jana chahie.
",positive,2,schools men students ko corporal punishment dene par rok honi chahie aur vidyarthiyon ko positive initiatives karne ke lie protsahit kiya jana chahie
2444,"achanak uttam ko coral ki chattanon ke bich men ek peculiar si object lying huee dikhaee di.
",negative,0,achanak uttam ko coral ki chattanon ke bich men ek peculiar si object lying huee dikhaee di
2445,"chromium ab aur updating nahin kar raha hai kyonki aapka operating system aprachlit hai
",negative,0,chromium ab aur updating nahin kar raha hai kyonki aapka operating system aprachlit hai
2446,"shrimad bhagavadgita ka saral elementary hindi translation
",neutral,1,shrimad bhagavadgita ka saral elementary hindi translation
2447,"kisi project ko banane men cost element ki upeksha nahin ki ja sakti.
",positive,2,kisi project ko banane men cost element ki upeksha nahin ki ja sakti
2448,"movement men n keval shri bhatt ke priy embrace ke trees balki world ki sari creation bhi shamil
",positive,2,movement men n keval shri bhatt ke priy embrace ke trees balki world ki sari creation bhi shamil
2449,"nematodes sootrak ya nema ke roop men bhi jane jate hain
",neutral,1,nematodes sootrak ya nema ke roop men bhi jane jate hain
2450,"main fox hoon!  s fox ne kaha.
",neutral,1,main fox hoon s fox ne kaha
2451,"yahan ek bahut short text hai.
",neutral,1,yahan ek bahut short text hai
2452,"gandhiji ne gandhiji claimed ki har ko apni har told his colleagues se kah diya ki agar ven leave the congress se sahamat nahin hain to ven kangres se hat sakten hain.
",negative,0,gandhiji ne gandhiji claimed ki har ko apni har told his colleagues se kah diya ki agar ven leave the congress se sahamat nahin hain to ven kangres se hat sakten hain
2453,"decisions issues ke bare men aapki council ke open more sarvajnik honge aur council aapke samne more javab deh hogi
",neutral,1,decisions issues ke bare men aapki council ke open more sarvajnik honge aur council aapke samne more javab deh hogi
2454,"usne to bengal ko jit liya tha n
",neutral,1,usne to bengal ko jit liya tha n
2455,"chalo yah number line par aarekhit karen.
",positive,2,chalo yah number line par aarekhit karen
2456,"court ne jo decree di vah ek appealable decree thi.
",neutral,1,court ne jo decree di vah ek appealable decree thi
2457,"21 fort aayaran phort ke roop men bhi jana jata hai fort bharatpur ke prmukh aetihasik aakarshnon men se ek it
",positive,2,fort aayaran phort ke roop men bhi jana jata hai fort bharatpur ke prmukh aetihasik aakarshnon men se ek it
2458,"rest house ka arth us building se hota hai , jiska pryog travelers dvara shelter ke lie kiya jata hai.
",neutral,1,rest house ka arth us building se hota hai jiska pryog travelers dvara shelter ke lie kiya jata hai
2459,"char decades se more , gurbakhsh sinh punjabi journalism par aachchhadit rahe.
",neutral,1,char decades se more gurbakhsh sinh punjabi journalism par aachchhadit rahe
2460,"india ke president , shri pranab mukharji ne women ke bare men negative perceptions ko badalne ka aagrah kiya.
",negative,0,india ke president shri pranab mukharji ne women ke bare men negative perceptions ko badalne ka aagrah kiya
2461,"kabhi local craftsmen bhi apni kalakritiyon ko yahan par sale ke lie rakh dete hain
",neutral,1,kabhi local craftsmen bhi apni kalakritiyon ko yahan par sale ke lie rakh dete hain
2462,"device men FILTER _ SLOT property samarthan upalabdh nahin hai
",negative,0,device men filter slot property samarthan upalabdh nahin hai
2463,"yah soluble fibre ka best source hai.
",positive,2,yah soluble fibre ka best source hai
2464,"god ne unke hearts par aur vision par muhar laga di hai aur unki aankhon par parda punishment hai , aur unke lie bari yatna hai
",positive,2,god ne unke hearts par aur vision par muhar laga di hai aur unki aankhon par parda punishment hai aur unke lie bari yatna hai
2465,"aesa karna mahatma gandhi ko unki 150birth anniversary par hamari shraddhanjli hogi jo varsh2019 men manaee jaegi.
",positive,2,aesa karna mahatma gandhi ko unki birth anniversary par hamari shraddhanjli hogi jo varsh men manaee jaegi
2466,"aur  serve  aume samood ke pas unke brother saleh ko  paimbar banakar bheja  to unhonne  apni people se  kaha h meri people uda hi ki parastish god uske siva koee tumhara mabood nahin usi ne tumko zamin  ki earth  se paida kiya aur tumko usmen basaya to usse maphirat ki lord mgon phir uski bargah men repentance god  responsive mera paravardigar  har shash ke  rib aur sabki sunta aur lord ubool karta hai
",positive,2,aur serve aume samood ke pas unke brother saleh ko paimbar banakar bheja to unhonne apni people se kaha h meri people uda hi ki parastish god uske siva koee tumhara mabood nahin usi ne tumko zamin ki earth se paida kiya aur tumko usmen basaya to usse maphirat ki lord mgon phir uski bargah men repentance god responsive mera paravardigar har shash ke rib aur sabki sunta aur lord ubool karta hai
2467,"aur un logon ka pichha karne men susti n dikhao. yadi tumhen none god hai  to unhen bhi none god hai , jis tarah tumko none god success aur tum knowing se us chiz ki aasha karte ho , jis chiz ki ve aasha nahin karte. knowing to chary kuchh jannevala , tatvadarshi hai
",positive,2,aur un logon ka pichha karne men susti n dikhao yadi tumhen none god hai to unhen bhi none god hai jis tarah tumko none god success aur tum knowing se us chiz ki aasha karte ho jis chiz ki ve aasha nahin karte knowing to chary kuchh jannevala tatvadarshi hai
2468,"yah 2 feet bhi nahi hai
",neutral,1,yah feet bhi nahi hai
2469,"aap ki local social ki sevaen other department aap ko aap ke sthaniy organisations ke bare men batayega.
",neutral,1,aap ki local social ki sevaen other department aap ko aap ke sthaniy organisations ke bare men batayega
2470,"adhikansh samitiyon public is directly athva apratyaksh ng se tab snbaddh hoti hai jab memoranda containing suggestions jnjapan prapt hote hain.
",neutral,1,adhikansh samitiyon public is directly athva apratyaksh ng se tab snbaddh hoti hai jab memoranda containing suggestions jnjapan prapt hote hain
2471,"jab aadhi dead of night, rano kakamahal pahuncha to natar ne use moomal ke kaksh men yah kahakar jane se mana kiya ki mumal ab aur kisi se prem karti hai.
",neutral,1,jab aadhi dead of night rano kakamahal pahuncha to natar ne use moomal ke kaksh men yah kahakar jane se mana kiya ki mumal ab aur kisi se prem karti hai
2472,"unexpected leaders ko is polling men chuna gaya.
",neutral,1,unexpected leaders ko is polling men chuna gaya
2473,"baki ke do sadasyon ke pas ya to special educational aavashyaktaon ya sthaniy sarkar ya donon hi ke bare knowledge and experience anubhav hoga
",positive,2,baki ke do sadasyon ke pas ya to special educational aavashyaktaon ya sthaniy sarkar ya donon hi ke bare knowledge and experience anubhav hoga
2474,"to product rules hamen madad karte hain.
",positive,2,to product rules hamen madad karte hain
2475,"sabhi DRIVENAME search
",neutral,1,sabhi drivename search
2476,"is prkar back the clock chalakar , ham apna mool vnsh punarjivit kar sakte hain , hamara lakshri-oonshchhsh-y ham final goal se tatha parivar niyojan se prapt kar sakte hain
",positive,2,is prkar back the clock chalakar ham apna mool vnsh punarjivit kar sakte hain hamara lakshrioonshchhshy ham final goal se tatha parivar niyojan se prapt kar sakte hain
2477,"is audience men tatha large aaspas aese bahut se elders hain jo ki large country tatha samaj ke lie valuable sahyog prdan kar rahe hain.
",positive,2,is audience men tatha large aaspas aese bahut se elders hain jo ki large country tatha samaj ke lie valuable sahyog prdan kar rahe hain
2478,"is lie agar ham percent ke nishan ko hata dete hain to, ham dashamalav ko
",neutral,1,is lie agar ham percent ke nishan ko hata dete hain to ham dashamalav ko
2479,"agriculture men modern biology ka upyog need ki jaroorat hai.
",neutral,1,agriculture men modern biology ka upyog need ki jaroorat hai
2480,"job par lagne ke shighr bad hi 1912 me shivdaee ke sath unka vivah ho gaya, jiske sath janm se hi unki mngni ho chuki jivan 19 thi.
",neutral,1,job par lagne ke shighr bad hi me shivdaee ke sath unka vivah ho gaya jiske sath janm se hi unki mngni ho chuki jivan thi
2481,"aur sabhi cases men hame poochhna hai
",neutral,1,aur sabhi cases men hame poochhna hai
2482,"jab ve usmen dale jaenge to uski daharne ki bhayanak aavaz sunenge aur vah prkop se while rahi hogi.
",neutral,1,jab ve usmen dale jaenge to uski daharne ki bhayanak aavaz sunenge aur vah prkop se while rahi hogi
2483,"something mana jata hai ki focus karne vale ka dhyan bhng ho chuka hai ,
",negative,0,something mana jata hai ki focus karne vale ka dhyan bhng ho chuka hai
2484,"project manager plugin ke lie Anjuta
",neutral,1,project manager plugin ke lie anjuta
2485,"kya quantity is equation ke donon pakshon ke lie shamil kiya jana chahie
",neutral,1,kya quantity is equation ke donon pakshon ke lie shamil kiya jana chahie
2486,"horizontal instability ke samupyojan ka ek prarupik udaharan dhrviy barph-topi jaise uchch elbdo ke tampering with regions hai.
",positive,2,horizontal instability ke samupyojan ka ek prarupik udaharan dhrviy barphtopi jaise uchch elbdo ke tampering with regions hai
2487,"at : government ne nishchay kiya ki constitution ka amendment necessary nahin hai
",neutral,1,at government ne nishchay kiya ki constitution ka amendment necessary nahin hai
2488,"islie nimhains dvara aarnbh kie ge ee-haspital aur ee-projekt karyakram utkrisht pahal hain, any snsthaon dvara anukaran kie jane yogy hai.
",positive,2,islie nimhains dvara aarnbh kie ge eehaspital aur eeprojekt karyakram utkrisht pahal hain any snsthaon dvara anukaran kie jane yogy hai
2489,"aur blasting men bhi  sign lie nishani hai  jabki hamne unapar wind vayu chala di
",neutral,1,aur blasting men bhi sign lie nishani hai jabki hamne unapar wind vayu chala di
2490,"is imarat ke top ek big tomb sushobhit building
",positive,2,is imarat ke top ek big tomb sushobhit building
2491,"patti men paya jane vala ek type of vein vinyas jahan apne aarnbh hone ke sthan se ant hone ke sthan tak shiraen ek doosre ke samantar hoti hain
",neutral,1,patti men paya jane vala ek type of vein vinyas jahan apne aarnbh hone ke sthan se ant hone ke sthan tak shiraen ek doosre ke samantar hoti hain
2492,"tab signs retribution unse  unki shararat ka  badla liya to choonki vah log hamari aayton ko sea the aur unse heedless rahte the retribution unhen dariya men dubo diya
",negative,0,tab signs retribution unse unki shararat ka badla liya to choonki vah log hamari aayton ko sea the aur unse heedless rahte the retribution unhen dariya men dubo diya
2493,"unhonne wasn kiya ki vahan enough progress nahin thi
",positive,2,unhonne wasn kiya ki vahan enough progress nahin thi
2494,"assembly men discussions svtntr , svachchh evn nirbadh huaa karti thin
",positive,2,assembly men discussions svtntr svachchh evn nirbadh huaa karti thin
2495,"march 2010 men uprashtrapti joy biden, klintan aur obama ne ek bar phir ijrayal ke sath vahi sngharsh than liya aur is bar vishesh roop se jerusalam ke sath. is bar to prshasan ko apni moorkhta se kadam vapas khinchne men keval chhah saptah lage jaisa ki vashingatan instityoot men jems jons ke bhashan aur vhait haus par eli visel ke bhojan se snket mila.
",negative,0,march men uprashtrapti joy biden klintan aur obama ne ek bar phir ijrayal ke sath vahi sngharsh than liya aur is bar vishesh roop se jerusalam ke sath is bar to prshasan ko apni moorkhta se kadam vapas khinchne men keval chhah saptah lage jaisa ki vashingatan instityoot men jems jons ke bhashan aur vhait haus par eli visel ke bhojan se snket mila
2496,"video number karne ke lie horizontal video windows ki select the number karen
",positive,2,video number karne ke lie horizontal video windows ki select the number karen
2497,"india ke president tomorrow homoeopathy par ek international convention ka udghatan karenge. , president bhavan : 08042016
",neutral,1,india ke president tomorrow homoeopathy par ek international convention ka udghatan karenge president bhavan
2498,"yah koee nahin kah sakta ki is kal ke matter might crop uth khara ho ya sarkar par kis tarah ka aakraman kar diya jae
",negative,0,yah koee nahin kah sakta ki is kal ke matter might crop uth khara ho ya sarkar par kis tarah ka aakraman kar diya jae
2499,"chikitsak dvara size of uterus v kokh men amniotic fluid ki matra ki nigrani ki jani chahiye
",positive,2,chikitsak dvara size of uterus v kokh men amniotic fluid ki matra ki nigrani ki jani chahiye
2500,"chahe jis karan bhi ho other koi aesi vastu chahte hain jiska other sparsh kar something , jisen dekh something aur jiske samaksh shraddhapoorvak vinat ho saken.
",positive,2,chahe jis karan bhi ho other koi aesi vastu chahte hain jiska other sparsh kar something jisen dekh something aur jiske samaksh shraddhapoorvak vinat ho saken
2501,"unhonne kuchh nahin kaha sivay iske ki ae hamare rab! too hamare gunahon ko aur hamare apne mamle men jo zyadti hamse ho gee ho, use kshma kar de aur firmly our feet rakh, aur inkar karnevale logon ke muable men give us victory
",positive,2,unhonne kuchh nahin kaha sivay iske ki ae hamare rab too hamare gunahon ko aur hamare apne mamle men jo zyadti hamse ho gee ho use kshma kar de aur firmly our feet rakh aur inkar karnevale logon ke muable men give us victory
2502,"rashtriy bank srijna ka publication:
",neutral,1,rashtriy bank srijna ka publication
2503,"hanphi panth-iske anuyayi south asia aur madhy eshiya men hain.
",neutral,1,hanphi panthiske anuyayi south asia aur madhy eshiya men hain
2504,"small agricultural products ke lie organised vidyman vyavastha ke absence men producers ko unki upaj ka good price nahin mil pata.
",negative,0,small agricultural products ke lie organised vidyman vyavastha ke absence men producers ko unki upaj ka good price nahin mil pata
2505,"stabilise the market banae rakhne ke lie vinimay daron ko banae rakhna samanyta yah kary sarkar ya snbndhit pradhikriti dvara kiya jata hai.
",positive,2,stabilise the market banae rakhne ke lie vinimay daron ko banae rakhna samanyta yah kary sarkar ya snbndhit pradhikriti dvara kiya jata hai
2506,"talk unhen khabar nahin ki god unka secrets aur unki kanaphusiyon ko achchhi tarah janta hai aur yah ki god unknown ki sari baton ko bhali-bhanti janta hai
",positive,2,talk unhen khabar nahin ki god unka secrets aur unki kanaphusiyon ko achchhi tarah janta hai aur yah ki god unknown ki sari baton ko bhalibhanti janta hai
2507,"Kerberos 5 authentication ke upyog se yah option server se jorega
",neutral,1,kerberos authentication ke upyog se yah option server se jorega
2508,"chunne ke channel when picking ke sath karta ko aakar den
",neutral,1,chunne ke channel when picking ke sath karta ko aakar den
2509,"phir azab uda ne unhen le dala aur vah zalim the hi to uda ne jo kuchh tumhen halal tayyab tahir rozi di hai good things se khao aur agar tum khuda hi ki parastish ka dava karte ho
",positive,2,phir azab uda ne unhen le dala aur vah zalim the hi to uda ne jo kuchh tumhen halal tayyab tahir rozi di hai good things se khao aur agar tum khuda hi ki parastish ka dava karte ho
2510,"jab activities types of works ke lie ek hi composite tender jari kiya jata ho.
",neutral,1,jab activities types of works ke lie ek hi composite tender jari kiya jata ho
2511,"attendance ki nominal check advisable hai.
",neutral,1,attendance ki nominal check advisable hai
2512,"kh jahan uske mata ya pita ka vivah astitv men nahin hai vahan us mata ya pita ke shuddh dhan men sammilit ki jaengi jisne aay-kar adhiniyam ki dhara 3 men paribhashit poorvavarsh men avayask sntan ka bharanposhan kiya hai, aur jahan aesi kori aastiyan mata ya pita men se kisi ek ke shuddh dhan men ek bar sammilit kar li jati hain vahan aesi kori aastiyan, kisi uttaravarti varsh men mata ya pita men se kisi any ke shuddh dhan men tab tak sammilit nahin ki jaengi jab tak nirdharan adhikari ka, us mata ya pita ko sunvari ka avasar dene ke pashchat, yah samadhan nahin ho jata hai ki aesa karna aavashyak hai
",positive,2,kh jahan uske mata ya pita ka vivah astitv men nahin hai vahan us mata ya pita ke shuddh dhan men sammilit ki jaengi jisne aaykar adhiniyam ki dhara men paribhashit poorvavarsh men avayask sntan ka bharanposhan kiya hai aur jahan aesi kori aastiyan mata ya pita men se kisi ek ke shuddh dhan men ek bar sammilit kar li jati hain vahan aesi kori aastiyan kisi uttaravarti varsh men mata ya pita men se kisi any ke shuddh dhan men tab tak sammilit nahin ki jaengi jab tak nirdharan adhikari ka us mata ya pita ko sunvari ka avasar dene ke pashchat yah samadhan nahin ho jata hai ki aesa karna aavashyak hai
2513,"computer graphics aur animated aankare ke sath whole film proceeds
",neutral,1,computer graphics aur animated aankare ke sath whole film proceeds
2514,"ye tumhare lord ki taraph se kafi reward aur sila hai
",positive,2,ye tumhare lord ki taraph se kafi reward aur sila hai
2515,"moolta soory shashthi vrat honeke karan ise chhath kaha gaya hai.
",neutral,1,moolta soory shashthi vrat honeke karan ise chhath kaha gaya hai
2516,"agar apne raja ki bat ko manne se inkar karta hai to uske tatha uske lives snbndhiyon ki life jati lord
",positive,2,agar apne raja ki bat ko manne se inkar karta hai to uske tatha uske lives snbndhiyon ki life jati lord
2517,"vinay ke bare men haran baboo us din jo ishara kar gaye the, vah bhi unhen yad aaya.
",neutral,1,vinay ke bare men haran baboo us din jo ishara kar gaye the vah bhi unhen yad aaya
2518,"awaits such people ki tarah n ho jana jo vibhed men par ge, aur iske pashchat ki unke pas clear evidence aa chuki thi, ve vibhed men par ge. ye vahi log hai, jinke lie bari ghor yatna hai. yah yatna us din hogi
",negative,0,awaits such people ki tarah n ho jana jo vibhed men par ge aur iske pashchat ki unke pas clear evidence aa chuki thi ve vibhed men par ge ye vahi log hai jinke lie bari ghor yatna hai yah yatna us din hogi
2519,"yah movement vastav men , british ke rule ka takhta palatne ke lie india ke andar revolt ko aayojit karne men afghanistan aur turkey ki governments ka support hasil karne ki ek plan thi.
",positive,2,yah movement vastav men british ke rule ka takhta palatne ke lie india ke andar revolt ko aayojit karne men afghanistan aur turkey ki governments ka support hasil karne ki ek plan thi
2520,"usne kaha, ae mere rab! phir too mujhe us day tak ke lie muhallat de, jabki log jivit karke uthae till
",neutral,1,usne kaha ae mere rab phir too mujhe us day tak ke lie muhallat de jabki log jivit karke uthae till
2521,"smallest se smallest absolute value , jis par normal line kar sakte hain
",positive,2,smallest se smallest absolute value jis par normal line kar sakte hain
2522,"unhen october 1932 men sthapit muslim conference ka president bhi banaya gaya.
",neutral,1,unhen october men sthapit muslim conference ka president bhi banaya gaya
2523,"madras high court enrolment of women men bhi agrni raha.
",neutral,1,madras high court enrolment of women men bhi agrni raha
2524,"isapar uski aum ke sardar , jinhonne inkar kiya tha , kahne lage ,  hamari drishti men to follow hamare hi jaise aadmi ho aur ham thee hai ki bas kuchh aese people hi tumhare anuyayi hai jo pahli spasht men hamare yahan ke opinion chiefs ham apne muable men tummen koee baraee nahin thee , balki ham to tumhen jhootha samajhte chiefs
",negative,0,isapar uski aum ke sardar jinhonne inkar kiya tha kahne lage hamari drishti men to follow hamare hi jaise aadmi ho aur ham thee hai ki bas kuchh aese people hi tumhare anuyayi hai jo pahli spasht men hamare yahan ke opinion chiefs ham apne muable men tummen koee baraee nahin thee balki ham to tumhen jhootha samajhte chiefs
2525,"farooq hurriyat aur delhi ke gair-sarkari extent ke bich chalti talks se kuchh nervous hain
",negative,0,farooq hurriyat aur delhi ke gairsarkari extent ke bich chalti talks se kuchh nervous hain
2526,"pareshan-aadhar par bheja gaya mal pareshiti ke suraksha v dharita men rahta hai.
",neutral,1,pareshanaadhar par bheja gaya mal pareshiti ke suraksha v dharita men rahta hai
2527,"use ek unregistered ship ke phalak par arrested kiya gaya
",negative,0,use ek unregistered ship ke phalak par arrested kiya gaya
2528,"kripya ek float value bharen    1
",positive,2,kripya ek float value bharen
2529,"usne yah anuman lagaya hai ki congo ka nuksan
",negative,0,usne yah anuman lagaya hai ki congo ka nuksan
2530,"parantu potassic entire ke respect men country men potassic ka koee exploitable karne yogy jnjat reserves nahin hai aur in fertilizers ki samast requirement imports ke madhyam se poori ki jati hain.
",positive,2,parantu potassic entire ke respect men country men potassic ka koee exploitable karne yogy jnjat reserves nahin hai aur in fertilizers ki samast requirement imports ke madhyam se poori ki jati hain
2531,"1 ye niymit defined time frame nahin karti hai
",neutral,1,ye niymit defined time frame nahin karti hai
2532,"kyonki ham kah sakte hain ek sau sat sau aur bis-tin men jana hoga.
",neutral,1,kyonki ham kah sakte hain ek sau sat sau aur bistin men jana hoga
2533,"sabhi folders men naye messages ke liye janchen _ h
",neutral,1,sabhi folders men naye messages ke liye janchen h
2534,"chhote chhote shishu udyog is period ke mukhri-oonshchhsh-y shishu industries men sugar , paper aur principal ki mention ki ja sakti hai
",neutral,1,chhote chhote shishu udyog is period ke mukhrioonshchhshy shishu industries men sugar paper aur principal ki mention ki ja sakti hai
2535,"congress ne yonja ko asngat called
",neutral,1,congress ne yonja ko asngat called
2536,"urine men uric presence me upalabdh excess matra.
",neutral,1,urine men uric presence me upalabdh excess matra
2537,"aap jante hain , mera work prbhavit hai
",positive,2,aap jante hain mera work prbhavit hai
2538,"tab hamne uski or inspiration ki ki  ark aankhon ke kind aur ark inspiration ke anusar nauka family aur phir jab hamara decree aa jae aur toofan umar pare to pairs prjati men se ek-ek jora usmen load le aur apne logon ko bhi , sivay unke jinke viruddh pahle faisla ho chuka hai. aur atyachariyon ke vishay men mujhse word n karna. ve to doobakar rahenge
",positive,2,tab hamne uski or inspiration ki ki ark aankhon ke kind aur ark inspiration ke anusar nauka family aur phir jab hamara decree aa jae aur toofan umar pare to pairs prjati men se ekek jora usmen load le aur apne logon ko bhi sivay unke jinke viruddh pahle faisla ho chuka hai aur atyachariyon ke vishay men mujhse word n karna ve to doobakar rahenge
2539,"unhone apni demand ko dohraya ki earth ke nuclear prakshepnastron ko bekar aur nasht kar diya jae.
",negative,0,unhone apni demand ko dohraya ki earth ke nuclear prakshepnastron ko bekar aur nasht kar diya jae
2540,"kisi proposal, speech, book athva presentation ityadi ke lie taiyar kiya gaya prarambhik khakapraroop.
",neutral,1,kisi proposal speech book athva presentation ityadi ke lie taiyar kiya gaya prarambhik khakapraroop
2541,"us kid ke vishay men jise paper mila
",neutral,1,us kid ke vishay men jise paper mila
2542,"in laboratories men total men 131 lakh samples ki janch karne ki capacity hai.
",neutral,1,in laboratories men total men lakh samples ki janch karne ki capacity hai
2543,"svargiy pooranachandr gupta kabhi bhi apne samacharapatr samnt banne ki apni ichchhashakti se nahin dagamgae.
",positive,2,svargiy pooranachandr gupta kabhi bhi apne samacharapatr samnt banne ki apni ichchhashakti se nahin dagamgae
2544,"things hain jo kaphi sharirik roop se maujood nahin tha insurance, stks aur bonds, udyam sphtveyar ki tarah,
",positive,2,things hain jo kaphi sharirik roop se maujood nahin tha insurance stks aur bonds udyam sphtveyar ki tarah
2545,"paramprik roop se velding ko vinirman ke sadhan ke roop men upyog kiya gaya hai.
",neutral,1,paramprik roop se velding ko vinirman ke sadhan ke roop men upyog kiya gaya hai
2546,"binoy baboo-raj hai , yah janakar hi to unse kahoongi.
",neutral,1,binoy babooraj hai yah janakar hi to unse kahoongi
2547,"use wind ki aavaj sunaee di aur feet ke niche stones bhi mahsoos hue.
",neutral,1,use wind ki aavaj sunaee di aur feet ke niche stones bhi mahsoos hue
2548,"tumhare pas apni cord hai n.
",neutral,1,tumhare pas apni cord hai n
2549,"yadypi prastav sadan ki vibhinn karyvahiyon se snbndhit hote hain tathapi unhen tin prmukh shreniyon men rakha ja sakta hai, arthat mool sabstentiv prastav, sthanapann sabastityoot prastav aur sahayak sabsidiyri prastav
",neutral,1,yadypi prastav sadan ki vibhinn karyvahiyon se snbndhit hote hain tathapi unhen tin prmukh shreniyon men rakha ja sakta hai arthat mool sabstentiv prastav sthanapann sabastityoot prastav aur sahayak sabsidiyri prastav
2550,"keval way milky men hi 40,000 crore stars hai.
",negative,0,keval way milky men hi crore stars hai
2551,"yadi aap nee empty project banane ke lie chunte hain, sabhi file selection nasht ho jaenge
",negative,0,yadi aap nee empty project banane ke lie chunte hain sabhi file selection nasht ho jaenge
2552,"folder properties pane men viphla  s
",negative,0,folder properties pane men viphla s
2553,"44 varsh purana javaharlal nehroo vishvvidyalay bharat aur videsh men ek alag tarah ke vishvvidyalay ke roop men suvikhyat hai.
",positive,2,varsh purana javaharlal nehroo vishvvidyalay bharat aur videsh men ek alag tarah ke vishvvidyalay ke roop men suvikhyat hai
2554,"taj mahal vastav realty the temple hai
",neutral,1,taj mahal vastav realty the temple hai
2555,"jabki nirmoolan samayabaddh lakshy. pichhle chhah decades men poverty ka ratio 60 cent se adhik ki last dar se less hokar30prtishat se niche aa chuka hai.
",negative,0,jabki nirmoolan samayabaddh lakshy pichhle chhah decades men poverty ka ratio cent se adhik ki last dar se less hokarprtishat se niche aa chuka hai
2556,"4k poornta poort ya dharmik pryojan ke lie ya bhagta aese pryojnon ke lie nyas ya any vidhik badhyta ke adhin dharit sampatti se udbhoot aay, ya dhara 2 ke khnd 24 ke upkhnd iik men nirdisht svaichchhik abhiday ke roop men aay prapt karne vala har vyakti, yadi vah sakal aay, jiski babat vah prtinidhi nirdhariti ke roop men nirdharniy hai, is pryojan ke lie sakal aay dhara 11 aur 12 ke upbndhon ko lagoo kie bina is adhiniyam ke adhin sngnit ki jaegi us adhikatam rakam se adhik hai jo aay-kar se prbhary nahin hai, to vihit prroop men aur vihit riti men satyapit karke aur aesi any vishishtiyan dete hue, jo vihit ki jaen, poorvavarsh ki aesi aay ki vivarni dega aur is adhiniyam ke sabhi upbndh, yathashaky, is prkar lagoo honge mano vah updhara 1 ke adhin die jane ke lie apekshit vivarni ho.
",positive,2,k poornta poort ya dharmik pryojan ke lie ya bhagta aese pryojnon ke lie nyas ya any vidhik badhyta ke adhin dharit sampatti se udbhoot aay ya dhara ke khnd ke upkhnd iik men nirdisht svaichchhik abhiday ke roop men aay prapt karne vala har vyakti yadi vah sakal aay jiski babat vah prtinidhi nirdhariti ke roop men nirdharniy hai is pryojan ke lie sakal aay dhara aur ke upbndhon ko lagoo kie bina is adhiniyam ke adhin sngnit ki jaegi us adhikatam rakam se adhik hai jo aaykar se prbhary nahin hai to vihit prroop men aur vihit riti men satyapit karke aur aesi any vishishtiyan dete hue jo vihit ki jaen poorvavarsh ki aesi aay ki vivarni dega aur is adhiniyam ke sabhi upbndh yathashaky is prkar lagoo honge mano vah updhara ke adhin die jane ke lie apekshit vivarni ho
2557,"eks sarvar prarnbh karne ki koshish men trutiyan hueen
",negative,0,eks sarvar prarnbh karne ki koshish men trutiyan hueen
2558,"breast cancer, love of lebanon ke lie, peace ke lie,
",positive,2,breast cancer love of lebanon ke lie peace ke lie
2559,"oopar sikhara bhi square raha hoga
",positive,2,oopar sikhara bhi square raha hoga
2560,"aur ahle kitab men se kuchh log to aese zaroor hain jo uda par aur jo kitab tum par nazil huee aur jo kitab unapar nazil huee sab par eeman rakhte hain uda ke aage sar jhukae hue hain aur uda ki aayton ke small price si imat duniyavi fayde nahin lete aese hi logon ke vaste unke paravardigar ke yah achchha badla hai beshak uda bahut jald hisab karne vala hai
",positive,2,aur ahle kitab men se kuchh log to aese zaroor hain jo uda par aur jo kitab tum par nazil huee aur jo kitab unapar nazil huee sab par eeman rakhte hain uda ke aage sar jhukae hue hain aur uda ki aayton ke small price si imat duniyavi fayde nahin lete aese hi logon ke vaste unke paravardigar ke yah achchha badla hai beshak uda bahut jald hisab karne vala hai
2561,"ativishisht vyaktiyon vi aaee pi ke istemal ke lie home ministry ko north kshetr hetu helikptar upalabdh karaya gaya hai.
",positive,2,ativishisht vyaktiyon vi aaee pi ke istemal ke lie home ministry ko north kshetr hetu helikptar upalabdh karaya gaya hai
2562,"yadi ise adhyapkon ke training is made ang man liya jae, to ham bachchon ko sharirik, mental and emotional aavashkaytaon ki poorti ke lie, adhyapkon ko ek naya aur moolyvan sadhan de paenge.
",positive,2,yadi ise adhyapkon ke training is made ang man liya jae to ham bachchon ko sharirik mental and emotional aavashkaytaon ki poorti ke lie adhyapkon ko ek naya aur moolyvan sadhan de paenge
2563,"aur  servants rasool  hamare bandon men ibrahim aur ishaq aur yakoob ko yad karo jo power aur insight vale the
",neutral,1,aur servants rasool hamare bandon men ibrahim aur ishaq aur yakoob ko yad karo jo power aur insight vale the
2564,"islie A se, ham e ke parosiyon men dekho B aur c A ke parosi hain
",neutral,1,islie a se ham e ke parosiyon men dekho b aur c a ke parosi hain
2565,"snow leopard himalayas men blue sheep ka hunts karta hai.
",neutral,1,snow leopard himalayas men blue sheep ka hunts karta hai
2566,"location  s exist nahin hai
",neutral,1,location s exist nahin hai
2567,"shigr hi mansinh british ke sath terms baji karne tatya tope laga.
",neutral,1,shigr hi mansinh british ke sath terms baji karne tatya tope laga
2568,"s  ka  s yah punarnamakaran nahin kar sakaa  s
",neutral,1,s ka s yah punarnamakaran nahin kar sakaa s
2569,"tumhe kya chiz saknr  jahannam  men le aaee
",negative,0,tumhe kya chiz saknr jahannam men le aaee
2570,"aapne is memo men changes kiya hai lekin abatak saheja nahin hai
",negative,0,aapne is memo men changes kiya hai lekin abatak saheja nahin hai
2571,"usne to bengal ko didn liya tha n
",neutral,1,usne to bengal ko didn liya tha n
2572,"signature prmanit karte samay error  s
",negative,0,signature prmanit karte samay error s
2573,"india bhartiy services ke employees ko special due ke karan rules grant ke lie niyam.
",positive,2,india bhartiy services ke employees ko special due ke karan rules grant ke lie niyam
2574,"itni clear batchit honeke bad dubara mainne yah subject dokke samne explanation nahin chhera.
",positive,2,itni clear batchit honeke bad dubara mainne yah subject dokke samne explanation nahin chhera
2575,"suchrita ne dharake se shut the kitchen band kar diya aur pharsh par baith gee.
",negative,0,suchrita ne dharake se shut the kitchen band kar diya aur pharsh par baith gee
2576,"hamne ise haeeve 1 par san phransisko se ls enjeles tak chalaya hai
",neutral,1,hamne ise haeeve par san phransisko se ls enjeles tak chalaya hai
2577,"shown hai ki jo people len-den vale economic games people who punish dete hain,
",negative,0,shown hai ki jo people lenden vale economic games people who punish dete hain
2578,"chahe jis karan bhi ho ham koi aesi vastu chahte hain jiska ham sparsh kar saken, jisen dekh saken aur jiske samaksh shraddhapoorvak vinat ho saken.
",positive,2,chahe jis karan bhi ho ham koi aesi vastu chahte hain jiska ham sparsh kar saken jisen dekh saken aur jiske samaksh shraddhapoorvak vinat ho saken
2579,"correct initial state learned 17-bit LFSR ke lie, ham bhi karna hoga
",neutral,1,correct initial state learned bit lfsr ke lie ham bhi karna hoga
2580,"ek aur revolutionary action bhi , jo months earlier pahle ki gee thi , place hai
",neutral,1,ek aur revolutionary action bhi jo months earlier pahle ki gee thi place hai
2581,"1 decided number me formed nahin huaa
",positive,2,decided number me formed nahin huaa
2582,"aesi institution jo academic education upalabdh karati hai
",neutral,1,aesi institution jo academic education upalabdh karati hai
2583,"vahan first dafa ki death ke hell unko death ki therein chani hi n paregi aur uda unko doza ke azab se mahphooz rakhega
",negative,0,vahan first dafa ki death ke hell unko death ki therein chani hi n paregi aur uda unko doza ke azab se mahphooz rakhega
2584,"atlas ke texture ko image file men badal kar dump karen
",negative,0,atlas ke texture ko image file men badal kar dump karen
2585,"issuer  s vishya  s fingerprint  s signature  s
",neutral,1,issuer s vishya s fingerprint s signature s
2586,"yah revelation hai bare kripashil, atyant dayavan ki or se,
",positive,2,yah revelation hai bare kripashil atyant dayavan ki or se
2587,"ve afternoon men sote hain, aur mujhe zaroori jana hai
",neutral,1,ve afternoon men sote hain aur mujhe zaroori jana hai
2588,"aur baz bande aese hain ki jo duaa karte hain ki ae mere palne vale mujhe duniya men neamat de aur aairat men savab de aur punishment of fire se bacha
",positive,2,aur baz bande aese hain ki jo duaa karte hain ki ae mere palne vale mujhe duniya men neamat de aur aairat men savab de aur punishment of fire se bacha
2589,"pharook hrriyat aur dilli ke gair-sarkari ongoing secret talks chalti batchit se kuchh bechain hain
",negative,0,pharook hrriyat aur dilli ke gairsarkari ongoing secret talks chalti batchit se kuchh bechain hain
2590,"aandolan men n keval shri bhatt ke priy gaval ke vriksh balki vishvabhar ki sari srishti bhi shamil hain.
",positive,2,aandolan men n keval shri bhatt ke priy gaval ke vriksh balki vishvabhar ki sari srishti bhi shamil hain
2591,"18 vah knpni jismen public are substantially hai- kisi knpni ko aesi knpni, jismen janta82 paryapt roop se hitabaddh hai, tab kaha jata hai jab
",neutral,1,vah knpni jismen public are substantially hai kisi knpni ko aesi knpni jismen janta paryapt roop se hitabaddh hai tab kaha jata hai jab
2592,"command chalane se pahle wait karen jab tak ki window show ke lie kaha jae
",neutral,1,command chalane se pahle wait karen jab tak ki window show ke lie kaha jae
2593,"main bhi ek zamane main anjan tha
",positive,2,main bhi ek zamane main anjan tha
2594,"everything chij harakat men thi-oopar , niche , dayen , bayen , samne.
",neutral,1,everything chij harakat men thioopar niche dayen bayen samne
2595,"lekin mammi vah johan jaisa good to nahin hoga.
",positive,2,lekin mammi vah johan jaisa good to nahin hoga
2596,"today yah karnataka ke industry , vyapar tatha service kshetr ka ek premier organization hai.
",neutral,1,today yah karnataka ke industry vyapar tatha service kshetr ka ek premier organization hai
2597,"is daur men likhi manik ki ek remarkable stories hai alaukik laukikta.
",positive,2,is daur men likhi manik ki ek remarkable stories hai alaukik laukikta
2598,"is sensitivity record ke bad bhi public government cair  e  aaee  aar ko general roop se islam ko prtinidhi manti page white haus ise karyakrmon men bulata hai , rajy department ne iske web prishthon ke links diye hain aur democratic senators iske research par nirbhar karte hain. nyooyark shahar men iske sadasy ko manvadhikar commission men niyukt kiya jata hai aur police iske diversity training ki nigrani karti page
",positive,2,is sensitivity record ke bad bhi public government cair e aaee aar ko general roop se islam ko prtinidhi manti page white haus ise karyakrmon men bulata hai rajy department ne iske web prishthon ke links diye hain aur democratic senators iske research par nirbhar karte hain nyooyark shahar men iske sadasy ko manvadhikar commission men niyukt kiya jata hai aur police iske diversity training ki nigrani karti page
2599,"yadi ise teachers ke training ka anivary child man liya needs , to ham bachchon ko physical , mental tatha bhavnatmak aavashkaytaon ki poorti ke lie , teachers ko ek new aur valuable sadhan proper paenge.
",positive,2,yadi ise teachers ke training ka anivary child man liya needs to ham bachchon ko physical mental tatha bhavnatmak aavashkaytaon ki poorti ke lie teachers ko ek new aur valuable sadhan proper paenge
2600,"jo kuchh vah pichhe chhorakar aaya hai , uske bare men ekadam kuchh n sochna uske lie bahut difficult tha.
",negative,0,jo kuchh vah pichhe chhorakar aaya hai uske bare men ekadam kuchh n sochna uske lie bahut difficult tha
2601,"guide dvara ek weapon ke roop men knife ka istemal kiya gaya tha.
",negative,0,guide dvara ek weapon ke roop men knife ka istemal kiya gaya tha
2602,"anyatr ,  indian society dvara badalte hue period ke sath  apni value system men utter confusion ke symptoms  ke prti surprise prakat kiya.
",positive,2,anyatr indian society dvara badalte hue period ke sath apni value system men utter confusion ke symptoms ke prti surprise prakat kiya
2603,"tum neki aur vafadari ke darje ko nahin pahunch sakte, jab tak ki un chizo ko allah ke marg men rch n karo, jo tumhen priy hai. aur jo chiz bhi tum rch karoge, nishchay hi allah ko uska jnjan hoga
",positive,2,tum neki aur vafadari ke darje ko nahin pahunch sakte jab tak ki un chizo ko allah ke marg men rch n karo jo tumhen priy hai aur jo chiz bhi tum rch karoge nishchay hi allah ko uska jnjan hoga
2604,"halanki ve unapar koee guardians karnevale banakar nahin bheje ge the
",neutral,1,halanki ve unapar koee guardians karnevale banakar nahin bheje ge the
2605,"doctor ne apne clinic ke prtiksha room men smoking ki sakht manahi kar di.
",neutral,1,doctor ne apne clinic ke prtiksha room men smoking ki sakht manahi kar di
2606,"month mas ki saghan kali amavasya ki vah ratri candle was lit se jagamga uthi.
",neutral,1,month mas ki saghan kali amavasya ki vah ratri candle was lit se jagamga uthi
2607,"ek message men president ne kaha haia
",neutral,1,ek message men president ne kaha haia
2608,"1   2 ne is channel ko chhora    3
",negative,0,ne is channel ko chhora
2609,"to mera question hai , ki yadi ye europe men kiya ja sakta hai ,
",neutral,1,to mera question hai ki yadi ye europe men kiya ja sakta hai
2610,"march 2010 men vice joe biden , clinton aur obama ne ek president phir jerusalem ke sath same fight than weeks aur is president vishesh roop se jerusalam ke sath. is president to administration ko apni foolishness se kadam jones khinchne men keval chhah saptah house jaisa ki washington institute men james jons ke speech aur white haus par elie wiesel ke bhojan se snket mila.
",negative,0,march men vice joe biden clinton aur obama ne ek president phir jerusalem ke sath same fight than weeks aur is president vishesh roop se jerusalam ke sath is president to administration ko apni foolishness se kadam jones khinchne men keval chhah saptah house jaisa ki washington institute men james jons ke speech aur white haus par elie wiesel ke bhojan se snket mila
2611,"surdas has written men aachary ramchndr shukl ne likha hai- vatsaly ke kshetr men jitna adhik uddhatan soor ne apni bnd aankhon se kiya itna kisi or kavi ne nahin.
",positive,2,surdas has written men aachary ramchndr shukl ne likha hai vatsaly ke kshetr men jitna adhik uddhatan soor ne apni bnd aankhon se kiya itna kisi or kavi ne nahin
2612,"yah cyber city tabhi se chaloo operational
",neutral,1,yah cyber city tabhi se chaloo operational
2613,"jahan aphgan state ka poora revenue
",neutral,1,jahan aphgan state ka poora revenue
2614,"yahi adhikadhik skin cells ka jharav tvcha par lesions of psoriasis paida kar deta hai.
",neutral,1,yahi adhikadhik skin cells ka jharav tvcha par lesions of psoriasis paida kar deta hai
2615,"aap adhik se adhik hearing men do witnesses la sakte hain
",neutral,1,aap adhik se adhik hearing men do witnesses la sakte hain
2616,"computers se jude hue snganak exchange me computers rules   ke jarie information ka aadan-prdan karte hai.
",neutral,1,computers se jude hue snganak exchange me computers rules ke jarie information ka aadanprdan karte hai
2617,"usmen, usual jaisa hota hai, malaen pahnaee gee aur speeches aadi hue.
",neutral,1,usmen usual jaisa hota hai malaen pahnaee gee aur speeches aadi hue
2618,"phrans men is ek flash and brings bijli ki tarah phail jati hai aur disillusioned people se mut hokar garv mahsoos karte hain
",positive,2,phrans men is ek flash and brings bijli ki tarah phail jati hai aur disillusioned people se mut hokar garv mahsoos karte hain
2619,"aap logon ke chhorne ki sambhavna, aap logon se jyada hai.
",neutral,1,aap logon ke chhorne ki sambhavna aap logon se jyada hai
2620,"status bar ka display toggle karen
",neutral,1,status bar ka display toggle karen
2621,"iranian government dvara sponsored ek radio station ne crucial prasanntapoorvak bhavishyvani ki ki uske brand ka militant islam united men ameriki authorities ke sath mahatvpoorn aur dangerous confrontation ko protsahit kar dega.
",negative,0,iranian government dvara sponsored ek radio station ne crucial prasanntapoorvak bhavishyvani ki ki uske brand ka militant islam united men ameriki authorities ke sath mahatvpoorn aur dangerous confrontation ko protsahit kar dega
2622,"pumping system water ko open kuen , borvel , jal-dhara , pond , canal aadi se draws hai.
",positive,2,pumping system water ko open kuen borvel jaldhara pond canal aadi se draws hai
2623,"expenditure  nimnlikhit ke connection men vyay
",neutral,1,expenditure nimnlikhit ke connection men vyay
2624,"Marcus Bains Line ko time bar men dikhane ke lie color  default roop se marcus
",negative,0,marcus bains line ko time bar men dikhane ke lie color default roop se marcus
2625,"inka first un matters se tha jo 1962 aur 1971 men udghoshit emergencies upbndh pahle aur doosre aapato ke dauran periods hue.
",neutral,1,inka first un matters se tha jo aur men udghoshit emergencies upbndh pahle aur doosre aapato ke dauran periods hue
2626,"ise 1856 men legislative council ke samaksh prastut kiya gaya aur1860 men parit kiya gaya.
",neutral,1,ise men legislative council ke samaksh prastut kiya gaya aur men parit kiya gaya
2627,"kaise vo sochte hain ki kahan flag badal gaya hai
",neutral,1,kaise vo sochte hain ki kahan flag badal gaya hai
2628,"ict men kofi annan centre ऑph eksilens men vyakhya karna mere lie ek pleasure anubhooti great
",positive,2,ict men kofi annan centre ph eksilens men vyakhya karna mere lie ek pleasure anubhooti great
2629,"yadi yah option is checked hai, har naya drishy code folding ke display marks, yadi code folding upalabdh hai
",neutral,1,yadi yah option is checked hai har naya drishy code folding ke display marks yadi code folding upalabdh hai
2630,"third , forms roop se islamism ka marxism aur leninvad se forms aur philosophic ties hai. egyptian ke islamist thinker sayyid kutb ne history ke marxist vikas ke stages ki notion ko svikar kiya tha aur ise matr islamic svroop diya aur unhonne bhavishyvani ki thi ki capitalism aur kamyunijm ke collapse ke leaders eternal islamic era aayega. 1978-79 ki iranian revolution ke pichhe key intellectual vyakti ali shariati ne che qutb , translated sartre aur jin pal sartar ka pharsi men anuvad kiya tha. isse bhi vistrit roop men iranian analyst azar naphisi ne paya ki islamism ,  apni language , uddeshy aur prerna marxism ke najuk svroop se leta hai jitna ki yah religion se. iske neta lenin , sarter , stalin aur phainon se bhi prbhavit hain jaise prophet se  .
",positive,2,third forms roop se islamism ka marxism aur leninvad se forms aur philosophic ties hai egyptian ke islamist thinker sayyid kutb ne history ke marxist vikas ke stages ki notion ko svikar kiya tha aur ise matr islamic svroop diya aur unhonne bhavishyvani ki thi ki capitalism aur kamyunijm ke collapse ke leaders eternal islamic era aayega ki iranian revolution ke pichhe key intellectual vyakti ali shariati ne che qutb translated sartre aur jin pal sartar ka pharsi men anuvad kiya tha isse bhi vistrit roop men iranian analyst azar naphisi ne paya ki islamism apni language uddeshy aur prerna marxism ke najuk svroop se leta hai jitna ki yah religion se iske neta lenin sarter stalin aur phainon se bhi prbhavit hain jaise prophet se
2631,"cash rin aur overdraft par prbhavit interest rate bank credit ki rate se apekshakrit bahut much hoti hai.
",positive,2,cash rin aur overdraft par prbhavit interest rate bank credit ki rate se apekshakrit bahut much hoti hai
2632,"malashay-avagrhantradarshan disease ki janch ke lie doctor dvara pryog kiya jane vala ek bahut hi important instrument hai
",positive,2,malashayavagrhantradarshan disease ki janch ke lie doctor dvara pryog kiya jane vala ek bahut hi important instrument hai
2633,"namaz ka aayojan prayer aur zakah do aur rasool ki aajnja ka palan prayer , taki tumapar mercy ki jae
",positive,2,namaz ka aayojan prayer aur zakah do aur rasool ki aajnja ka palan prayer taki tumapar mercy ki jae
2634,"tos RTP ef packets par service type  TOS   is byte ko network ke dvara saman level ki service gunavatta  QoS  dene ke lie pryog ki jati hai  default value 184  0xB8  corresponds forwarding  EF  PHB ke tadnuroop hai jaisa ki RFC 3246 men paribhashit hai
",positive,2,tos rtp ef packets par service type tos is byte ko network ke dvara saman level ki service gunavatta qos dene ke lie pryog ki jati hai default value xb corresponds forwarding ef phb ke tadnuroop hai jaisa ki rfc men paribhashit hai
2635,"yadi aap smoke pite hain , to dhoomrpan n karne ke vale ke sthan par aap ko half times adhik dil ka daura parne ki sabhribhavna hai
",positive,2,yadi aap smoke pite hain to dhoomrpan n karne ke vale ke sthan par aap ko half times adhik dil ka daura parne ki sabhribhavna hai
2636,"yah vah pivot hai , jo country ke political system ki ninv hai
",neutral,1,yah vah pivot hai jo country ke political system ki ninv hai
2637,"accounting ke lie common software ko nabard dvara antim roop diya gaya aur ise karyanvayan ke lie 20 states ko bhej diya gaya hai
",neutral,1,accounting ke lie common software ko nabard dvara antim roop diya gaya aur ise karyanvayan ke lie states ko bhej diya gaya hai
2638,"kalpna ji fly into space vali pratham bharat woman to fly thin aur antriksh men urane vali bhartiy mool ki doosri vyakti thin.
",neutral,1,kalpna ji fly into space vali pratham bharat woman to fly thin aur antriksh men urane vali bhartiy mool ki doosri vyakti thin
2639,"drainage ki basin land ke ant men hoti extent
",neutral,1,drainage ki basin land ke ant men hoti extent
2640,"apng aur housing ke bare men policy housingpolicy_disabilitydetrgovuk
",neutral,1,apng aur housing ke bare men policy housingpolicydisabilitydetrgovuk
2641,"is type ki files  open kholen
",neutral,1,is type ki files open kholen
2642,"installed package  s ke lie checking raha hai
",neutral,1,installed package s ke lie checking raha hai
2643,"mature jitna anubhvi hoga uske dvara ki gayi physical examination bhi utni hi satik hogi
",positive,2,mature jitna anubhvi hoga uske dvara ki gayi physical examination bhi utni hi satik hogi
2644,"yah main par bnd starts hota hai aur yah sirph hi deeper aur digging itself deeper hai
",neutral,1,yah main par bnd starts hota hai aur yah sirph hi deeper aur digging itself deeper hai
2645,"udaharan ke lie silicon valley men parampaphrik bhartiy takniki udymi dvara ek mahatvalpoorn kshetr rachit kiya gaya hai.
",positive,2,udaharan ke lie silicon valley men parampaphrik bhartiy takniki udymi dvara ek mahatvalpoorn kshetr rachit kiya gaya hai
2646,"yadi yah true hota to science knowledge ki ek accurate , dependable aur useful branch nahin hoti  nature men charon taraph chaos aur confusion vyapt hota  khojne ke lie koee permanent laws hote aur n hi ek doosre tathyon , ek doosri event ke possible koee nishchit relationship hote  aur n hi past experiences se man ko apne actions ke lie koee guidance milta.
",negative,0,yadi yah true hota to science knowledge ki ek accurate dependable aur useful branch nahin hoti nature men charon taraph chaos aur confusion vyapt hota khojne ke lie koee permanent laws hote aur n hi ek doosre tathyon ek doosri event ke possible koee nishchit relationship hote aur n hi past experiences se man ko apne actions ke lie koee guidance milta
2647,"aur jab unse kaha gaya ki  jo uran  khuda ne nazil kiya hai us par eeman lao to kahne lage ki everything to usi allah  tauret  par eeman lae hain jo everything par nazil ki gee thi aur us allah  kuran  ko jo uske bad yourselves hai nahin mante hain halanki vah  uran  ha hai aur us allah  tauret  ki jo unke pas hai tasdi bhi karti hai magar us allah kuran ka jo uske bad yourselves hai inkar karte hain  ae rasool  unse ye to poochho ki tum  tumhare burju  agar eemandar the to phir kyon khuda ke paimbron ka sabi tl karte the
",negative,0,aur jab unse kaha gaya ki jo uran khuda ne nazil kiya hai us par eeman lao to kahne lage ki everything to usi allah tauret par eeman lae hain jo everything par nazil ki gee thi aur us allah kuran ko jo uske bad yourselves hai nahin mante hain halanki vah uran ha hai aur us allah tauret ki jo unke pas hai tasdi bhi karti hai magar us allah kuran ka jo uske bad yourselves hai inkar karte hain ae rasool unse ye to poochho ki tum tumhare burju agar eemandar the to phir kyon khuda ke paimbron ka sabi tl karte the
2648,"static economy sabhi developmental plans ko ast-vyast kar degi.
",neutral,1,static economy sabhi developmental plans ko astvyast kar degi
2649,"please empty pile ko pahle fill
",positive,2,please empty pile ko pahle fill
2650,"ka upyog karte samay jvain automatic limit limit for rows kare
",positive,2,ka upyog karte samay jvain automatic limit limit for rows kare
2651,"adhiniyam ke tahat, mahaniyntrak, petent, designs and trade mark vanijyay evn udyog mntralay, audyogik policy and promotion vibhag ke antargat dizainon ka niyntrak hai.
",neutral,1,adhiniyam ke tahat mahaniyntrak petent designs and trade mark vanijyay evn udyog mntralay audyogik policy and promotion vibhag ke antargat dizainon ka niyntrak hai
2652,"is reason ve pahle brahm samaj men ge kintu vahan unke samaaj ko sntosh nahin huaa.
",negative,0,is reason ve pahle brahm samaj men ge kintu vahan unke samaaj ko sntosh nahin huaa
2653,"kachoke spreader , chuliyan slanders phirta hain ,
",neutral,1,kachoke spreader chuliyan slanders phirta hain
2654,"media ki exposure ke ranking par indian states ranking
",neutral,1,media ki exposure ke ranking par indian states ranking
2655,"isse company ki dividend policy ko stable milti hai.
",positive,2,isse company ki dividend policy ko stable milti hai
2656,"in gatividhiyon ko chalane ke lie environment protection act, 1986 ke antargat nimnlikhit niyam adhisoochit kie ge hain: 1 khatarnak rasaynon ka utpadan, bhndaran tatha aayat niyam, 1989:2 khatarnak apshisht padarth prbndh tatha haindling niyam-1989:3 khatarnak sookshm jivaanuvanshiki injiniyri jany jivon athva koshikaon ka utpadan, upyog, niryat evn aayat tatha bhndaran niyam 1989: aur 4 jaiv-chikitsa apshisht niyam, 1998.
",negative,0,in gatividhiyon ko chalane ke lie environment protection act ke antargat nimnlikhit niyam adhisoochit kie ge hain khatarnak rasaynon ka utpadan bhndaran tatha aayat niyam khatarnak apshisht padarth prbndh tatha haindling niyam khatarnak sookshm jivaanuvanshiki injiniyri jany jivon athva koshikaon ka utpadan upyog niryat evn aayat tatha bhndaran niyam aur jaivchikitsa apshisht niyam
2657,"budget fact karte hue budget speech diya jata hai jo vastav men parliament men sabse important bhashnon men se ek hota hai
",positive,2,budget fact karte hue budget speech diya jata hai jo vastav men parliament men sabse important bhashnon men se ek hota hai
2658,"restore hidden windows karne hetu yahan klik karen
",positive,2,restore hidden windows karne hetu yahan klik karen
2659,"phir azab  god  ne unhen eat dala aur vah good the hi to god ne jo kuchh tumhen lawful tayyab  thankful  s di hai usko  shau se  khao aur agar tum khuda hi ki parastish  ka dava karte ho
",positive,2,phir azab god ne unhen eat dala aur vah good the hi to god ne jo kuchh tumhen lawful tayyab thankful s di hai usko shau se khao aur agar tum khuda hi ki parastish ka dava karte ho
2660,"blisters break jate hain aur naram phunsiya rah jati hain jinhen time they occur do se char saptah lag jate hain. aesa pahli bar hota hai.
",neutral,1,blisters break jate hain aur naram phunsiya rah jati hain jinhen time they occur do se char saptah lag jate hain aesa pahli bar hota hai
2661,"hotpadan ko products jane accessory hai.
",neutral,1,hotpadan ko products jane accessory hai
2662,"i apne provider nahin dhoon sakta hoon aur i ise dasti roop se dakhil karna chahta hoon  m  :
",positive,2,i apne provider nahin dhoon sakta hoon aur i ise dasti roop se dakhil karna chahta hoon m
2663,"ek audio track list ki rachna karne men unable!
",neutral,1,ek audio track list ki rachna karne men unable
2664,"i happy vali situation men asadharan roop se ullsit nahin hoti aur troubles tatha moments paristhitiyon men nirash nahin ho jati.
",negative,0,i happy vali situation men asadharan roop se ullsit nahin hoti aur troubles tatha moments paristhitiyon men nirash nahin ho jati
2665,"is grand slam khitab ko jitne vali india ki first woman ke roop men aapne tennis ke players ke lie success ka ek new kirtiman sthapit kar diya hai jo india ke youth , khasakar women ko prerit karega.
",positive,2,is grand slam khitab ko jitne vali india ki first woman ke roop men aapne tennis ke players ke lie success ka ek new kirtiman sthapit kar diya hai jo india ke youth khasakar women ko prerit karega
2666,"chandi taph ya kainditapht mukhyat ornamental purposes ke lie ugae jate hain
",neutral,1,chandi taph ya kainditapht mukhyat ornamental purposes ke lie ugae jate hain
2667,"aap ki lokal local social services vala vibhag aap ko aap ke local organisations ke bare men batayega.
",neutral,1,aap ki lokal local social services vala vibhag aap ko aap ke local organisations ke bare men batayega
2668,"mujhe vyapar prtibhagiyon ke is vishisht samooh ko snbodhit karte hue atynt prasannta ho rahi hai. vyapar saudon par kary karne ke alava, aese samaroh paraspar sambandh aur batchit men ghanishthta lane tatha apne rishton ki snbhavnaen paida karne ke tarikon ke bare men rachnatmak dhng se vichar karne ke mahattvpoorn mnch hote hain.
",positive,2,mujhe vyapar prtibhagiyon ke is vishisht samooh ko snbodhit karte hue atynt prasannta ho rahi hai vyapar saudon par kary karne ke alava aese samaroh paraspar sambandh aur batchit men ghanishthta lane tatha apne rishton ki snbhavnaen paida karne ke tarikon ke bare men rachnatmak dhng se vichar karne ke mahattvpoorn mnch hote hain
2669,"aap ek ya more devices chun sakte hain
",neutral,1,aap ek ya more devices chun sakte hain
2670,"pass URI ko Type  type  deskatp entry men uris nahin sakta hai
",neutral,1,pass uri ko type type deskatp entry men uris nahin sakta hai
2671,"bina discrimination ke sikhane vale apne habit ke karan ardhendu mustphi apne fellow men lokapriy the.
",neutral,1,bina discrimination ke sikhane vale apne habit ke karan ardhendu mustphi apne fellow men lokapriy the
2672,"par ek aur tarika hai, aur main aapko bata kar ja rahi hoon.
",negative,0,par ek aur tarika hai aur main aapko bata kar ja rahi hoon
2673,"aur anath ke dhan ko hath n lagao, kintu aese tarie se jo uttam ho, yahan tak ki vah apni yuvavastha ko pahunch jae. aur insaf ke sath poora-poora napo aur taulo. ham kisi vyakti par usi kam ki zimmedari ka bojh dalte hain jo uski samarthy men ho. aur jab bat kaho, to nyay ki kaho, chahe mamla apne natedar hi ka kyon n ho, aur allah ki prtijnja ko poora karo. ye baten hain, jinki usne tumhen takid ki hai. aasha hai tum dhyan rakhoge
",positive,2,aur anath ke dhan ko hath n lagao kintu aese tarie se jo uttam ho yahan tak ki vah apni yuvavastha ko pahunch jae aur insaf ke sath poorapoora napo aur taulo ham kisi vyakti par usi kam ki zimmedari ka bojh dalte hain jo uski samarthy men ho aur jab bat kaho to nyay ki kaho chahe mamla apne natedar hi ka kyon n ho aur allah ki prtijnja ko poora karo ye baten hain jinki usne tumhen takid ki hai aasha hai tum dhyan rakhoge
2674,"effective ki proper tatha sthathyi growth ke lie ek prbhavpoorn regulatory tatha legal framework indispensable hai.
",positive,2,effective ki proper tatha sthathyi growth ke lie ek prbhavpoorn regulatory tatha legal framework indispensable hai
2675,"blessing apne paravardigar ke  paradise  forgiveness ki aur behisht ki taraph messenger ke aage heavens jao jiska arz aasman aur zamin ke arz ke barabar hai jo un logon ke lie taiyar ki gayi hai jo lord par aur uske rasoolon par eeman lae hain ye lord ka great hai jise chahe ata kare aur lord ka great  v ram  to bahut bara hai
",positive,2,blessing apne paravardigar ke paradise forgiveness ki aur behisht ki taraph messenger ke aage heavens jao jiska arz aasman aur zamin ke arz ke barabar hai jo un logon ke lie taiyar ki gayi hai jo lord par aur uske rasoolon par eeman lae hain ye lord ka great hai jise chahe ata kare aur lord ka great v ram to bahut bara hai
2676,"ata jel ke inmates ko nimnlikhit facilities prdan karne ka decision liya gayaa
",neutral,1,ata jel ke inmates ko nimnlikhit facilities prdan karne ka decision liya gayaa
2677,"mrityu se do din poorv unhonne apne disciples ko others ki unka pains days calm hai aur ve days rahat mahsoos kar rahe hain.
",positive,2,mrityu se do din poorv unhonne apne disciples ko others ki unka pains days calm hai aur ve days rahat mahsoos kar rahe hain
2678,"unhonne enaaeeephem ko is siddhant ko chunne ke lie badhaee motto thi.
",neutral,1,unhonne enaaeeephem ko is siddhant ko chunne ke lie badhaee motto thi
2679,"ve accept karte hain ki ve ek doosre par directly dekh pata hai.
",positive,2,ve accept karte hain ki ve ek doosre par directly dekh pata hai
2680,"is prkar is vital sector men inadequate se action karne ki necessity par koee dhyan nahin diya gaya
",positive,2,is prkar is vital sector men inadequate se action karne ki necessity par koee dhyan nahin diya gaya
2681,"kjm khan lahaur ka nivasi ne thos suvarn kalash nirmit kiya.
",neutral,1,kjm khan lahaur ka nivasi ne thos suvarn kalash nirmit kiya
2682,"nahi, vo udhar nahi tha
",neutral,1,nahi vo udhar nahi tha
2683,"sabunikaran ya sabunibhavan ka shabdik arth soap making hai
",neutral,1,sabunikaran ya sabunibhavan ka shabdik arth soap making hai
2684,"flies infected persons se healthy persons men diseases phailati hain.
",negative,0,flies infected persons se healthy persons men diseases phailati hain
2685,"ham jo hain vahi bane remaining vah nahin ban sakte jo ki ham banna chahte hain.
",neutral,1,ham jo hain vahi bane remaining vah nahin ban sakte jo ki ham banna chahte hain
2686,"doppler radar ka upyog aam taur par police radar systems men kiya jata hai, iske sath hi iska istemal velocity of hurricanes ko mapne ke lie bhi kiya jata hai
",neutral,1,doppler radar ka upyog aam taur par police radar systems men kiya jata hai iske sath hi iska istemal velocity of hurricanes ko mapne ke lie bhi kiya jata hai
2687,"anukooli taknik men anek utpad, upakaran ya upaskar hain, jinmen bari kunji vale kunjipatal, alternative input devices, jaise-sparsh skrin pradarsh, speech recognition programs, tatha text reader etc shamil hain
",positive,2,anukooli taknik men anek utpad upakaran ya upaskar hain jinmen bari kunji vale kunjipatal alternative input devices jaisesparsh skrin pradarsh speech recognition programs tatha text reader etc shamil hain
2688,"isi halat make uska vivah ho jata hai aur patni ghar men le aata married
",neutral,1,isi halat make uska vivah ho jata hai aur patni ghar men le aata married
2689,"aesi courts men nyay pane ki ummid ki ja sakti hai
",positive,2,aesi courts men nyay pane ki ummid ki ja sakti hai
2690,"kya tum khud bilkul bhi superstitious nahin ho
",neutral,1,kya tum khud bilkul bhi superstitious nahin ho
2691,"lakshy tatha unke virooddh kary sampadan ke sndarbh men snkhyatmak anupat.
",neutral,1,lakshy tatha unke virooddh kary sampadan ke sndarbh men snkhyatmak anupat
2692,"is pustak ke writer ki october monograph men , leningrad men , lola se , unke ghar par bhent huee.
",neutral,1,is pustak ke writer ki october monograph men leningrad men lola se unke ghar par bhent huee
2693,"danger in financial upasthit aakasmik sudden state
",negative,0,danger in financial upasthit aakasmik sudden state
2694,"isse company ki dividend policy ko sthirta milti hai.
",positive,2,isse company ki dividend policy ko sthirta milti hai
2695,"yadi council ke samjhote men koee anything aapko samajh nahin aati , to aa kaunsil ko poonchhe.
",positive,2,yadi council ke samjhote men koee anything aapko samajh nahin aati to aa kaunsil ko poonchhe
2696,"unke spokesman monsignor paul kakkassery ne kaha bhi ,   hamne hamesha udf ka samarthan kiya haiislie hamen aese lagon ko manonit karne ka right hai jinke bare men hamara manna hai ki ve hamari madad karenge
",positive,2,unke spokesman monsignor paul kakkassery ne kaha bhi hamne hamesha udf ka samarthan kiya haiislie hamen aese lagon ko manonit karne ka right hai jinke bare men hamara manna hai ki ve hamari madad karenge
2697,"hyderabad raksha-kanoonon jo rule raksha-kanoonon ke jaise hi hai ki dhara-58 1 ke paragraph powers dvara unmen nijam men nihit sattaon ka amal karke yah aadesh diya jata hai ki koee bhi person kisi bhi public defence men vidhivat kisi foreign ke exercise ko n to phahrayega aur n use salute dega.
",positive,2,hyderabad rakshakanoonon jo rule rakshakanoonon ke jaise hi hai ki dhara ke paragraph powers dvara unmen nijam men nihit sattaon ka amal karke yah aadesh diya jata hai ki koee bhi person kisi bhi public defence men vidhivat kisi foreign ke exercise ko n to phahrayega aur n use salute dega
2698,"shgs sahayta samooh ke lie special schemes aur women ko sashakt banana
",positive,2,shgs sahayta samooh ke lie special schemes aur women ko sashakt banana
2699,"kisi mamle men arbitration ki process jo law anivary roop se palan karni hogi.
",neutral,1,kisi mamle men arbitration ki process jo law anivary roop se palan karni hogi
2700,"aur  plan rasool  jo let unbelief ki  madad  men pesh dmi kar jate hain unki least se tum grieve n hereafter kyonki ye let uda ko kuchh zarar nahin pahuncha sakte  balki  uda to ye chahta hai ki aaerat men unka portion n rar de aur unke lie severe  sakht  azab hai
",negative,0,aur plan rasool jo let unbelief ki madad men pesh dmi kar jate hain unki least se tum grieve n hereafter kyonki ye let uda ko kuchh zarar nahin pahuncha sakte balki uda to ye chahta hai ki aaerat men unka portion n rar de aur unke lie severe sakht azab hai
2701,", behalf vahan mere sthan par kaun jhirkie khayega
",neutral,1,behalf vahan mere sthan par kaun jhirkie khayega
2702,"extant colophons snket deti hai ki parivadini tntriyukt lute ki art ya vidya parivadini kisi votaries dvara prtipadit ki gee thi aur ek great saiva ya parammaheshvar king aur notations ke disciple dvara shaukinon ke benefit ke lie utkirn karvaee gee thi.
",positive,2,extant colophons snket deti hai ki parivadini tntriyukt lute ki art ya vidya parivadini kisi votaries dvara prtipadit ki gee thi aur ek great saiva ya parammaheshvar king aur notations ke disciple dvara shaukinon ke benefit ke lie utkirn karvaee gee thi
2703,"main is avasar par mahamhim ki kushalta tatha sent vinsent evn grendin ki mitr janta ki nirntar pragti aur samriddhi ke lie apni meri shubhkamnaen deta hoon.
",positive,2,main is avasar par mahamhim ki kushalta tatha sent vinsent evn grendin ki mitr janta ki nirntar pragti aur samriddhi ke lie apni meri shubhkamnaen deta hoon
2704,"extension instl kie jane ki occurrences
",neutral,1,extension instl kie jane ki occurrences
2705,"finance bill 29 march 2000 ko prkashit kiya gaya tha.
",neutral,1,finance bill march ko prkashit kiya gaya tha
2706,"phir hamne bai logon ko tabah v barbad kar diya
",negative,0,phir hamne bai logon ko tabah v barbad kar diya
2707,"mountain baiken  external website jo ek new vindon men khulti hain
",neutral,1,mountain baiken external website jo ek new vindon men khulti hain
2708,"true agar yah printer PDF accept kar sakta hai
",positive,2,true agar yah printer pdf accept kar sakta hai
2709,"education mntralay nimnlikhit vishay men karrvaee karen--
",neutral,1,education mntralay nimnlikhit vishay men karrvaee karen
2710,"141 kradhan laws snshodhan act, 1970 dvara 141971 se omitted kiya gaya.
",neutral,1,kradhan laws snshodhan act dvara se omitted kiya gaya
2711,"reserve bank ne bataya hai ki company ne apne board mndal level par resolutions parit fiis hain aur shareholders dvara ek special resolutions parit kiya gaya hai jismen ephaaeeaaeeaarephpiaaee dvara iske equity sheyron aur convertible debentures ki purchase ki limit men vriddhi karne par sahamti bani hai.
",positive,2,reserve bank ne bataya hai ki company ne apne board mndal level par resolutions parit fiis hain aur shareholders dvara ek special resolutions parit kiya gaya hai jismen ephaaeeaaeeaarephpiaaee dvara iske equity sheyron aur convertible debentures ki purchase ki limit men vriddhi karne par sahamti bani hai
2712,"aur aesa karte hue hamen keval samaj aur desh ki term strength ko dhyan men rakhna hai balki alpkalik jaroorton ko bhi dekhna hai jinki andekhi nahin ki ja sakti.
",positive,2,aur aesa karte hue hamen keval samaj aur desh ki term strength ko dhyan men rakhna hai balki alpkalik jaroorton ko bhi dekhna hai jinki andekhi nahin ki ja sakti
2713,"application  1 chala nahin saka
",neutral,1,application chala nahin saka
2714,"mubarak ham reward the doers hi badla diya karte hain
",positive,2,mubarak ham reward the doers hi badla diya karte hain
2715,"bi se ee tak ki rekha ke follow follow the line,
",neutral,1,bi se ee tak ki rekha ke follow follow the line
2716,"short men , ab anjuman dvara sthapit school men apne sons ke bhejne ka unka mood ho gaya.
",neutral,1,short men ab anjuman dvara sthapit school men apne sons ke bhejne ka unka mood ho gaya
2717,"aur youths ke lie  naujvan own unke aas pas chakkar lagaya karenge vah  pearls v jamal men  goya ehtiyat se rakhe hue moti hain
",neutral,1,aur youths ke lie naujvan own unke aas pas chakkar lagaya karenge vah pearls v jamal men goya ehtiyat se rakhe hue moti hain
2718,"kam younger ki women bhi parde ke pichhe se sootrdhar bani rahti hain.
",neutral,1,kam younger ki women bhi parde ke pichhe se sootrdhar bani rahti hain
2719,"fact , reddit pe kisi nen thought ,
",neutral,1,fact reddit pe kisi nen thought
2720,"tank se collectors tak water ki dhara ka circulation hot aur thnde water ke ghanatv men difference  tharmosaiphan effect  ke karan hamesha svchalit dhng se bana rahta hai.
",neutral,1,tank se collectors tak water ki dhara ka circulation hot aur thnde water ke ghanatv men difference tharmosaiphan effect ke karan hamesha svchalit dhng se bana rahta hai
2721,"to jab eye chaundhiya jaegi ,
",neutral,1,to jab eye chaundhiya jaegi
2722,"madyool, ek snchika hoti hai, jismen ya to srot code or machine bhasha ke roop men anudesh nihit hote hain.
",neutral,1,madyool ek snchika hoti hai jismen ya to srot code or machine bhasha ke roop men anudesh nihit hote hain
2723,"necessary construction v pollution utpann noise -dooshan ko kam se kam karne ke lie control aऑph ppyooleshan aekt 1974 ke sekshan 60 ke antaragat local athriti ko authority hai ki vah work kis way kie jae is bare men vishesh nirdesh de
",positive,2,necessary construction v pollution utpann noise dooshan ko kam se kam karne ke lie control aph ppyooleshan aekt ke sekshan ke antaragat local athriti ko authority hai ki vah work kis way kie jae is bare men vishesh nirdesh de
2724,"choonki most producer sngathan stage nascent men hain , ata unka mukhy focus production aur kuchh extent tak sngrahan par hai
",neutral,1,choonki most producer sngathan stage nascent men hain ata unka mukhy focus production aur kuchh extent tak sngrahan par hai
2725,"knpni ki uchit tatha sthathyi snvriddhi ke lie ek prbhavpoorn regulatory and legal framework is indispensable
",positive,2,knpni ki uchit tatha sthathyi snvriddhi ke lie ek prbhavpoorn regulatory and legal framework is indispensable
2726,"jo bhi i sath chalta hai uski life aur death i hathon men hoti hai .
",negative,0,jo bhi i sath chalta hai uski life aur death i hathon men hoti hai
2727,"sahyukt ya sarat identical trade marks
",neutral,1,sahyukt ya sarat identical trade marks
2728,"ab unke  hinduon ke  literature se is subject aur other nations ke testimonies theories ke snbndh men kuchh clear sakshy prastut karna hamara duty ho jata hai
",positive,2,ab unke hinduon ke literature se is subject aur other nations ke testimonies theories ke snbndh men kuchh clear sakshy prastut karna hamara duty ho jata hai
2729,"aur taki ve log jinhen jnjan mila hai, jan len ki yah tumhare rab ki or se saty hai. ata ve isapar eeman laen aur uske samne unke hearts be humble aur nishchay hi allah eeman lanevalon ko avashy sidha marg dikhata hai
",positive,2,aur taki ve log jinhen jnjan mila hai jan len ki yah tumhare rab ki or se saty hai ata ve isapar eeman laen aur uske samne unke hearts be humble aur nishchay hi allah eeman lanevalon ko avashy sidha marg dikhata hai
2730,"athva basav ki look sunen , root per ka mouth hai , root ko sincho aur dekho vah top par hara-bhra ho jata hai.
",positive,2,athva basav ki look sunen root per ka mouth hai root ko sincho aur dekho vah top par harabhra ho jata hai
2731,"old pahle ki boy kuchh javab deta ek butterfly un donon ke bich aakar apne par pharapharane lagi.
",neutral,1,old pahle ki boy kuchh javab deta ek butterfly un donon ke bich aakar apne par pharapharane lagi
2732,"skydome fallback bottom ke talavarti color stop ke lie pryog ka color
",negative,0,skydome fallback bottom ke talavarti color stop ke lie pryog ka color
2733,"jatiy bhaeechara aur samprdayik mel milap indian society ke aadhar hai.
",neutral,1,jatiy bhaeechara aur samprdayik mel milap indian society ke aadhar hai
2734,"avicharshilta hamari enemy hai. yah darshan hai
",negative,0,avicharshilta hamari enemy hai yah darshan hai
2735,"more jankari ke lie source http :   commerce  orissa  gov  orissa  commerce  26transport
",neutral,1,more jankari ke lie source http commerce orissa gov orissa commerce transport
2736,"problems  1 ko file  2 men lagoo karne men samasyaen hain
",negative,0,problems ko file men lagoo karne men samasyaen hain
2737,"ab i nahin pata ki vo mere sath khilvar kar rahi hain ya nahin ,
",neutral,1,ab i nahin pata ki vo mere sath khilvar kar rahi hain ya nahin
2738,"padhya aur brahmbhatt ne poori koshish karke facts lake aur satellite se khinchi gee pictures pesh ki , jinse vahan jhil hone ki pushti hoti thi
",neutral,1,padhya aur brahmbhatt ne poori koshish karke facts lake aur satellite se khinchi gee pictures pesh ki jinse vahan jhil hone ki pushti hoti thi
2739,"vah early sixties ke dashak men aarnbh apne political career se shri ghosh ka sneh aur sadbhavna prapt karte rahe.
",positive,2,vah early sixties ke dashak men aarnbh apne political career se shri ghosh ka sneh aur sadbhavna prapt karte rahe
2740,"bad men , recommendations bhi bihar state dvara svikar kar li gayi hain
",positive,2,bad men recommendations bhi bihar state dvara svikar kar li gayi hain
2741,"ata preventive point se unke offences merit se merit punishment ki mang karte hain
",negative,0,ata preventive point se unke offences merit se merit punishment ki mang karte hain
2742,"aur ye kuchh khuda ke vaste difficult nahin
",positive,2,aur ye kuchh khuda ke vaste difficult nahin
2743,"twenty century ki shuruaat men nepal men maoist ka aandolan tej hota gaya.
",negative,0,twenty century ki shuruaat men nepal men maoist ka aandolan tej hota gaya
2744,"in baton ka koee matalab n hota agar bhasmasoor ek good demon hota aur sabse mitrta rakhta.
",positive,2,in baton ka koee matalab n hota agar bhasmasoor ek good demon hota aur sabse mitrta rakhta
2745,"usi nagar shreni ka ek dvital aur islie ashtang ya ashtavarg, square from base tak vargakar viman, facing east valaiyankuttee rath ke roop men dekha ja sakta hai.
",neutral,1,usi nagar shreni ka ek dvital aur islie ashtang ya ashtavarg square from base tak vargakar viman facing east valaiyankuttee rath ke roop men dekha ja sakta hai
2746,"kuchh abhiyogiyon ne, jinhonne raj ke declared open war ki ghoshna ki thi, apne sath political prisoners ki jagah par aam apradhiyon jaisa vyavhar kiye jane ka virodh kiya.
",negative,0,kuchh abhiyogiyon ne jinhonne raj ke declared open war ki ghoshna ki thi apne sath political prisoners ki jagah par aam apradhiyon jaisa vyavhar kiye jane ka virodh kiya
2747,"rishi srink ek risi ki love
",positive,2,rishi srink ek risi ki love
2748,"hab proteins ki predict hetu web server
",neutral,1,hab proteins ki predict hetu web server
2749,"4k  poornta poort ya religious charitable ke lie ya bhagta aese purposes ke lie trust ya other legal badhyta ke sections dharit property se udbhoot receipt , ya clause 2 ke part  24  ke iia  iik  men nirdisht voluntary contributions ke form men receipt prapt karne vala har person , yadi vah sakal receipt , jiski babat vah representative nirdhariti ke form men assessable hai ,  is charitable ke lie sakal receipt clause 11 aur 12 ke upbndhon ko year kie bina is act ke sections sngnit ki jaegi  us maximum amount se adhik hai jo aay-kar se chargeable nahin hai , to such prroop men aur such manner men satyapit karke aur forth other particulars dete hue , jo such ki jaen , poorvavarsh ki forth receipt ki vivarni dega aur is act ke sabhi upbndh , yathashaky , is prkar year honge mano vah updhara  1  ke sections die jane ke lie apekshit vivarni ho.
",positive,2,k poornta poort ya religious charitable ke lie ya bhagta aese purposes ke lie trust ya other legal badhyta ke sections dharit property se udbhoot receipt ya clause ke part ke iia iik men nirdisht voluntary contributions ke form men receipt prapt karne vala har person yadi vah sakal receipt jiski babat vah representative nirdhariti ke form men assessable hai is charitable ke lie sakal receipt clause aur ke upbndhon ko year kie bina is act ke sections sngnit ki jaegi us maximum amount se adhik hai jo aaykar se chargeable nahin hai to such prroop men aur such manner men satyapit karke aur forth other particulars dete hue jo such ki jaen poorvavarsh ki forth receipt ki vivarni dega aur is act ke sabhi upbndh yathashaky is prkar year honge mano vah updhara ke sections die jane ke lie apekshit vivarni ho
2750,"pitchblende  pichablend aur other uranium ores
",neutral,1,pitchblende pichablend aur other uranium ores
2751,"ye pariyojnaen injiniyron ke outstanding karname hain.
",positive,2,ye pariyojnaen injiniyron ke outstanding karname hain
2752,"batata hai ki koee trailing zeroes jiske bad snkhya bindu ko pradarshan man men dikhaya jana chahie
",positive,2,batata hai ki koee trailing zeroes jiske bad snkhya bindu ko pradarshan man men dikhaya jana chahie
2753,"tour operators ki pustkaon ya invaeesez men aabhtha  aassochiation ong bhritish thrvel aagents  ya aaeethau  aassochiation ong eendependent thour aupertors  ki talash kijie
",neutral,1,tour operators ki pustkaon ya invaeesez men aabhtha aassochiation ong bhritish thrvel aagents ya aaeethau aassochiation ong eendependent thour aupertors ki talash kijie
2754,"aur piyoge bhi to thirsty camels ka way  dag daga ke  pina
",neutral,1,aur piyoge bhi to thirsty camels ka way dag daga ke pina
2755,"rajiv gandhi advocate training hetu  karna
",neutral,1,rajiv gandhi advocate training hetu karna
2756,"vishisht gallery passes for gallery jari karen.
",positive,2,vishisht gallery passes for gallery jari karen
2757,"such aesi file mat ne  _ ver
",neutral,1,such aesi file mat ne ver
2758,"mndap ke oopar ke kutas and salas aadital ke oopar ke kooton aur shalaon se chhote hain jo ki samany hai.
",neutral,1,mndap ke oopar ke kutas and salas aadital ke oopar ke kooton aur shalaon se chhote hain jo ki samany hai
2759,"ratke lagabhag night ya 12 bajen yah meeting huee.
",neutral,1,ratke lagabhag night ya bajen yah meeting huee
2760,"yah bahut right hai ki jo cause hamen dear hai , usko poora karne ke lie advancement apni poori strength laga den.
",positive,2,yah bahut right hai ki jo cause hamen dear hai usko poora karne ke lie advancement apni poori strength laga den
2761,"large size men polar ki barph pighalne se oceans men indonesia ka star ba lrb  jisse land ka kaphi bara bhoo-bhag ismen doob lrb  china , egypt , indoneshiya , bangladesh aur west bengal ke lie yah threat mndra raha hai
",negative,0,large size men polar ki barph pighalne se oceans men indonesia ka star ba lrb jisse land ka kaphi bara bhoobhag ismen doob lrb china egypt indoneshiya bangladesh aur west bengal ke lie yah threat mndra raha hai
2762,"yahi chakr lead into gold bana deta hai , aur sone ko dharti men vapis samavesh kara deta hai .
",neutral,1,yahi chakr lead into gold bana deta hai aur sone ko dharti men vapis samavesh kara deta hai
2763,"president ne kaha ki north parvtiy university ne north centre men population ke empowerment ke kendr ke roop men kam kiya people unhonne student men 1:1 ke purush mahila ratio ke sath laingik parity par tatha is bat par happiness vyakt ki ki women ne purushon ko ausat se pichhe chhor diya people
",positive,2,president ne kaha ki north parvtiy university ne north centre men population ke empowerment ke kendr ke roop men kam kiya people unhonne student men ke purush mahila ratio ke sath laingik parity par tatha is bat par happiness vyakt ki ki women ne purushon ko ausat se pichhe chhor diya people
2764,"bahut snbhav hai ki vaylin ka gaj bhi ek chhari ko doosri chhari par scraping one rod vali samany jivan ki kriya ka hi viksit roop ho
",positive,2,bahut snbhav hai ki vaylin ka gaj bhi ek chhari ko doosri chhari par scraping one rod vali samany jivan ki kriya ka hi viksit roop ho
2765,"vastav men sardar ka pad jitnevale vnshon ya parivaron ko hindoo rajnitik vyavastha men aasani se kshatriyon ya rajpooton ke roop men svikar kar liya jata tha.
",positive,2,vastav men sardar ka pad jitnevale vnshon ya parivaron ko hindoo rajnitik vyavastha men aasani se kshatriyon ya rajpooton ke roop men svikar kar liya jata tha
